api_response_time_ms,monthly_ip_variation,avg_network_latency,unique_active_devices,days_since_app_update,internal_engagement_score,nps_satisfaction_score,monthly_usage_frequency,open_support_tickets,promotional_discount_pct,current_subscription_tier,customer_age,declared_income,virtual_wallet_balance,email_open_rate,newsletter_clicks,historical_purchases,account_age_days,payment_method,assigned_server_region,subscription_status
18.61512744419849,7.0,30.069943706202466,8,7,22.60611784218779,2,20,1,0,1.0,55,50058.41,31.7,29.800941386895285,3,5,533,Bank Transfer,Region_16,0
57.21421490464667,,109.41078630435415,8,16,79.15427438474347,10,91,0,10,2.0,21,62994.41,104.73,42.1986969624568,6,2,561,PayPal,Region_39,2
32.24708750626012,7.0,55.214022811975454,7,10,74.51459225087642,10,43,0,5,1.0,20,52248.29,16.54,14.623550662765455,2,1,106,Credit Card,Region_11,1
7.054161423508579,2.0,13.777964894078963,3,14,20.28216645694034,1,59,0,10,1.0,56,34111.91,0.0,12.529304405097703,0,2,562,Bank Transfer,Region_14,0
19.782102091939223,1.0,32.64879644141127,3,8,70.39564204183878,0,70,3,0,2.0,24,49210.62,0.0,20.658355718419497,1,1,1936,PayPal,Region_07,0
13.524464255078588,1.0,15.946613367359163,1,3,70.27048928510158,2,30,2,0,3.0,33,21978.82,0.0,12.897243192534255,1,0,332,PayPal,Region_25,0
10.509600201031386,1.0,19.908406328316303,2,9,70.21019200402063,10,86,0,0,2.0,40,25746.01,74.44,38.30021592573325,1,1,1852,Bank Transfer,Region_11,0
25.980737211001127,1.0,52.34116644993229,1,15,70.51961474422002,2,12,0,10,5.0,27,31563.03,43.74,33.13056471932568,3,3,1894,PayPal,Region_33,1
12.055318198426306,3.0,21.38929849820373,4,8,20.72331909190558,8,44,3,5,1.0,29,46170.29,0.0,31.240611816804858,1,6,247,Bank Transfer,Region_32,1
28.88900649328045,,44.591918871623676,4,1,72.31112051946243,1,99,0,0,3.0,58,55363.2,89.52,22.556813781642067,1,3,1561,Bank Transfer,Region_20,1
8.070790208259453,1.0,15.072775290119091,5,9,20.161415804165188,1,1,0,0,1.0,18,54237.3,449.16,2.4187499030224413,0,4,55,Bank Transfer,Region_04,0
26.021728112669035,10.0,43.0593536595773,8,9,75.20434562253381,8,33,2,20,1.0,40,56919.15,17.79,13.875991105374528,2,2,174,PayPal,Region_37,2
13.343859620476673,5.0,10.921421900629202,5,8,21.334385962047666,2,68,2,0,1.0,33,51772.34,76.81,53.08408858090745,4,1,990,Credit Card,Region_33,1
19.012094893771685,4.0,33.81735220017133,4,9,71.52096759150173,9,65,0,0,1.0,52,58150.94,322.33,36.14993266555906,3,2,373,Crypto,Region_22,0
9.471569643595885,2.0,19.637246327912756,2,10,20.378862785743834,1,61,0,0,2.0,25,72391.45,403.49,26.946187451502762,4,4,967,Crypto,Region_36,0
22.499454938617216,3.0,46.387546280170575,2,15,71.34996729631703,2,46,0,0,,22,38832.61,0.0,14.93674681808711,1,1,1622,Crypto,Region_01,0
9.832364208756456,3.0,26.482529275572325,2,16,20.58994185252539,0,97,0,0,1.0,25,49332.16,0.0,24.33394018362224,1,6,1495,Crypto,Region_07,0
6.153720245906375,2.0,14.331374829564023,1,26,20.246148809836257,1,1,0,0,4.0,32,64540.72,28.77,72.22907427593152,9,2,301,Bank Transfer,Region_08,0
7.794280722364094,3.0,18.69754234328334,4,13,70.46765684334184,8,83,0,5,1.0,18,52084.86,0.0,33.94743451342103,1,2,1106,Bank Transfer,Region_08,0
19.971867293778946,1.0,29.52653387841177,2,9,20.39943734587558,1,71,3,10,5.0,35,80622.98,7.22,9.4079472924891,0,3,750,Credit Card,Region_26,0
23.04942282099716,3.0,49.59809008552616,6,16,21.38296536925983,8,86,1,10,1.0,48,57636.56,101.56,19.372719651099597,0,0,1289,Crypto,Region_24,1
9.783380526268616,,23.94688585514126,2,16,70.39133522105074,0,36,2,0,4.0,33,47459.26,59.86,43.06471426413301,2,0,706,PayPal,Region_27,0
12.987758894311431,4.0,21.54238858492796,6,8,71.03902071154492,2,79,0,10,2.0,26,41637.43,0.0,1.3932793407549058,0,3,1680,Credit Card,Region_20,0
14.890346163335433,2.0,30.210923720442995,4,15,70.59561384653341,8,85,5,0,4.0,34,58385.61,0.0,35.69257667244028,1,1,368,Crypto,Region_40,0
190.4795080244003,2.0,37.19165236163511,4,13,20.7619180320976,8,62,2,95,2.0,25,75126.96,0.0,29.20067250599937,3,1,1741,PayPal,Region_03,0
43.78974650672352,4.0,86.17261126485431,5,2,73.50317972053789,10,55,0,0,3.0,42,66196.41,0.0,36.2144851747219,2,2,1996,PayPal,Region_07,1
10.5496484984479,2.0,18.2338284364068,3,10,20.421985939937915,0,45,0,50,1.0,32,59726.74,73.97,35.83461558300052,0,1,300,Bank Transfer,Region_11,0
7.167672070745629,1.0,9.170646538842075,3,16,20.143353441414913,9,62,0,10,2.0,43,36662.28,67.93,50.91178339606398,8,3,1153,PayPal,Region_31,0
10.32547286179227,2.0,16.135859302919368,2,21,70.41301891447169,1,7,0,5,1.0,37,56081.92,0.0,8.873278055159336,1,2,1595,Bank Transfer,Region_39,0
13.519217647524707,3.0,28.81857168236381,4,16,70.81115305885149,10,54,0,5,2.0,58,26036.27,56.44,43.52826308814244,1,1,429,PayPal,Region_38,0
16.684771705919548,2.0,20.43323701994352,3,8,70.66739086823678,9,42,0,0,1.0,43,68948.63,246.99,24.66358139610665,2,2,532,Credit Card,Region_18,1
8.307341434560831,3.0,1.0,3,11,70.49844048607365,1,89,0,10,5.0,24,58505.18,191.34,6.478359912082459,0,2,1074,PayPal,Region_19,0
13.978426161680087,3.0,29.63241212586405,4,16,70.8387055697008,0,22,2,50,,30,92100.0,170.1,57.62962921143456,6,3,1099,Credit Card,Region_23,0
43.83966755079401,10.0,80.28542891220572,9,0,78.7679335101588,0,15,1,5,1.0,25,66154.39,32.47,43.79712576955051,6,5,1995,PayPal,Region_26,2
45.29147378759487,8.0,81.61696949918665,6,8,27.246635806015178,9,84,0,50,1.0,18,69295.49,419.63,8.971986123525614,1,3,611,Crypto,Region_08,2
18.11249200284709,3.0,26.07475246518248,4,18,21.086749520170827,0,51,0,0,2.0,31,71050.79,74.27,23.74186811287702,1,2,1329,Crypto,Region_15,1
11.109934569693646,2.0,11.448433402472123,1,15,20.444397382787745,2,92,1,10,1.0,33,57365.93,0.0,37.1013524420577,1,1,481,Credit Card,Region_28,0
8.41744840289985,1.0,11.978761707728804,1,10,20.168348968057998,9,53,0,10,1.0,21,55723.92,183.87,17.44844762642161,2,3,2008,PayPal,Region_13,0
35.02560496496976,7.0,64.85456443379397,6,4,74.90358469509576,8,83,1,0,1.0,42,68557.01,200.19,11.916282476514843,2,6,1058,PayPal,Region_40,1
18.432211036106917,1.0,30.249201301156425,3,15,20.36864422072214,8,75,2,0,1.0,52,59551.57,122.35,22.933373734974385,0,7,1785,Bank Transfer,Region_03,0
5.821307280161169,2.0,14.978854105500215,4,16,70.23285229120644,0,36,0,20,2.0,37,59102.05,19.09,17.79408529688203,0,3,1541,Credit Card,Region_23,0
8.399697186077892,,10.349158224838746,4,13,70.50398183116468,0,89,0,10,1.0,50,79058.85,317.06,61.43358029584115,7,3,1468,Credit Card,Region_12,0
6.695182902003797,2.0,9.454603857808916,3,17,70.26780731608015,1,66,0,15,4.0,27,50186.24,51.12,16.16955010227009,0,3,1753,PayPal,Region_22,0
34.46658921432957,13.0,65.55586585921506,10,11,78.9613131957257,9,17,2,10,1.0,35,72247.54,0.0,45.88467164338624,5,5,669,Bank Transfer,Region_35,2
11.782611136223101,1.0,19.32412496277875,3,13,20.23565222272446,10,58,1,10,1.0,38,77591.86,210.09,22.046822944889247,2,4,1739,Crypto,Region_03,0
13.737672989058451,5.0,23.09106157869223,5,6,71.37376729890585,9,0,3,0,2.0,35,57110.78,0.0,38.746958849538245,6,3,983,Credit Card,Region_33,1
8.425443154113482,1.0,11.948355409160206,2,9,70.16850886308227,2,18,0,10,1.0,18,74316.33,0.82,21.574181032291026,3,5,811,PayPal,Region_27,0
8.15325350913769,1.0,10.531152612433601,2,18,70.16306507018275,8,12,4,0,1.0,27,26029.99,0.0,58.629249203706365,9,2,1193,Credit Card,Region_26,0
13.235557153352492,3.0,25.594889645515533,4,15,70.79413342920115,8,32,1,5,1.0,23,46302.13,27.97,22.388917091742393,4,2,1553,PayPal,Region_04,0
12.525138876010649,1.0,24.963781450042294,4,14,20.250502777520214,2,93,0,20,1.0,33,64489.14,0.0,25.06045098507425,2,3,1191,Bank Transfer,Region_10,0
33.49194555286726,8.0,61.42124418291748,8,7,25.35871128845876,1,21,0,50,1.0,21,62939.37,0.0,37.96952745837579,1,7,1574,Credit Card,Region_30,2
26.330510157842994,1.0,44.314000256350184,1,13,70.52661020315686,2,26,1,10,3.0,35,50795.36,0.0,38.12295280549336,6,4,1296,Bank Transfer,Region_30,1
35.92121134092567,9.0,63.65072091409935,7,8,76.46581804136662,1,49,0,0,2.0,29,50849.72,234.88,14.937159008435577,2,2,1992,Credit Card,Region_28,2
22.00650201588148,3.0,47.59137754569255,3,17,21.32039012095289,1,76,2,0,1.0,32,35009.18,35.05,16.932800378126753,0,1,767,Crypto,Region_15,1
23.792748184551034,2.0,35.721529846694025,3,6,70.95170992738204,10,71,4,0,1.0,33,56798.15,11.41,28.075187383214796,3,3,1924,Crypto,Region_37,0
76.41541330970509,10.0,146.97720035961234,9,28,35.283082661941016,1,52,0,5,1.0,25,35834.69,0.0,15.004999947529576,1,1,1090,Crypto,Region_19,2
7.243956284097168,3.0,13.537720541962637,5,14,70.43463737704583,0,59,3,20,2.0,37,42127.51,0.0,45.46865945703992,2,2,1930,Bank Transfer,Region_23,0
16.97756840496165,3.0,29.658991179048453,5,15,71.0186541042977,0,49,0,15,1.0,52,40878.12,0.0,38.062860557925596,5,5,371,Bank Transfer,Region_17,0
16.853504574622583,5.0,35.10319992832903,5,11,21.68535045746226,1,65,1,5,1.0,36,74857.02,83.53,23.18602786551137,1,2,824,Bank Transfer,Region_04,0
7.6959536019990376,1.0,3.5163861383064283,2,15,70.15391907203998,2,82,2,20,1.0,23,55170.65,0.0,1.965172212522799,0,2,1738,PayPal,Region_19,0
16.903336990591775,3.0,37.32760445596395,4,9,21.014200219435505,2,23,1,20,3.0,40,40598.94,396.25,16.756520410556323,0,4,1838,Bank Transfer,Region_01,0
22.537323731196324,1.0,49.85581186089529,3,11,20.450746474623926,2,68,0,0,1.0,27,45216.82,54.21,32.60662518624631,3,3,471,Crypto,Region_36,0
15.658001706980638,2.0,33.62426740986065,3,11,20.626320068279224,0,7,1,5,1.0,46,42766.49,16.46,31.85265513619948,1,4,1920,PayPal,Region_21,1
8.44013979276315,2.0,4.6808247824200855,2,10,20.337605591710528,10,19,0,0,2.0,39,69592.86,207.85,21.576949396339163,1,2,1846,PayPal,Region_07,0
18.30299278678136,3.0,36.76622600520886,3,12,21.09817956720688,1,98,1,0,4.0,33,35907.46,32.35,48.042748889535034,5,3,1078,Crypto,Region_26,0
13.58000002987205,1.0,32.67399284386311,1,13,20.27160000059744,8,65,2,5,2.0,33,37051.58,11.41,10.78477883369991,1,1,931,Credit Card,Region_20,0
15.189289025723903,4.0,35.0544641849818,4,23,71.21514312205791,2,69,0,15,1.0,36,50570.04,107.54,28.795809233070663,0,6,1859,Crypto,Region_02,0
28.113100750155596,8.0,43.5631351141481,8,6,24.498096120024897,10,58,5,10,1.0,21,42431.88,29.62,7.398478588506052,0,2,1990,Bank Transfer,Region_25,1
14.243182459963785,1.0,30.719512585949843,3,8,20.284863649199277,0,79,1,20,4.0,25,45506.93,1.61,49.184765456313364,7,5,666,PayPal,Region_06,0
26.295850437025035,9.0,56.31038280054081,9,11,74.7332530786645,9,46,0,10,4.0,31,34029.71,0.0,2.854918507679536,0,4,1363,Crypto,Region_30,2
37.29752918059499,3.0,67.28288111830109,5,5,72.2378517508357,1,35,5,0,3.0,37,64235.48,7.52,24.071496645053024,3,3,1772,Crypto,Region_37,1
19.449784629526828,4.0,27.74610621919969,3,5,71.55598277036215,2,1,2,0,2.0,47,67971.67,0.23,12.615262466109442,0,4,805,Credit Card,Region_33,0
11.114423757280726,1.0,24.149225726729973,3,6,70.22228847514562,0,63,1,0,2.0,39,63840.01,114.64,6.245730256747201,0,1,196,Bank Transfer,Region_37,0
24.109578750900035,5.0,48.66653159487882,5,6,72.41095787509,9,77,0,15,1.0,34,52995.08,0.0,54.197592288443865,10,1,1471,PayPal,Region_28,1
13.297246702901033,5.0,23.239003243592347,5,9,21.329724670290105,1,37,0,50,2.0,18,63810.47,0.0,37.816775224765976,3,3,257,Credit Card,Region_30,1
30.13544044047115,9.0,48.29017551352895,7,3,25.424379279284807,8,25,3,0,2.0,48,68457.1,0.0,18.956258413577395,1,3,1525,Credit Card,Region_10,1
30.840321600904744,2.0,60.42193930180936,4,8,21.23361286403619,1,19,0,15,2.0,28,63967.05,71.48,13.841722153027114,1,2,1844,PayPal,Region_15,1
11.883175702058178,2.0,17.54567193559593,2,1,20.475327028082326,1,92,0,5,1.0,43,52543.32,0.0,20.45661299086234,3,3,678,PayPal,Region_19,0
19.10101249674171,1.0,36.36855612682943,1,13,20.382020249934833,2,3,0,0,4.0,47,49084.95,52.71,47.41624188110662,1,4,1201,Bank Transfer,Region_12,0
10.658621632478722,2.0,26.97635071352643,3,10,70.42634486529914,10,83,0,50,1.0,40,40657.48,44.06,16.111325316484486,2,8,69,Credit Card,Region_35,0
30.748535600096574,6.0,47.05337359541373,5,7,23.689824272011588,1,87,0,0,4.0,47,79717.38,101.67,18.421498402762655,2,1,311,PayPal,Region_31,1
16.31580491186124,6.0,33.9072688311965,8,14,71.95789658942334,9,64,2,10,1.0,35,47567.31,97.66,35.7832332273215,4,4,569,PayPal,Region_12,1
12.06826330676237,2.0,20.689963800573267,3,15,70.4827305322705,9,88,0,10,1.0,21,52419.57,29.87,18.623272959073592,2,2,1866,PayPal,Region_40,0
11.361816422285123,2.0,19.548003140190346,3,10,70.45447265689141,1,13,1,15,,32,83586.08,5.2,23.987370026602647,1,3,1399,Credit Card,Region_12,0
13.331413516500893,3.0,26.56812650236574,3,15,70.79988481099005,1,34,0,20,4.0,30,45007.38,0.0,40.56531382422553,7,3,1890,Crypto,Region_22,0
10.508550178011069,3.0,15.058470163349138,3,21,20.630513010680666,10,84,6,5,1.0,51,55614.89,0.0,36.08720751557197,6,0,458,Credit Card,Region_26,0
23.275724761458868,4.0,36.02120888598275,7,5,21.86205798091671,9,99,1,10,2.0,54,63737.88,129.67,10.988599787173323,0,3,1058,PayPal,Region_07,1
34.138264066455356,4.0,52.52790145946626,5,13,72.73106112531643,9,51,1,10,3.0,36,36361.79,285.45,33.28952774134456,3,4,1597,Credit Card,Region_03,1
20.600066523876475,6.0,43.23893329007373,4,5,22.472007982865176,2,22,0,0,1.0,31,49222.17,96.16,13.703124470938283,0,1,1461,PayPal,Region_36,1
6.406859156772333,4.0,9.67398555664538,4,21,20.512548732541788,8,19,1,0,1.0,33,54708.1,211.44,62.02088742351679,9,4,170,PayPal,Region_32,0
24.528447383828897,1.0,47.000907352678844,2,6,20.49056894767658,9,89,1,15,2.0,40,40079.41,0.0,24.558294637303348,4,3,1719,Bank Transfer,Region_07,0
42.63099758347364,3.0,74.31063527584428,2,7,72.55785985500842,8,26,0,0,2.0,30,77643.75,0.0,36.634817927599336,3,2,1884,Bank Transfer,Region_16,1
14.6303029454598,3.0,20.52574278495286,2,18,20.877818176727587,8,40,0,10,2.0,60,33429.15,138.54,16.07111282255197,1,3,699,PayPal,Region_36,1
16.052797317719676,1.0,32.15659822159112,3,15,70.32105594635439,9,77,0,0,2.0,18,45940.43,0.0,23.277230707388473,3,3,602,PayPal,Region_23,0
20.061651191421436,6.0,37.7507850131827,5,7,22.40739814297057,10,35,1,0,3.0,24,47998.33,18.61,36.16567415902683,1,4,409,Crypto,Region_13,1
135.36569651109485,1.0,23.181329602059947,3,13,70.27073139302219,10,3,1,95,1.0,36,42440.74,0.0,24.94579345224773,2,1,611,Crypto,Region_08,0
13.704025908581855,2.0,26.17672695265468,3,9,70.54816103634327,2,25,1,10,1.0,34,43211.47,0.0,5.568655427720041,0,1,1922,PayPal,Region_36,0
11.092141447416246,1.0,15.163431824129226,2,5,70.22184282894833,1,39,1,10,1.0,23,45096.81,88.12,10.219100667673127,0,2,980,PayPal,Region_22,0
8.903938738840473,4.0,21.330088602689408,2,15,70.71231509910724,10,79,0,5,3.0,43,59702.4,81.35,16.112466353485026,1,0,1491,Crypto,Region_31,0
9.24223351710223,3.0,23.09799352345639,5,12,20.554534011026135,0,83,0,0,1.0,36,36860.71,0.0,30.952689555114272,4,2,60,Credit Card,Region_38,0
8.44456664367991,1.0,18.99674281530844,2,9,70.1688913328736,1,87,1,10,1.0,41,57862.75,65.16,66.73450118597644,12,2,1825,PayPal,Region_14,0
17.588954445562724,3.0,29.800189206544555,3,18,71.05533726673376,0,73,3,0,4.0,27,60198.41,0.0,21.255550375337602,0,0,188,Credit Card,Region_05,1
11.859493475087458,1.0,21.64382222857447,1,8,20.237189869501748,9,65,8,0,1.0,42,55974.37,2.18,18.416342648779615,0,4,1021,Credit Card,Region_31,0
9.14947045969837,1.0,24.31322906813088,4,15,20.18298940919397,1,72,2,0,2.0,47,45971.28,52.39,28.909155924074792,0,2,848,Crypto,Region_09,0
58.7223748010149,6.0,112.10610572988271,5,23,27.04668497612179,1,81,0,0,2.0,36,53389.91,72.4,17.714909706012776,0,5,76,PayPal,Region_08,2
22.084995960342056,3.0,49.72233818115933,3,9,71.32509975762052,0,93,1,0,1.0,23,52761.18,0.0,15.483420474986282,0,4,897,PayPal,Region_12,0
9.65985563457695,2.0,13.485145875672641,3,10,20.38639422538308,2,2,0,0,1.0,47,33888.37,109.43,22.680951024791685,1,4,792,Credit Card,Region_05,0
26.997973299734074,2.0,44.24529051958567,4,11,71.07991893198937,10,63,1,0,5.0,24,57001.48,420.78,20.525824337971695,1,1,658,PayPal,Region_32,1
14.877857653214377,1.0,27.451995213696428,2,14,70.29755715306429,9,28,0,0,,21,42203.0,49.72,7.896482277683892,0,2,510,Credit Card,Region_34,0
14.714021877639533,1.0,28.51971816623266,1,16,20.29428043755279,9,53,0,10,4.0,44,41908.94,0.0,66.53437782014971,3,1,1220,Credit Card,Region_26,0
12.55830383788657,2.0,21.893501082898013,3,22,70.50233215351547,10,6,1,5,2.0,19,58729.68,35.81,46.035023315594174,5,4,550,Crypto,Region_12,0
16.396583129220026,3.0,27.56542749341902,5,9,70.9837949877532,9,24,2,50,2.0,19,80015.57,145.48,69.97689881126122,9,6,1763,Bank Transfer,Region_33,0
54.2118533523197,8.0,103.9183119483211,8,16,28.673896536371153,1,23,0,20,3.0,64,62642.26,0.0,29.745736993068128,5,5,1686,PayPal,Region_09,2
14.95334515611816,4.0,26.46236082827699,3,5,71.19626761248945,8,42,0,50,2.0,37,23644.57,0.0,18.69040072231014,0,2,1609,Crypto,Region_01,1
34.732033813608986,5.0,56.44160377490456,5,13,73.4732033813609,0,5,0,5,4.0,23,47854.33,0.0,46.484983429741064,0,3,1426,Credit Card,Region_15,1
34.9848928309228,2.0,57.47436166098342,1,11,71.39939571323691,10,14,0,0,1.0,30,59555.25,63.34,12.761375453207554,0,1,77,Crypto,Region_34,1
18.077816128735634,4.0,33.775390657391654,5,10,21.44622529029885,1,78,0,20,2.0,47,51090.15,130.96,13.431682102012537,1,4,1083,PayPal,Region_35,1
12.368774784653507,2.0,37.27705703693475,3,10,20.49475099138614,2,39,0,5,2.0,39,29182.14,161.55,28.03083173337341,3,9,1601,Crypto,Region_27,0
32.24398767322026,6.0,53.15945909307058,5,8,73.86927852078644,2,90,1,10,5.0,18,68892.58,129.58,16.740706424361036,0,2,1908,Bank Transfer,Region_08,1
11.204040499960684,4.0,18.59290255656393,6,14,70.89632323999686,1,60,1,15,4.0,56,63501.45,37.5,18.05659300525751,2,5,809,PayPal,Region_06,0
37.682327542810505,5.0,79.85221345338911,5,5,73.76823275428104,0,20,0,10,1.0,32,45221.72,18.62,6.827567744499927,0,4,1178,Credit Card,Region_22,1
63.152282853847346,6.0,111.25270548773288,6,19,77.57827394246168,10,57,2,10,1.0,30,52786.14,12.7,20.479156955859363,0,2,1788,PayPal,Region_40,1
8.896034244664408,4.0,18.290165846752963,4,14,20.711682739573153,9,95,2,0,2.0,27,53641.14,330.85,24.91189298818599,3,2,1404,Crypto,Region_36,0
7.011713857895197,1.0,22.00063855716751,2,7,20.140234277157905,9,31,6,0,2.0,26,57584.83,0.0,11.355773222649251,2,3,1385,Bank Transfer,Region_13,0
13.7567200859096,2.0,20.00470275011817,3,7,70.55026880343638,8,11,1,5,3.0,42,59194.7,58.14,31.974770129620705,5,2,1552,Crypto,Region_11,0
16.25864881649854,4.0,27.719266759589566,4,8,21.300691905319884,10,8,0,10,1.0,42,45945.36,0.0,19.849702766421352,0,6,1790,Credit Card,Region_13,0
22.36849398955309,2.0,37.84145951302286,4,18,20.894739759582123,1,19,1,20,4.0,36,52765.41,158.38,16.717199087466092,3,4,102,PayPal,Region_07,1
43.87322676375631,3.0,71.38233135992539,3,7,72.63239360582538,8,14,1,15,,19,69054.79,80.55,42.72248288076929,3,3,94,Crypto,Region_31,1
71.31757374270212,1.0,20.683993002129515,2,14,70.14263514748541,2,76,6,95,3.0,37,67493.52,19.32,30.107037690108818,3,3,788,Bank Transfer,Region_04,0
16.073427605762824,2.0,26.005147998023755,3,6,70.64293710423051,9,7,1,50,3.0,32,33457.28,321.14,43.817589170205956,3,4,303,Bank Transfer,Region_36,0
9.56064957275999,1.0,12.827940851858523,4,10,70.1912129914552,10,20,0,10,5.0,19,41531.65,188.62,27.032072381812945,4,3,462,Crypto,Region_07,0
24.233868086786753,3.0,41.398793115864045,5,3,21.454032085207206,9,44,0,5,2.0,39,82518.87,13.58,24.489608189291776,3,4,1507,Credit Card,Region_38,0
27.031588896557416,3.0,53.30101703957388,3,13,71.62189533379345,8,88,2,15,3.0,58,60049.26,0.0,17.01653545287492,2,4,77,Credit Card,Region_33,0
8.965082996826233,1.0,16.701617079326624,3,7,70.17930165993653,1,98,0,0,3.0,64,58235.58,0.0,26.98978429743178,1,1,1946,PayPal,Region_11,0
35.87989625119148,9.0,60.625481724992845,8,14,26.458381325214468,8,39,1,0,2.0,57,67905.16,147.75,29.32499178597735,3,4,1922,Crypto,Region_28,2
17.181533181299425,3.0,32.972508950914225,3,13,71.03089199087796,10,93,0,15,2.0,32,26526.17,0.0,18.209864936190105,1,3,482,Bank Transfer,Region_16,0
10.434814254009925,3.0,22.845639145960728,3,13,20.626088855240596,2,94,1,20,4.0,18,22894.07,29.64,32.70123501460017,3,4,298,PayPal,Region_24,0
24.09093220950219,7.0,43.244855037590156,8,15,23.372730509330307,10,5,2,20,1.0,27,48610.25,0.0,21.293682471541786,1,6,1387,Crypto,Region_25,1
12.306842004077568,1.0,20.978510963011328,4,28,20.24613684008155,1,10,6,0,5.0,24,71730.3,64.29,10.518474283898955,0,1,1608,Bank Transfer,Region_26,0
20.74137997599124,,42.41386364869533,7,13,22.903793196638773,10,63,4,0,2.0,50,54812.71,87.63,26.269477914917783,3,4,1625,Bank Transfer,Region_22,2
44.4544425373153,10.0,79.12207033460034,8,6,78.89088850746306,2,41,1,0,1.0,47,51891.78,0.0,29.020551771721408,4,0,1141,PayPal,Region_16,2
9.245240609204293,2.0,24.682390628017842,3,21,20.369809624368173,1,58,0,0,2.0,28,88004.51,0.0,57.65629847476277,10,2,500,Bank Transfer,Region_19,0
10.001657917879852,,14.214809891732173,2,14,20.400066316715193,8,7,0,0,2.0,30,57712.38,0.0,57.330747756066714,11,6,1348,Bank Transfer,Region_11,0
21.703049950568417,1.0,35.160922582219186,2,21,20.43406099901137,0,71,1,0,1.0,29,57475.14,77.13,27.097899117344404,1,1,1380,Credit Card,Region_01,0
7.369849182504737,2.0,8.746744628086798,2,12,70.2947939673002,8,54,2,10,2.0,24,40779.63,239.04,34.281029577993756,0,0,785,Credit Card,Region_31,0
16.865701702917253,6.0,29.16403078180114,6,18,22.02388420435007,1,38,0,0,4.0,50,70761.52,0.0,13.620455995284358,2,2,1716,Crypto,Region_35,0
21.94226812129228,2.0,39.508602925157696,3,10,20.877690724851693,10,50,1,20,5.0,30,52265.44,146.74,54.485066002053784,9,4,1191,Bank Transfer,Region_14,1
10.892733685759797,4.0,12.978741086503566,4,26,70.87141869486078,2,54,3,5,2.0,30,60389.43,0.0,47.27580985162065,1,3,500,Crypto,Region_10,0
16.712363225336397,2.0,30.56604014517644,3,10,70.66849452901346,8,75,1,0,1.0,29,36056.53,172.84,21.13058665950395,0,4,1782,Bank Transfer,Region_03,0
13.95754912525487,1.0,27.950359361888545,3,27,70.2791509825051,1,2,1,15,2.0,39,58964.88,37.06,5.922967849727087,1,2,1205,Crypto,Region_28,0
56.162271109722184,11.0,93.76463022353478,9,19,82.35569964413888,2,42,0,20,1.0,38,38621.03,381.23,30.18176013505513,5,4,1181,Bank Transfer,Region_10,2
17.944324197091163,4.0,29.69392642285967,4,15,21.435545935767294,2,44,4,20,4.0,41,55266.37,169.11,10.078026313125761,0,3,1478,PayPal,Region_26,0
10.670433012462873,1.0,22.044208065278074,2,22,70.21340866024926,2,79,0,5,3.0,19,55071.48,0.44,31.979345668151655,5,2,1453,Crypto,Region_22,0
9.536297488493748,2.0,11.718239149909143,4,10,70.38145189953975,10,90,0,20,1.0,47,69950.16,170.34,24.938201459435227,3,2,792,Crypto,Region_31,0
28.960701473542663,10.0,50.54937004280948,8,14,25.79214029470853,1,15,1,10,2.0,50,50460.72,0.0,20.856594880941813,1,3,1118,Bank Transfer,Region_32,2
8.756845943555296,,21.203240543068517,6,13,20.87568459435553,2,4,1,0,1.0,39,104620.58,86.76,9.968714675448329,0,3,1665,Crypto,Region_36,0
79.80911892126451,2.0,152.63232787390623,2,35,23.19236475685058,2,39,1,5,1.0,35,68151.42,0.0,34.58493162815849,1,3,195,PayPal,Region_07,1
40.36131724311881,5.0,74.8499470938595,5,11,24.03613172431188,8,75,2,5,1.0,24,49341.72,126.44,38.49484480277485,4,5,1689,Credit Card,Region_08,1
7.096276809782438,2.0,11.92703182847032,3,18,20.283851072391297,2,66,2,5,1.0,32,43210.46,13.96,50.27433059311264,3,2,1729,Credit Card,Region_29,0
14.454659470725407,5.0,23.511396944127096,6,15,71.44546594707253,10,98,0,5,2.0,30,46265.56,140.27,27.27279680643322,5,7,564,Bank Transfer,Region_08,1
14.772190969175654,1.0,31.143714238373914,2,9,70.29544381938351,0,44,1,0,5.0,27,52714.63,0.0,46.28220118954501,3,2,1184,PayPal,Region_06,0
30.53598789273057,2.0,60.63181020249338,2,10,21.22143951570922,1,2,6,0,1.0,21,72040.54,0.0,23.20663158157653,0,0,1800,PayPal,Region_25,1
30.555769866758602,5.0,49.21820677457725,4,0,23.05557698667586,2,30,1,5,4.0,21,41970.32,30.62,26.00062841838795,0,4,1495,Crypto,Region_37,1
11.001346589997862,2.0,24.354557941715818,4,18,20.440053863599914,2,23,1,0,1.0,36,54272.16,61.94,49.87264372375474,9,3,1243,PayPal,Region_28,0
11.586241261548508,2.0,17.82000276215621,5,21,20.46344965046194,9,28,2,0,1.0,54,92636.31,167.57,20.4252009566407,2,2,1636,Bank Transfer,Region_32,0
27.970539894733633,3.0,46.049192940759326,4,10,71.67823239368401,8,54,3,0,2.0,49,71958.46,0.0,37.21336460510976,7,1,1542,Credit Card,Region_35,1
12.608323643971863,1.0,21.926761541397212,1,4,70.25216647287944,2,32,0,0,2.0,26,44369.01,17.09,47.32593751643701,8,1,483,Credit Card,Region_13,0
5.0142299030113495,3.0,13.983680038232253,4,19,20.300853794180682,8,50,0,5,1.0,26,87713.04,0.0,48.523801870973216,9,2,1121,Bank Transfer,Region_11,0
11.11260609076493,1.0,21.549717587575234,1,9,20.2222521218153,8,79,2,0,2.0,59,28607.81,156.1,33.72367240017466,6,1,441,PayPal,Region_07,0
8.666260876335267,1.0,17.010927901357565,2,15,70.17332521752671,0,96,1,10,3.0,49,43817.03,198.58,25.154064730734145,4,1,1646,Credit Card,Region_10,0
26.31356452321177,10.0,49.12662441177959,9,13,25.262712904642356,1,73,1,0,3.0,29,52022.32,0.0,13.210942880040587,1,1,1746,Bank Transfer,Region_27,1
40.20951266306826,1.0,74.71541288697468,3,13,20.804190253261364,0,29,2,20,1.0,45,58526.28,18.74,12.944470506639218,2,4,1518,PayPal,Region_06,0
14.111536667255999,1.0,24.830009913428473,2,17,20.28223073334512,1,97,2,0,1.0,34,45693.27,0.0,19.85136730688072,3,3,1726,PayPal,Region_07,0
10.74658603000843,1.0,22.503298680975103,2,14,20.21493172060017,9,60,2,0,1.0,50,34691.88,0.0,32.86628649079446,4,2,1066,Bank Transfer,Region_18,0
35.4711823059347,6.0,60.54971717080728,7,11,74.25654187671216,0,59,0,10,1.0,37,48016.31,21.55,42.60068462987471,7,7,272,Crypto,Region_13,1
14.777047832667668,2.0,29.853724353529447,2,16,70.59108191330671,8,34,2,10,3.0,35,52271.08,42.59,22.8939893128092,3,3,1681,Crypto,Region_13,0
29.0215250040588,3.0,56.52367174647579,5,9,21.741291500243527,2,6,0,5,1.0,41,77088.53,158.14,34.31018788462969,2,2,562,PayPal,Region_14,1
15.529481308613859,1.0,31.44874932833984,1,8,20.310589626172277,9,5,0,20,3.0,30,78056.52,11.18,31.02712910881405,1,5,293,Crypto,Region_16,0
101.76003320836422,9.0,186.9232039335261,8,63,88.31680597750557,1,14,1,0,5.0,23,38797.98,0.0,47.628355868957,1,3,344,Bank Transfer,Region_18,2
7.749626323417875,3.0,16.2736555833029,2,9,20.464977579405073,0,95,4,5,3.0,73,40729.36,50.52,24.584772445315572,4,0,395,PayPal,Region_30,0
14.7236174048906,1.0,32.36972590551615,1,11,20.294472348097813,9,65,3,0,1.0,25,25421.32,25.81,15.192116340101611,0,4,963,Bank Transfer,Region_13,0
8.410219285388274,1.0,3.7803257938055843,2,7,70.16820438570777,10,95,6,0,4.0,18,43191.71,0.0,12.320793108628962,1,2,1449,Bank Transfer,Region_38,0
55.82406554257714,8.0,104.75204776446465,9,13,78.93185048681234,0,91,0,10,5.0,66,46420.76,0.0,26.73317512061694,2,1,1241,Credit Card,Region_23,2
16.98830889483999,3.0,40.45624364650136,5,9,71.0192985336904,8,84,1,0,3.0,39,47159.37,0.0,24.89957757222275,2,2,1583,Credit Card,Region_19,1
10.309370867211125,1.0,15.447390186185736,3,8,70.20618741734422,10,16,0,0,2.0,35,46170.62,0.0,21.239547669259906,0,5,316,Credit Card,Region_08,0
21.80117863817448,3.0,35.573472256901546,4,16,21.30807071829047,0,18,2,5,2.0,22,53252.21,0.0,16.412023850446204,0,2,1132,Bank Transfer,Region_17,1
36.245915088524434,6.0,71.674242224213,6,15,74.34950981062293,1,13,1,0,3.0,34,39689.68,84.0,25.90221793396701,1,5,435,Crypto,Region_36,1
17.590900962248618,1.0,27.0299250346511,3,18,20.351818019244973,10,48,8,10,2.0,36,49104.29,77.38,41.33285864122438,5,2,1953,Crypto,Region_08,0
7.401724765133554,1.0,9.989483014363135,3,14,20.14803449530267,10,50,0,0,1.0,39,54079.22,26.77,38.19060866142463,2,2,1533,Credit Card,Region_34,0
12.453150516098157,,23.265413527465668,3,10,20.498126020643927,1,33,2,50,5.0,38,27689.44,295.21,34.97183130385369,4,2,1244,Crypto,Region_30,0
9.172116421894936,3.0,12.515053508645583,5,18,20.550326985313696,2,83,0,10,1.0,26,55484.85,38.32,45.094721901601645,8,0,1638,PayPal,Region_06,0
14.829197415890071,5.0,31.067677858569926,6,12,21.482919741589008,2,20,0,5,2.0,30,48345.75,0.0,36.238661892688626,3,1,1532,Crypto,Region_40,1
40.98446858067496,7.0,69.81803283392902,7,11,25.737825601294496,1,47,0,5,2.0,38,54882.19,280.4,13.335035205054147,2,3,1831,Crypto,Region_03,2
21.684698739551145,4.0,40.83562446972547,4,0,21.73477589916409,1,66,1,10,2.0,29,43100.52,0.0,9.120878171183918,0,2,955,Credit Card,Region_24,1
32.158814933149436,2.0,59.30827919465152,2,13,21.286352597325976,1,57,0,0,2.0,19,76764.94,0.0,52.984015207361146,3,4,408,PayPal,Region_28,0
14.486018315691972,4.0,34.3942733302879,4,15,21.15888146525536,9,77,0,15,,40,60107.05,163.55,44.88314702887421,5,5,991,PayPal,Region_24,0
14.139227117833839,2.0,31.27711814357955,3,12,20.565569084713353,10,20,1,10,1.0,34,64165.86,0.0,28.85847141571724,1,7,151,Crypto,Region_12,1
19.57181259713289,4.0,32.58162496757094,5,15,21.56574500777063,0,26,0,5,1.0,42,37632.11,3.39,18.016032210151906,1,3,383,Crypto,Region_35,1
36.91261336221626,6.0,60.12024201962805,4,13,24.429513603465953,9,70,1,20,4.0,42,52175.05,0.0,46.37008178736036,4,5,383,Bank Transfer,Region_36,1
56.564247111824606,6.0,106.00548901117148,4,13,26.78770965341895,8,28,1,0,2.0,46,59072.6,54.89,7.19554609051747,0,5,691,Credit Card,Region_19,1
13.008547938410233,4.0,20.14843211537179,3,11,21.04068383507282,2,8,5,0,1.0,33,93927.23,107.56,36.271241777860304,1,1,1170,Bank Transfer,Region_37,1
5.743278680450643,1.0,8.6595179352924,2,10,70.11486557360901,0,78,0,0,2.0,42,61467.46,0.0,7.048720317373687,0,1,1734,Bank Transfer,Region_39,0
25.74874968860933,2.0,41.04861098917861,4,17,21.029949987544374,2,43,0,20,1.0,37,67904.58,0.0,57.02659960475477,10,0,307,Credit Card,Region_18,0
28.66983919194288,5.0,55.00077019943135,5,14,22.86698391919429,8,27,0,0,1.0,48,61426.19,0.0,37.98442915833954,2,2,1512,PayPal,Region_03,1
17.33422563012602,,27.9691405520393,7,7,72.42679158821764,1,37,0,15,3.0,19,35612.24,0.0,37.201511595959694,5,3,1154,PayPal,Region_09,1
15.087274413768565,3.0,26.981885503269478,4,15,70.90523646482612,2,14,0,15,3.0,50,38291.44,7.37,24.98982257829757,4,4,675,PayPal,Region_38,0
4.244826317807248,1.0,7.543172042590717,1,18,70.08489652635615,1,14,0,5,2.0,38,78678.11,104.65,12.262687940970368,1,0,394,Credit Card,Region_22,0
24.565676456167132,5.0,45.136020720670395,6,6,72.45656764561672,2,29,3,0,2.0,43,57899.12,57.82,36.58020494771835,5,2,120,PayPal,Region_21,1
13.889434860330113,1.0,28.309175257192443,2,13,20.277788697206603,8,31,0,0,2.0,33,69998.26,26.46,39.54131520515086,7,3,1799,Crypto,Region_15,0
17.631869926476263,2.0,30.523264008186167,4,15,70.70527479705905,2,39,0,0,2.0,34,55625.75,14.7,50.248816131340156,3,7,224,Bank Transfer,Region_11,0
8.120905145509356,1.0,10.91049135248413,2,19,70.16241810291018,8,75,1,20,3.0,38,52008.79,62.07,18.223167171934058,0,3,1939,PayPal,Region_27,0
25.387955396296633,8.0,36.400596544556706,7,21,24.06207286340746,0,83,0,0,4.0,35,34626.11,0.0,35.225884470140734,3,4,1235,Crypto,Region_34,1
16.942582875255262,8.0,31.00979732229782,6,12,72.71081326004084,9,90,1,50,2.0,35,68531.06,24.75,2.9143776778535897,0,7,483,Crypto,Region_30,1
13.49276346736902,3.0,23.501979038174092,4,11,70.80956580804214,8,1,1,0,1.0,37,38547.04,3.7,22.419884053215245,0,5,761,PayPal,Region_36,0
17.147655711383507,4.0,27.31341612988535,7,14,21.371812456910682,2,21,0,50,3.0,33,57045.11,0.0,16.88225624921761,0,5,1678,PayPal,Region_06,1
10.347652313166682,2.0,18.93853647446271,3,12,20.413906092526666,0,25,1,0,1.0,42,45553.38,268.73,29.8021023844534,0,7,210,Credit Card,Region_12,0
8.179850237589456,2.0,19.00364379073545,3,11,20.32719400950358,8,39,2,0,2.0,26,62070.32,77.31,21.449220962670022,0,2,1437,Bank Transfer,Region_14,0
31.831440513106013,6.0,62.85603334832672,5,5,23.819772861572723,2,7,2,0,1.0,32,40004.9,27.63,32.35796533047123,0,1,563,Bank Transfer,Region_36,1
34.58362992887907,6.0,54.57484677986037,6,0,24.15003559146549,10,35,0,0,1.0,27,41337.37,0.0,33.19169921577295,3,3,1617,Credit Card,Region_22,1
22.33492891256443,1.0,38.3985655375393,2,14,20.44669857825129,8,25,4,10,1.0,25,44275.1,105.32,10.24651156911372,1,2,1590,Crypto,Region_15,1
24.910644397899006,5.0,49.64428597821035,5,2,22.491064439789902,8,80,3,10,1.0,45,51472.55,70.74,45.59280243715095,4,3,1103,PayPal,Region_32,1
6.824802713092182,1.0,20.264850056181047,3,10,70.13649605426184,1,6,0,0,2.0,34,65909.75,0.0,4.027652704724035,0,0,1606,Crypto,Region_30,0
10.806300469064002,3.0,15.365022578523117,2,15,70.64837802814384,2,0,0,0,1.0,30,38092.06,151.89,16.91947762202593,3,1,1001,Credit Card,Region_23,0
11.94028710336474,1.0,28.38413143221942,2,11,70.2388057420673,9,90,3,50,1.0,48,85556.62,76.02,34.36177125470383,4,3,1184,PayPal,Region_16,0
34.754784167238526,1.0,55.808130089856256,1,20,20.69509568334477,8,89,2,0,5.0,38,44196.35,0.71,12.76157178556768,0,1,810,PayPal,Region_39,0
7.8085023874068495,2.0,19.796727112932054,3,7,20.312340095496275,0,31,0,0,5.0,36,29025.3,53.45,16.2439638996739,1,4,668,Credit Card,Region_12,0
80.29207273754291,8.0,143.11694926655053,6,46,82.84673163800687,2,77,0,5,,24,36455.36,0.0,18.603234981176826,0,5,1656,Crypto,Region_20,2
18.151324066753528,1.0,40.4864996483751,2,18,20.36302648133507,9,82,0,10,1.0,42,64611.59,0.0,23.942848544079087,1,1,1486,Crypto,Region_33,0
27.446936581873487,9.0,47.084329766095806,6,14,24.94044858473723,2,8,2,0,4.0,45,44565.83,5.6,13.81984421606136,2,10,1835,PayPal,Region_14,1
49.57309235462304,4.0,87.68211260451979,5,21,73.96584738836984,10,58,0,0,3.0,34,70580.62,0.0,36.09791562201604,3,2,882,PayPal,Region_31,1
28.469751963402672,4.0,50.57859038810557,4,12,22.277580157072215,9,43,1,50,2.0,39,21595.85,229.83,39.70754809348222,0,2,1584,Bank Transfer,Region_37,1
14.234430006953662,2.0,17.936723238902125,2,3,20.569377200278147,9,64,2,15,4.0,34,73437.31,0.0,37.45772659794079,6,6,1364,Credit Card,Region_30,0
11.926367900020477,4.0,12.655098866243558,6,15,70.95410943200164,8,20,0,5,2.0,29,44121.17,12.17,48.41626102395515,0,0,1161,PayPal,Region_26,0
19.874302249235967,1.0,38.324515013828304,3,3,20.39748604498472,1,19,0,0,1.0,34,59770.42,327.11,31.28514458045603,3,6,1674,Credit Card,Region_37,0
18.8891501960022,3.0,38.94278208957074,2,8,71.13334901176013,2,48,2,20,5.0,28,41259.33,0.0,22.625477958869237,2,3,1635,Bank Transfer,Region_18,0
19.10077833988313,,37.41928852599515,8,10,73.0561245343813,0,96,0,15,4.0,26,56837.0,136.87,27.04602314351473,4,5,141,Bank Transfer,Region_35,1
7.187196090441407,2.0,6.667074891901919,5,10,20.287487843617658,10,32,2,5,4.0,27,73693.91,0.0,52.32807636398373,10,3,1851,Crypto,Region_10,0
11.232459373014622,1.0,22.61937059678653,4,18,70.22464918746029,0,17,0,5,4.0,41,34772.82,111.65,10.545217545801066,0,2,619,Crypto,Region_18,0
17.813998383045803,4.0,27.114177220963924,5,10,21.425119870643663,1,40,2,20,1.0,32,44955.64,111.32,14.880721029310633,1,3,1298,PayPal,Region_01,1
11.876838632593786,1.0,23.416573079787142,1,15,70.23753677265188,0,16,1,0,4.0,26,32567.19,33.16,57.54116957093193,5,4,1967,Crypto,Region_03,0
73.33039977923332,12.0,137.65121532863216,10,28,37.599295947015996,2,12,0,0,4.0,48,64184.2,58.97,16.57208023574442,0,1,356,PayPal,Region_34,2
37.2286765000282,15.0,68.84895196672585,11,11,81.16860295000846,0,42,3,20,2.0,39,70949.64,0.0,31.412744013264167,5,0,1818,Credit Card,Region_06,2
43.94200285364592,11.0,86.43827464777232,8,7,79.6672406278021,10,72,2,10,2.0,34,16728.79,0.0,9.986945907368403,1,2,89,Bank Transfer,Region_26,2
12.46854526272639,3.0,21.69344411614378,2,7,70.74811271576358,2,64,0,50,2.0,18,57895.87,377.96,30.19984059444224,3,4,990,Crypto,Region_22,0
17.10502624683093,1.0,29.70580063777385,2,10,70.34210052493661,9,22,4,10,1.0,44,45531.28,84.42,19.21008699284933,1,2,432,PayPal,Region_20,0
18.19677292241957,6.0,33.09094774925913,6,6,22.183612750690347,8,39,0,0,2.0,33,53890.57,78.61,13.421303570359688,2,2,1668,PayPal,Region_29,2
95.57439744983283,1.0,10.490186121976201,2,21,20.191148794899664,1,33,0,95,1.0,28,81655.95,41.25,9.674692291759857,1,2,1996,Bank Transfer,Region_40,0
48.64327062726463,8.0,85.54313175099075,7,6,27.78292330036234,1,35,2,0,2.0,55,58409.97,113.26,10.999906700826667,0,4,1425,PayPal,Region_27,2
72.24272158216134,11.0,128.4612329991901,9,39,35.8933987480755,0,49,1,20,1.0,32,43764.41,187.14,12.866404140850571,1,4,1415,Crypto,Region_23,2
20.150699874141402,7.0,34.85126005702012,8,12,72.8210979823798,2,77,1,15,2.0,35,57851.68,0.0,64.19778461710825,3,1,512,Crypto,Region_02,1
5.751029703138449,3.0,11.69330930146627,6,16,70.34506178218831,10,84,1,15,,28,89922.67,0.0,40.987944840390035,5,3,1814,Bank Transfer,Region_11,0
15.609576098396555,4.0,20.695591377997346,4,9,21.248766087871726,8,84,0,5,3.0,33,51532.79,0.0,39.011733924213715,6,4,1297,Bank Transfer,Region_17,0
19.026924299546916,6.0,28.52039381988195,6,14,22.28323091594563,10,91,5,0,2.0,43,39558.89,0.0,32.090332657778134,2,2,1894,Crypto,Region_37,1
7.5695478491866135,3.0,19.28553411172826,3,14,70.4541728709512,0,95,0,0,2.0,26,47816.46,42.72,25.151542821291102,4,2,448,Credit Card,Region_38,0
9.490220469428278,1.0,7.046155724651854,3,15,20.189804409388564,10,29,1,0,4.0,26,68793.03,65.3,46.30102220698271,8,2,2009,PayPal,Region_19,0
11.315685459158798,2.0,23.450089170850056,2,17,70.45262741836635,8,39,0,20,2.0,56,38629.12,163.89,4.867074432964299,0,1,1817,PayPal,Region_32,0
35.09652540231158,15.0,61.30594732017242,11,13,30.528957620693472,2,11,3,0,1.0,22,39096.13,0.0,8.041217152307247,0,8,461,PayPal,Region_18,2
10.153044153881597,3.0,19.076091885304134,6,20,20.609182649232896,10,92,0,15,1.0,37,50982.69,0.0,35.956677554979485,6,3,723,Crypto,Region_36,1
17.441047482634627,1.0,39.18437939541202,1,14,70.34882094965269,0,0,0,15,1.0,19,67505.44,15.95,22.635834921928474,0,6,808,Crypto,Region_11,0
20.28638591556193,1.0,35.85958071868486,1,6,20.405727718311237,0,89,0,0,1.0,39,37860.78,22.62,27.273456067367146,2,4,903,Credit Card,Region_24,0
31.8363524771605,3.0,60.43237448641774,4,0,21.91018114862963,10,15,0,20,3.0,44,42936.31,73.01,38.243866131355745,5,5,1632,PayPal,Region_14,1
28.358469456813857,5.0,51.33807986067452,5,11,72.83584694568138,8,81,0,20,3.0,19,52157.92,163.3,4.915732099722002,0,1,1356,PayPal,Region_11,2
11.239151883578241,1.0,19.68359254167431,2,14,20.224783037671564,0,96,0,10,1.0,40,58479.88,50.93,34.580051167089366,4,0,406,Bank Transfer,Region_39,0
12.150757018660604,1.0,20.705486144387272,5,22,70.24301514037322,10,49,1,5,1.0,32,67256.55,0.0,38.91700000534939,6,5,1970,Bank Transfer,Region_30,0
31.171922065217434,2.0,59.614751459922516,4,9,71.2468768826087,8,42,0,10,2.0,48,68694.04,0.0,28.44849208080518,1,1,268,Bank Transfer,Region_02,1
32.05125036285324,8.0,54.03424132252913,7,11,75.12820005805652,10,86,1,5,1.0,45,45328.69,0.0,4.840764353037744,0,3,1302,Crypto,Region_35,1
18.289561376049328,4.0,27.26109453413247,4,15,71.46316491008395,10,59,0,5,,45,61678.06,0.0,37.241819503118386,0,1,665,Credit Card,Region_29,1
25.35049414040669,,46.00326431988748,4,12,21.521029648424403,2,4,0,50,4.0,44,31924.77,0.0,35.74068434626538,3,2,808,Crypto,Region_18,1
14.627629353980307,2.0,27.29365285510703,1,16,70.58510517415921,8,20,1,0,2.0,37,53627.36,0.0,31.370222712642416,0,2,1231,Bank Transfer,Region_35,0
21.809135221096078,4.0,30.135652570978145,4,6,21.744730817687685,2,64,7,0,3.0,19,46279.86,144.07,42.79561095143892,0,2,1449,Credit Card,Region_27,0
32.51828725736349,6.0,58.48047992020096,6,5,73.90219447088361,2,94,4,5,1.0,18,42334.39,121.51,43.57947478930315,1,1,973,Bank Transfer,Region_05,1
33.63686623837442,7.0,54.4119746230014,7,8,24.70916127337242,9,81,5,0,1.0,35,77186.71,0.0,21.168562719768975,1,3,1876,Crypto,Region_05,1
25.369068368817246,10.0,48.798538601110145,8,0,25.07381367376345,8,20,0,50,4.0,53,32083.99,219.97,55.95182197417367,8,3,1952,Bank Transfer,Region_23,1
78.58522133913776,14.0,132.4349741309648,11,33,92.00386197495857,1,70,0,10,2.0,46,63028.01,0.27,48.01282697398301,6,2,193,Crypto,Region_22,2
14.352226950937121,1.0,35.45938766100227,3,9,70.28704453901874,9,64,3,5,2.0,23,76157.11,151.05,9.471185962175063,0,5,1226,Credit Card,Region_28,0
8.632764897925469,1.0,13.847984733086708,1,16,20.17265529795851,9,22,0,20,2.0,51,38340.83,88.02,8.78724307201053,0,2,1377,Crypto,Region_25,0
43.00635898147731,7.0,73.0866364242226,6,10,26.020890257406823,8,90,0,0,2.0,40,53950.5,0.0,19.742998695056144,2,1,378,Bank Transfer,Region_04,1
32.432509812538065,3.0,56.96365536072755,3,4,21.945950588752282,9,59,1,0,5.0,26,58736.75,33.85,15.951676289366116,2,3,1265,Credit Card,Region_33,1
20.548385873355937,3.0,39.768448865210146,5,17,71.23290315240136,9,1,6,50,4.0,37,73225.33,21.83,27.405754092309543,3,4,248,Credit Card,Region_27,1
20.250972417974353,3.0,40.90410079852852,3,11,21.21505834507846,0,33,0,5,3.0,32,66758.98,214.01,16.328040081780184,0,6,1737,PayPal,Region_23,1
27.622487847514506,8.0,48.34892157540193,8,14,24.41959805560232,2,56,2,20,2.0,26,56796.71,45.11,20.47024131493231,0,2,172,Credit Card,Region_38,1
146.62217076998223,2.0,19.198538664535853,3,13,20.586488683079928,1,15,1,95,1.0,26,62550.13,0.0,14.194917881045042,1,3,370,Crypto,Region_04,0
13.18285215976765,1.0,17.667648219470866,1,15,20.26365704319535,8,73,1,0,2.0,23,47913.11,124.83,49.00656265564318,3,4,1033,Bank Transfer,Region_37,0
13.7979974508644,2.0,26.26833390525965,3,5,70.55191989803457,0,83,2,5,2.0,33,67588.95,0.0,46.555189876781085,8,3,1358,Credit Card,Region_29,0
24.046343554337042,3.0,48.220054045358935,2,16,21.442780613260222,10,47,0,15,1.0,36,66536.04,98.18,39.947389665343884,0,2,1487,Credit Card,Region_01,0
18.701752964682402,3.0,39.250531594348914,4,15,21.122105177880943,10,24,0,0,3.0,34,82319.01,0.0,20.79899568332223,3,5,721,Credit Card,Region_03,0
13.14779726865967,1.0,24.506497960641315,1,12,70.26295594537319,1,67,1,5,1.0,31,48891.4,6.62,11.54357026140611,2,3,160,Credit Card,Region_04,0
17.752462386626583,1.0,36.790930126834965,3,12,70.35504924773254,1,31,0,0,2.0,47,55117.26,94.6,9.369917010401,1,0,180,PayPal,Region_18,0
8.06061969330915,1.0,24.070861535916475,2,19,70.16121239386618,0,44,1,10,4.0,29,61020.84,187.26,11.104917343141766,1,4,867,Bank Transfer,Region_07,0
14.28443981465228,2.0,31.663730230055567,2,10,70.57137759258609,10,91,2,0,1.0,43,31764.77,0.0,32.3323327567669,0,4,548,Credit Card,Region_01,0
25.121461983668414,,49.828821077625,4,2,71.00485847934674,8,39,1,5,2.0,25,70027.42,0.0,26.19755930429215,4,6,298,Credit Card,Region_29,0
111.64974951919223,4.0,16.064168997993182,3,11,20.89319799615354,2,12,0,95,1.0,42,54372.54,28.46,19.491409244087695,2,3,528,Crypto,Region_13,0
17.47806084708902,6.0,36.27360762690025,7,12,22.09736730165068,0,4,3,20,1.0,28,32325.03,77.72,29.145423950928816,3,0,923,PayPal,Region_26,1
9.385485916489527,4.0,19.200037039124883,5,14,70.75083887331917,9,16,2,15,3.0,30,41499.89,1.09,14.868011309790017,1,0,1090,Crypto,Region_24,0
7.878572913042911,2.0,17.434659385312933,3,21,70.31514291652172,10,70,1,0,1.0,47,49589.27,0.0,3.421852098548397,0,2,470,Crypto,Region_28,0
8.90039125269601,2.0,22.32623564957538,2,9,20.35601565010784,1,9,0,5,1.0,31,88309.96,156.86,25.208759433676285,2,5,90,Crypto,Region_06,0
21.15331774496225,10.0,39.868761182773014,10,6,24.23066354899245,9,90,1,10,2.0,25,49282.4,11.0,55.14628447034031,6,6,1680,PayPal,Region_09,1
69.43272410876003,2.0,11.985158686269488,3,10,70.27773089643505,8,58,0,95,3.0,30,68573.75,0.0,52.94799828457728,2,2,1252,Credit Card,Region_37,0
24.6862728375513,5.0,39.085962069287746,4,12,22.46862728375513,10,34,1,0,2.0,28,50986.5,145.83,7.478047232206318,0,4,1165,Bank Transfer,Region_27,1
17.477439355114203,2.0,29.976809250978945,3,3,20.69909757420457,10,22,0,0,1.0,28,59738.2,0.0,11.161626019530479,0,3,64,Crypto,Region_37,0
8.473109223816104,2.0,16.31585793868241,4,18,20.338924368952643,2,55,2,0,3.0,32,71073.8,29.93,16.495135439750864,0,2,798,PayPal,Region_31,0
22.369838801346756,1.0,41.6538065433368,2,5,20.447396776026935,2,15,2,20,1.0,33,62561.52,193.24,53.06058128452955,5,1,875,Credit Card,Region_20,0
14.94410391980982,5.0,28.118768549009296,5,8,71.49441039198098,2,51,0,5,2.0,28,44208.79,15.74,27.787506579590204,4,0,857,PayPal,Region_21,0
37.04866187106895,6.0,71.48514066672934,7,19,24.445839424528273,10,26,5,20,2.0,42,41617.66,119.17,77.23090474069278,13,2,1172,Credit Card,Region_29,1
18.85666021339205,4.0,38.2688118851913,6,17,71.50853281707137,9,14,1,0,4.0,23,34063.41,0.0,16.73097482776142,3,4,779,Credit Card,Region_24,1
62.91660320678571,6.0,112.93944456493129,6,21,27.549992384814285,8,61,0,0,2.0,43,67159.44,0.0,40.96114253548132,7,2,1176,Credit Card,Region_40,2
7.871325241804132,3.0,9.932074897967697,2,8,70.47227951450824,9,5,2,15,3.0,24,60573.74,0.0,13.501143526105313,2,5,1712,Credit Card,Region_04,0
17.393542216243514,4.0,33.225165673126185,3,21,21.39148337729948,10,23,2,5,1.0,34,37688.14,132.81,33.447302311273816,4,3,1110,Bank Transfer,Region_13,0
262.78095880655246,3.0,58.53226032325671,3,9,21.576685752839314,1,86,0,95,2.0,31,54179.85,57.93,30.68117242890964,0,2,1060,Bank Transfer,Region_36,1
15.200076914348179,1.0,28.96635232222194,1,13,70.30400153828697,2,4,1,5,2.0,35,77071.16,0.0,18.815852885792744,2,4,863,Credit Card,Region_10,0
7.612275622692466,4.0,12.222476358980341,3,19,20.608982049815395,8,70,0,0,1.0,29,58756.87,84.71,43.834680278544916,5,2,564,Credit Card,Region_21,0
8.51621559427998,3.0,18.00836883203977,5,4,70.5109729356568,9,85,0,20,1.0,35,37425.09,0.0,39.56135973734372,0,1,1731,Credit Card,Region_16,0
15.469823994423622,,30.82436448376889,3,8,70.30939647988848,9,92,3,5,3.0,18,54573.27,0.0,11.888022680796821,1,5,720,Credit Card,Region_31,0
30.589621914448795,10.0,57.98457244803671,8,9,26.117924382889758,9,52,0,50,1.0,45,39549.61,34.57,28.259791721558535,2,6,859,Crypto,Region_14,2
29.52633322427798,6.0,60.01180077892887,6,10,23.54315998691336,9,30,3,15,1.0,44,53621.88,0.0,17.61077359943751,0,1,1889,PayPal,Region_18,1
14.198621428805238,5.0,27.48798335661678,3,5,21.419862142880525,10,34,1,10,1.0,23,26432.27,158.22,22.089425539222233,4,3,1751,Credit Card,Region_15,1
17.103270201299235,1.0,37.412947539390366,3,13,20.342065404025984,9,97,3,10,4.0,45,69274.63,0.0,70.67734436552442,2,2,639,Credit Card,Region_01,0
7.440891553256342,1.0,14.544775364548967,1,15,70.14881783106513,1,18,0,15,1.0,52,71353.22,45.41,18.193609635768144,0,4,234,Bank Transfer,Region_33,0
15.194294188935936,4.0,34.91222087762905,5,20,21.215543535114875,2,33,0,20,1.0,37,30883.07,0.0,43.15403724751923,1,3,1931,Credit Card,Region_32,0
15.646580167495268,1.0,34.1975202801895,1,17,70.31293160334991,9,93,0,0,2.0,34,53883.78,0.0,63.78414639915978,9,2,1390,Credit Card,Region_11,0
9.2192277195956,1.0,21.203606953036584,2,12,70.18438455439191,1,82,3,0,3.0,46,41041.7,114.2,43.884468030230344,6,4,990,PayPal,Region_38,0
30.963547541590234,4.0,59.680314253676926,6,9,72.47708380332722,10,81,0,15,2.0,33,62954.26,78.02,35.32394292460101,0,2,432,PayPal,Region_16,1
27.22612268725219,,60.51460922240604,5,15,23.811657176215306,8,0,1,0,5.0,32,68530.76,59.24,42.70228620611848,4,3,229,PayPal,Region_04,1
9.820413775954325,2.0,23.059832740049945,3,15,20.392816551038173,8,40,2,5,5.0,32,88002.18,0.0,25.145200237820127,3,2,1527,Crypto,Region_14,0
29.86174191176405,10.0,49.50455041805273,9,3,25.97234838235281,10,52,0,15,4.0,39,66938.28,0.0,20.717244455465554,2,2,97,PayPal,Region_35,2
11.189207787314098,5.0,21.37007677450698,5,24,71.11892077873141,1,79,0,0,2.0,38,55097.82,0.0,13.312714333568728,1,4,1139,Crypto,Region_08,1
14.011242161642498,1.0,23.896652049820187,2,7,20.28022484323285,1,63,1,5,3.0,33,55159.19,0.0,21.68783542151974,1,5,1586,Bank Transfer,Region_39,0
13.119227358914202,6.0,33.93699083003531,6,25,71.5743072830697,1,39,1,20,1.0,28,81681.94,74.21,41.58765808190346,3,5,907,PayPal,Region_34,1
12.656079337564181,,29.038130605592816,2,15,70.50624317350257,8,61,1,0,2.0,41,24658.02,0.0,9.373989489755312,1,1,152,Crypto,Region_01,0
10.964038759196123,1.0,29.895024889658448,4,10,70.21928077518392,9,54,0,10,1.0,43,34267.01,0.0,63.842749690887246,12,4,298,Credit Card,Region_12,0
15.985101148020636,1.0,24.97320942526323,1,0,70.31970202296041,2,91,0,5,1.0,24,64070.31,0.0,46.58576418019724,1,4,1010,Credit Card,Region_31,0
21.74060695690157,5.0,44.641465915172645,6,14,72.17406069569016,9,10,0,20,1.0,32,38358.4,0.0,3.18527067232968,0,4,304,Crypto,Region_30,1
10.678377317887776,1.0,12.398434257017835,2,5,20.213567546357755,0,51,0,5,1.0,36,81297.91,68.49,20.47535788625887,0,1,460,Bank Transfer,Region_39,0
16.325826172879548,,21.425825440493274,4,13,20.97954957037277,1,95,0,0,1.0,55,43465.15,0.0,4.574267574402933,0,3,1756,Crypto,Region_16,0
13.92969944736052,1.0,23.088678342878467,3,22,20.27859398894721,9,25,0,0,1.0,39,76655.85,148.84,15.83879910434301,0,1,515,PayPal,Region_14,0
13.82477652710583,1.0,32.44647343626902,3,6,70.27649553054212,2,73,2,0,2.0,44,58246.71,142.21,35.195885771114526,4,1,354,Bank Transfer,Region_21,0
29.59800723504713,4.0,48.313337818315276,3,13,22.367840578803772,9,86,2,10,,19,50429.66,0.0,24.556721259369827,2,4,1677,Crypto,Region_24,1
13.273521029538355,1.0,23.80827861905282,2,8,70.26547042059077,0,47,1,0,2.0,43,57805.1,87.53,71.94937546421107,14,6,275,PayPal,Region_01,1
16.48936243345567,3.0,35.62506672124964,2,17,70.98936174600735,0,44,2,10,1.0,43,56647.44,38.64,20.819766452420826,2,5,688,Credit Card,Region_36,0
15.564419649744867,1.0,32.24802117533728,2,12,20.311288392994896,9,32,1,0,4.0,39,62575.49,137.88,9.992810884853844,1,8,628,Crypto,Region_11,0
8.111856432827743,1.0,25.682274472654235,3,14,70.16223712865656,10,63,0,0,2.0,54,79912.93,0.0,22.999713419861887,3,2,1138,Credit Card,Region_25,0
11.049308099023222,3.0,19.9056145392911,4,19,20.66295848594139,10,77,1,5,2.0,41,81542.46,63.34,15.019988937406236,2,2,692,Crypto,Region_13,0
11.992447599543706,1.0,19.378257956025333,3,16,20.239848951990876,10,8,3,0,2.0,24,71063.99,0.0,17.141475868716732,2,5,361,Credit Card,Region_16,0
11.544409412538574,1.0,15.30753153717455,1,9,70.23088818825077,2,77,0,10,2.0,18,43572.08,0.0,6.550092241794106,1,3,1868,Credit Card,Region_29,0
13.923025586324307,3.0,23.221446354796754,3,21,70.83538153517947,9,99,5,0,1.0,48,38511.54,29.73,29.231229454943925,4,3,282,Credit Card,Region_19,0
43.49068219483656,4.0,72.76523315477628,4,4,73.47925457558692,1,1,2,0,1.0,38,43065.33,0.0,46.52190906679006,3,3,425,Crypto,Region_15,1
37.81503183121085,2.0,59.08483089663147,2,11,71.51260127324844,2,74,1,0,3.0,20,66716.93,145.63,21.088814860343774,0,4,260,Credit Card,Region_19,1
7.207429165737328,4.0,22.79033540503763,3,11,70.57659433325898,8,13,1,10,1.0,29,85394.2,42.98,31.137947417580204,5,4,865,Credit Card,Region_31,0
15.624309398074029,2.0,28.368290912910215,3,4,70.62497237592297,2,35,0,50,2.0,22,38844.85,131.57,88.48197279026577,0,0,853,Bank Transfer,Region_12,0
41.744734676644704,6.0,88.0978567741061,7,5,25.009368161197365,9,34,3,15,2.0,37,46697.85,9.21,27.68905661380106,1,2,1413,Credit Card,Region_33,1
14.221052089984715,2.0,21.401451578610068,2,12,20.56884208359939,9,63,5,5,5.0,25,62693.04,0.0,12.758937540193116,1,2,115,PayPal,Region_06,0
37.95465546906137,,66.17433680079043,4,12,23.795465546906136,8,24,3,0,,28,54984.47,7.01,20.251182731782745,3,2,1005,PayPal,Region_38,1
54.86678620510239,,94.88337011039879,2,21,22.194671448204097,0,96,0,0,2.0,21,71842.67,162.13,22.35519089045935,0,3,1454,Bank Transfer,Region_23,1
18.347325571251442,2.0,29.821405703288775,3,18,70.73389302285005,9,8,2,0,4.0,21,70207.31,123.88,57.256314532698426,7,5,1821,PayPal,Region_16,0
13.460014994988228,1.0,28.59604571202603,3,14,70.26920029989977,0,76,1,0,1.0,27,36359.07,103.67,8.796523142488795,0,5,1769,Bank Transfer,Region_36,0
37.264286057892726,6.0,69.90733473552878,6,8,74.47171432694712,0,42,2,0,1.0,32,32067.32,6.27,31.206962044151975,0,3,904,PayPal,Region_17,1
12.909392319690815,1.0,27.613953302532273,1,18,20.258187846393817,1,9,0,0,2.0,28,36306.25,73.25,31.242490071787294,4,1,652,Crypto,Region_18,0
12.29953205460957,1.0,28.850515659056928,1,10,20.24599064109219,10,56,4,0,,40,32981.48,13.09,4.961668631975724,0,4,116,Crypto,Region_04,0
38.83936544858087,14.0,75.44763302828298,11,2,30.875022325602643,0,32,0,0,4.0,43,29887.71,57.88,37.19665483031914,0,4,1456,Credit Card,Region_29,2
22.768211793141045,,35.94033250544395,3,15,20.45536423586282,2,8,2,0,3.0,25,57199.55,18.59,44.59209067454845,7,4,1384,Credit Card,Region_20,0
8.781335767670713,4.0,13.18731156346215,6,21,70.70250686141365,10,53,1,0,1.0,29,35563.7,16.8,65.1178441380378,2,2,581,PayPal,Region_03,0
45.283697533568535,,82.11806961078155,4,8,74.52836975335686,0,12,1,20,2.0,26,55236.94,84.93,44.81505286773258,7,3,600,Credit Card,Region_40,1
14.878923025933208,3.0,45.42122817049571,4,22,20.892735381555994,10,23,0,50,1.0,44,37864.22,33.38,30.72087362534829,2,3,765,Bank Transfer,Region_14,0
6.960682501361988,1.0,16.391229213108456,1,18,70.13921365002724,1,61,1,5,3.0,41,110536.5,147.3,17.593752399404817,0,3,1866,Bank Transfer,Region_28,0
51.78288644642175,7.0,93.7426396455931,6,16,77.24960410249905,9,39,1,20,1.0,28,54030.01,29.14,5.469334281988899,0,1,120,Credit Card,Region_25,2
52.59255079950677,3.0,12.833032752639976,3,13,70.31555530479704,9,58,1,95,3.0,36,59469.27,40.92,33.3495315294542,3,1,1568,PayPal,Region_02,0
57.40912178027747,9.0,100.32084893244516,7,22,80.33364192044994,8,55,0,5,1.0,31,42469.3,89.58,24.19323618097143,4,4,1730,Credit Card,Region_38,2
63.694141819724116,6.0,115.96158283051494,5,13,77.6432970183669,0,63,2,0,2.0,29,74043.24,0.0,68.30233662567395,8,2,558,Bank Transfer,Region_14,2
9.612435432164395,1.0,22.075694701946276,5,12,70.19224870864329,2,59,4,0,,39,49664.93,0.0,34.360681158873234,5,3,572,PayPal,Region_06,0
12.799666019802483,1.0,22.894420412937762,2,9,70.25599332039604,8,80,3,0,1.0,49,73896.88,0.0,26.75412614712095,0,2,292,Credit Card,Region_24,0
26.62000427339277,3.0,44.13324142187105,5,3,21.597200256403568,8,96,0,0,1.0,26,41654.63,2.73,10.346354007274057,0,1,504,Bank Transfer,Region_36,0
9.95128131538488,2.0,17.522936104294324,2,18,20.398051252615396,1,22,2,0,3.0,29,50909.7,148.34,35.80019565394987,2,2,1048,PayPal,Region_17,0
7.975999461762169,1.0,12.758915988190989,4,16,20.159519989235243,9,26,0,0,2.0,38,53564.08,0.0,35.05064305231722,1,3,365,Bank Transfer,Region_28,0
44.37451690041199,2.0,73.0884933223871,3,16,71.77498067601648,0,60,2,5,2.0,18,33524.09,101.34,10.035699225222187,1,4,1738,Crypto,Region_35,1
26.709915839338468,1.0,45.2200877098462,3,8,70.53419831678677,10,43,0,5,3.0,20,61148.53,0.0,32.80872540066182,4,4,297,Bank Transfer,Region_02,0
12.200516278322722,3.0,14.996865369328678,3,18,70.73203097669936,10,56,0,0,3.0,46,44430.73,249.21,48.96703767752474,3,1,948,Crypto,Region_39,0
36.766430499388875,8.0,59.99560044641985,8,10,25.88262887990222,0,42,1,10,1.0,38,29428.93,0.0,2.5560690609327494,0,3,323,PayPal,Region_21,1
20.83408539145108,1.0,31.796631265279593,3,8,70.41668170782903,9,61,0,0,2.0,36,71240.36,59.65,16.979032424681435,1,2,1834,PayPal,Region_03,0
18.228864639857434,10.0,37.57921284287269,8,8,73.64577292797149,10,25,1,0,2.0,22,38215.89,0.0,29.32930528380981,0,1,197,Crypto,Region_07,1
10.032979993308725,5.0,25.50518930475321,4,4,21.003297999330872,1,87,1,10,1.0,25,69408.12,0.0,26.138888897497974,4,6,1095,Crypto,Region_01,0
19.93246491618744,1.0,28.198038463946254,2,16,20.39864929832375,1,74,1,50,4.0,33,77946.38,30.83,36.76346107095972,5,2,1942,Credit Card,Region_35,0
48.13481459653804,7.0,94.54358460514094,6,18,76.73887404351532,1,92,1,15,1.0,32,41593.73,0.0,57.40243606764467,8,5,903,PayPal,Region_35,1
30.727325620787504,7.0,49.67621525261478,7,24,74.30182558691025,2,63,5,5,1.0,34,62477.27,0.0,37.2588216419184,2,7,1090,Crypto,Region_16,1
17.254522078477905,10.0,34.792540211122024,8,9,73.45090441569558,0,68,0,0,4.0,37,41964.7,0.0,22.85985121036685,0,4,155,Crypto,Region_01,1
54.31630427056904,3.0,99.06214054085581,2,12,23.258978256234144,1,23,0,0,1.0,22,48997.92,0.0,13.824167121554456,0,2,68,PayPal,Region_02,1
19.838245011751933,7.0,38.88809874471775,7,2,22.77735430164527,1,72,0,10,1.0,35,45165.08,256.13,19.17701192669695,1,3,1417,Credit Card,Region_02,1
10.654100990134706,4.0,13.34866651818766,6,18,70.85232807921078,9,73,0,0,2.0,23,38090.99,3.17,46.1922189903821,8,4,1510,PayPal,Region_03,0
13.970320762244304,1.0,16.084790958679218,1,16,70.27940641524489,8,10,0,10,3.0,33,39590.23,0.0,55.85335945011558,5,4,1727,Credit Card,Region_35,0
45.68016458251141,2.0,78.20975419785769,5,20,71.82720658330045,8,94,0,15,1.0,41,68214.64,0.0,38.95335300955243,6,4,1559,PayPal,Region_32,1
34.52177866830549,3.0,64.27354485275316,5,5,72.07130672009833,8,66,0,20,4.0,24,19089.59,0.0,37.06146432899388,4,6,1920,PayPal,Region_16,1
52.770176923710274,11.0,104.7708393401078,9,18,81.60943892321626,0,88,0,5,1.0,52,57722.5,337.59,45.613042343038316,5,5,976,Bank Transfer,Region_02,2
14.662825482779432,4.0,21.24446788057258,3,9,21.173026038622353,2,52,1,15,1.0,48,60543.6,0.0,26.576057277289465,4,3,1812,PayPal,Region_37,0
12.396397019642988,1.0,21.819327202115826,3,19,70.24792794039286,0,42,0,10,1.0,33,69196.06,74.3,29.90527104509455,1,4,858,Credit Card,Region_12,0
30.66910529803404,,51.45899354391318,5,12,24.293674741724764,10,26,0,0,1.0,66,73437.03,37.53,19.82864518436117,2,4,1290,Crypto,Region_02,1
4.429009495702991,2.0,7.886086178383664,2,8,70.17716037982812,9,0,0,0,1.0,36,65484.76,0.0,23.789984167883556,0,2,598,Credit Card,Region_24,0
39.700231399228116,12.0,61.806489713462305,9,10,29.528055535814747,1,48,0,0,2.0,42,52953.99,314.63,5.839712576377498,1,1,1893,Crypto,Region_02,2
27.018687979419678,7.0,56.12385503990493,6,0,73.78261631711875,0,47,1,15,5.0,35,61808.84,0.0,41.746064448512065,8,3,1519,Crypto,Region_02,1
7.687490263169041,1.0,13.957662865135802,4,9,70.15374980526339,8,79,1,5,4.0,41,63400.21,49.95,6.48119495464625,0,5,1252,Credit Card,Region_29,0
28.632124654290223,10.0,56.12365269765283,9,4,25.726424930858045,2,98,0,10,4.0,28,49563.57,24.93,6.541698127750068,1,5,1782,Credit Card,Region_02,1
22.605913053806706,4.0,39.52963338000653,5,7,21.808473044304538,9,78,0,15,3.0,34,52402.11,0.0,18.75127289010492,3,1,1057,Bank Transfer,Region_15,1
24.586322179047535,1.0,45.20852030292028,2,8,20.49172644358095,1,97,0,10,1.0,25,70729.79,0.0,14.674619623311374,1,1,146,Credit Card,Region_38,0
83.86496032676743,8.0,156.6012910514151,7,39,33.41839365228279,2,52,2,20,1.0,38,38693.33,216.68,36.09649871498529,4,2,1969,Credit Card,Region_21,2
10.111544312464403,2.0,18.859363877907047,2,14,20.404461772498575,0,10,0,0,3.0,26,85089.84,0.0,18.884066752621987,2,3,829,Bank Transfer,Region_19,0
23.096126405046956,5.0,42.4115591496618,5,10,72.3096126405047,0,8,0,20,2.0,42,69427.58,35.98,33.027226762499204,2,2,1223,PayPal,Region_16,1
118.27424839237764,1.0,17.31965949750048,1,14,70.23654849678475,2,60,1,95,1.0,32,34427.73,112.79,26.62390708103163,1,4,2001,PayPal,Region_07,0
20.477694273596043,6.0,34.18773188407738,6,4,72.45732331283152,2,87,0,20,5.0,31,49697.6,0.0,34.960436227030485,5,0,514,Bank Transfer,Region_29,1
13.170901884243523,1.0,18.643545202433664,2,13,20.263418037684872,1,98,0,10,2.0,35,46267.25,6.37,46.09743871808886,1,5,614,Bank Transfer,Region_19,0
89.95164655364002,,12.501208437256878,4,21,20.71961317242912,8,21,2,95,3.0,28,43555.46,5.92,58.33674877999999,2,2,1666,Credit Card,Region_33,0
28.438784531372246,10.0,57.44595770879088,11,9,25.687756906274448,2,70,2,0,1.0,39,64691.57,51.68,58.58297545075543,6,3,751,Bank Transfer,Region_24,2
15.62831744489992,2.0,37.17401795085555,5,14,20.625132697795998,1,43,1,0,1.0,34,28017.8,0.0,53.33770733169621,4,4,1059,Crypto,Region_19,0
15.67099942248676,,21.971424537329213,4,14,70.62683997689948,2,29,1,5,2.0,46,51131.19,67.9,50.7508107414756,1,2,1172,Bank Transfer,Region_05,0
32.403735071415035,6.0,60.302582053730944,7,14,73.8884482085698,10,59,0,0,1.0,32,60026.65,69.17,48.99290931034613,9,6,71,Bank Transfer,Region_37,2
63.95259925454006,12.0,113.5262217071699,11,22,85.34862382108962,2,92,0,10,,49,51748.27,62.4,15.836864095696104,1,4,206,PayPal,Region_25,2
9.462805544991898,2.0,24.017892814564235,3,18,20.378512221799674,10,54,0,5,3.0,39,64866.56,152.62,23.213498408106467,4,1,1082,Bank Transfer,Region_03,0
27.146987842981243,4.0,49.538879208255835,4,12,72.1717590274385,8,38,1,0,2.0,29,52788.71,0.0,26.876017788713607,2,4,329,Credit Card,Region_28,1
16.913931053347802,2.0,30.407697372321703,3,14,70.67655724213391,1,40,1,0,,34,54877.39,0.0,23.287148940827727,3,3,968,Credit Card,Region_26,0
12.019796202765361,3.0,17.911786604178975,3,15,20.721187772165923,0,8,0,0,1.0,33,53945.4,0.0,38.70618245626607,5,4,244,PayPal,Region_11,0
14.612778196274572,3.0,18.64410055783216,3,7,70.87676669177648,1,0,1,0,2.0,31,39234.46,1.86,20.627402033103255,1,4,1066,Credit Card,Region_11,0
19.95397042726917,6.0,39.72183918283194,6,5,22.3944764512723,1,2,0,10,1.0,46,31804.08,0.0,21.119388373912052,0,1,1932,Credit Card,Region_07,1
22.678409910348694,4.0,42.58603071238487,3,8,21.814272792827897,1,68,0,0,1.0,72,91102.39,261.94,41.45132805297191,1,4,1064,Credit Card,Region_26,1
22.593363837450756,,42.55527561001351,6,18,72.71120366049409,8,10,2,0,1.0,37,52326.19,85.36,5.834521655731425,0,3,166,Credit Card,Region_04,1
18.199036650377593,6.0,29.761630457386676,5,10,72.18388439804531,8,3,3,15,1.0,66,48899.83,12.84,42.0240214596772,5,5,1422,Bank Transfer,Region_19,1
11.350823935782952,2.0,19.702640856859126,3,15,20.45403295743132,9,32,3,20,1.0,43,69094.73,0.0,45.28390498240943,0,3,728,PayPal,Region_34,0
6.557127857324038,4.0,15.758185073751186,4,5,20.524570228585922,10,32,2,0,1.0,26,59280.15,194.33,14.49690937090958,0,3,809,Crypto,Region_10,0
10.009538627871356,1.0,22.927732678824004,2,14,70.20019077255743,0,44,2,50,2.0,48,43114.49,108.74,31.915418339951252,0,3,558,Credit Card,Region_02,0
10.870468523608645,,13.674485262902913,2,14,70.65222811141652,8,19,0,50,2.0,53,24727.01,28.24,9.234157204542173,1,3,1907,Crypto,Region_07,0
10.99596182963879,4.0,16.625990940842836,3,0,70.8796769463711,10,36,2,5,1.0,33,37586.11,20.64,47.97919073933839,6,6,1527,Crypto,Region_35,0
22.273575521316427,8.0,33.143018828008856,8,12,23.56377208341063,8,83,0,0,1.0,44,38140.11,34.54,50.55193082670927,4,5,1480,Crypto,Region_32,1
11.885204652474432,1.0,22.399690437420805,2,5,70.23770409304949,1,97,0,0,2.0,32,50016.34,0.0,9.529870294637876,1,2,125,Bank Transfer,Region_15,0
14.757871585271674,2.0,30.985860414005156,3,8,20.590314863410867,1,20,1,15,2.0,34,60310.19,170.04,26.223861964657953,1,1,85,Credit Card,Region_12,0
17.28444267627494,3.0,29.718419232047797,4,16,71.03706656057649,10,57,1,10,1.0,28,38188.77,227.47,26.072198998510988,5,2,723,Credit Card,Region_13,0
18.91762276880917,4.0,30.737437828857935,4,12,71.51340982150474,2,50,0,10,3.0,18,39692.72,28.99,80.84626992035425,9,4,1834,Crypto,Region_08,1
15.160898675507982,8.0,25.61310834688791,7,9,22.425743788081277,2,70,1,20,4.0,35,64502.81,21.31,22.809262346530605,3,0,839,PayPal,Region_39,1
8.02998158838814,2.0,25.985533433981086,2,12,20.321199263535526,2,15,1,5,2.0,42,68623.71,80.51,16.799279884914586,0,5,506,Bank Transfer,Region_21,0
10.025369511561946,3.0,24.005305620429244,4,11,20.601522170693716,10,95,0,0,2.0,42,60657.45,0.0,8.014775948239468,1,1,392,Crypto,Region_27,0
21.311172652580115,6.0,42.01509663829251,5,11,22.557340718309614,8,35,1,15,,32,54358.6,25.73,42.854493919365645,6,3,401,Bank Transfer,Region_17,1
8.953115511178295,1.0,17.71594739803429,5,8,20.179062310223564,2,49,0,0,5.0,35,55204.22,170.42,5.972129445231754,0,5,334,Credit Card,Region_11,0
14.607766426483426,5.0,26.230272244574923,4,17,21.46077664264834,0,74,0,0,5.0,31,39991.42,252.65,30.28915507831477,0,1,806,Crypto,Region_08,1
20.44118358537999,14.0,32.26096963320709,11,5,25.7235314039064,10,47,0,0,4.0,40,66531.67,8.49,10.33475372341967,0,1,1818,Bank Transfer,Region_32,1
13.099455285009416,2.0,18.27056739147679,3,4,70.52397821140038,2,28,0,20,3.0,35,57767.99,0.0,21.8764901860464,0,3,1222,PayPal,Region_10,0
15.456224250629777,2.0,24.981650268567545,2,17,20.618248970025192,9,41,0,15,2.0,28,36530.9,0.0,13.702790795348088,1,2,643,Bank Transfer,Region_35,0
357.67182346606194,13.0,59.61202882488098,11,8,29.299467410117607,9,97,1,95,2.0,36,52281.78,0.0,30.758980559777825,1,1,1530,Credit Card,Region_28,2
10.32740324059635,2.0,15.550261022974205,2,14,70.41309612962385,1,58,3,0,,39,69164.0,0.0,15.788883967811337,2,3,647,Credit Card,Region_32,0
8.409152335546956,,14.626996073386634,1,17,20.504549140132816,8,54,0,0,1.0,44,46813.24,0.0,38.54624912537834,5,9,500,Credit Card,Region_04,0
24.2259490105129,4.0,43.48020027610843,5,6,21.938075920841033,10,73,2,10,,27,47425.8,88.17,32.062374337569736,5,3,903,PayPal,Region_27,1
31.836981244577526,5.0,54.204659863317175,4,10,73.18369812445775,9,66,0,10,3.0,20,92771.76,0.0,22.919947269767576,1,4,1295,Bank Transfer,Region_39,2
56.21879464589482,16.0,103.6698781358117,13,20,37.990014286686346,0,21,0,0,2.0,27,43190.01,119.27,5.722108058234453,0,7,1428,Crypto,Region_18,2
12.008964387937445,5.0,20.671104037545483,6,21,71.20089643879375,1,95,1,0,3.0,21,52566.23,0.0,14.41676567992225,2,6,1940,PayPal,Region_32,1
10.550234962689139,2.0,20.06391608873135,3,11,20.422009398507566,9,83,1,20,1.0,35,51028.04,102.11,26.240303720010143,5,1,1120,Credit Card,Region_05,0
13.741808974717598,1.0,21.012304229823805,2,10,20.27483617949435,2,1,0,0,,44,85707.83,189.63,3.121428865625602,0,5,1904,Credit Card,Region_37,0
26.404483004933933,6.0,50.99243218143112,8,12,73.16853796059208,9,7,0,0,1.0,26,67805.51,83.37,35.03186340438338,6,1,1951,PayPal,Region_28,1
35.77371713685674,5.0,61.71846034508421,3,11,23.57737171368567,9,40,0,10,1.0,50,66281.56,0.0,7.936481874250459,0,5,1694,Bank Transfer,Region_39,0
14.012082733985073,1.0,33.26452010486641,1,11,20.280241654679703,1,88,0,5,1.0,36,39147.7,0.0,7.221017482880275,0,3,971,PayPal,Region_13,0
29.91554249612913,12.0,52.723019722576595,9,17,27.179730199070992,8,10,1,0,3.0,42,46128.49,99.34,34.532003254074695,4,5,1251,Crypto,Region_22,2
11.72606686914031,4.0,20.633500056979937,6,4,20.938085349531224,2,23,3,5,,41,73381.16,0.0,33.39683157931108,3,3,1451,PayPal,Region_27,0
5.986467268533507,2.0,13.74358351507145,2,8,20.23945869074134,2,25,1,0,1.0,18,37168.58,0.0,43.11272152862248,8,1,794,Crypto,Region_09,0
11.795995391637122,4.0,25.29204267222175,5,4,20.94367963133097,2,34,1,0,5.0,66,57346.43,0.0,36.8377913493138,3,2,702,Credit Card,Region_27,0
8.730106570800134,3.0,20.312160228396895,3,20,70.52380639424801,2,4,0,5,1.0,54,62843.07,0.0,50.41746927848123,8,2,1320,Crypto,Region_17,0
17.56935357689195,2.0,40.50277660347536,4,14,70.70277414307567,8,14,0,5,1.0,37,89845.71,2.1,6.257007361349934,0,2,1953,Credit Card,Region_12,0
9.778478410183393,2.0,20.91068875535028,3,7,70.39113913640733,2,13,1,10,1.0,53,33537.88,3.43,30.273921389320925,2,6,724,Credit Card,Region_12,0
11.626577412684592,1.0,20.59290689860869,2,12,70.23253154825369,8,36,4,0,4.0,41,62829.35,0.0,22.025390434790516,0,3,887,Bank Transfer,Region_35,0
19.025436813126085,,31.597556686617867,8,11,72.66356115383765,1,17,0,5,4.0,57,55626.92,12.65,54.035086459529204,6,2,1390,Crypto,Region_28,1
49.182631394816994,3.0,87.8595950946722,4,2,72.95095788368901,0,75,0,50,2.0,33,52088.94,154.61,15.537053387721727,1,3,373,Crypto,Region_30,1
10.713481413102748,4.0,26.70434899572937,4,14,20.85707851304822,8,66,1,15,1.0,31,58919.71,189.68,46.185977088562666,3,3,1851,Credit Card,Region_27,0
93.03937748830806,11.0,160.53604796384266,10,43,90.46866304742778,2,45,3,0,4.0,36,92296.1,80.14,20.944555622102566,3,1,987,Crypto,Region_32,2
16.87208877514385,3.0,26.27471921296346,6,15,21.01232532650863,1,96,1,0,1.0,30,52909.84,183.23,5.622214910625933,0,3,1877,PayPal,Region_38,0
14.773376725088594,1.0,25.49714438749166,3,6,70.29546753450177,1,67,0,10,2.0,28,51243.91,11.25,23.343385695034826,2,1,154,Bank Transfer,Region_40,0
28.431374147906606,4.0,47.01489611849819,4,11,72.27450993183253,9,56,0,5,,30,35589.33,694.76,17.554508735087747,2,3,1011,PayPal,Region_06,1
14.260862817424822,2.0,23.62569314715394,2,18,70.57043451269699,9,39,3,5,4.0,35,56285.8,0.0,55.232129477473876,2,2,1643,Bank Transfer,Region_31,0
20.675118413341718,9.0,46.24638583574765,9,15,23.72152131440151,0,89,1,0,3.0,50,41992.05,0.0,46.1300842694327,7,4,330,Credit Card,Region_01,2
10.896554543504019,1.0,18.12333298015744,3,16,70.21793109087008,0,84,0,0,2.0,37,72760.93,0.0,14.809431232013262,1,3,1010,Bank Transfer,Region_21,0
62.68130193891794,14.0,114.88458631586703,12,20,37.55076454289703,9,44,1,15,2.0,23,36491.77,37.29,26.289599635761142,2,6,1761,Credit Card,Region_12,2
11.946533189357353,2.0,13.212775490864558,3,5,70.47786132757429,10,15,1,10,4.0,44,88153.35,16.67,15.537671075035444,1,5,1542,Credit Card,Region_12,0
13.984143229971126,4.0,19.65927146735571,7,10,71.11873145839769,9,61,2,0,3.0,28,56757.11,126.1,29.79437909426288,3,3,1582,Crypto,Region_37,1
11.929785066990268,2.0,26.137031168692488,4,12,20.477191402679612,1,22,3,5,2.0,37,66570.24,2.39,32.865886568525696,5,4,1887,Bank Transfer,Region_22,0
88.37969127148811,11.0,167.42358648140305,10,42,39.44353207972739,8,87,0,5,4.0,24,73999.47,0.0,45.90605396335912,3,2,1812,Credit Card,Region_38,2
20.06057981620214,2.0,37.21609665560647,3,3,20.802423192648085,9,72,4,5,1.0,28,44889.26,0.0,23.96441649189193,1,3,623,Credit Card,Region_16,0
11.8840646331307,3.0,19.861235042686932,3,15,20.713043877987843,2,82,9,5,3.0,41,43034.14,117.45,57.79228453065277,10,0,112,Credit Card,Region_12,0
65.40375749228672,11.0,120.20757164056013,10,16,84.38882664830308,8,90,0,5,1.0,35,74905.62,0.0,21.6296532916642,4,2,1133,Bank Transfer,Region_39,2
10.52125179186509,1.0,5.951080644263408,2,21,70.2104250358373,10,94,0,15,2.0,44,56757.25,97.16,35.536437148818905,1,4,725,Crypto,Region_14,0
12.40936420300254,6.0,23.48246228299479,6,13,21.489123704360306,8,50,0,0,1.0,36,55202.05,0.0,38.49002473984714,1,3,1763,Bank Transfer,Region_09,1
169.49080842045905,9.0,25.277792515145123,8,16,73.05083455156826,2,0,0,95,2.0,23,65038.06,272.62,20.775613106330386,0,4,1439,PayPal,Region_02,1
22.763434700922076,1.0,44.94464737277995,2,15,70.45526869401844,2,76,1,10,1.0,23,47221.23,329.59,27.833769880121256,1,3,1393,Credit Card,Region_29,0
21.98593140624078,6.0,28.613181990328684,6,21,22.638311768748892,2,44,1,20,1.0,32,28306.56,46.15,45.310071451528714,4,3,1583,Credit Card,Region_35,1
11.052386839908756,2.0,16.752416432289362,3,14,20.44209547359635,1,3,2,10,3.0,21,91314.63,74.71,22.509348543358147,0,2,1400,Bank Transfer,Region_22,0
39.648960129310595,8.0,71.1632490422191,8,8,76.3438336206897,9,54,9,0,1.0,31,46626.27,118.55,12.855824927092954,0,2,1926,Bank Transfer,Region_05,2
26.092675319152786,1.0,43.15785965969524,2,8,20.521853506383056,10,88,4,5,2.0,33,35671.36,31.19,26.9608331890372,4,2,1913,Bank Transfer,Region_05,0
23.345017222124692,1.0,40.143608998883735,1,17,20.466900344442493,9,9,0,10,1.0,37,83584.02,0.0,21.646374709180453,0,4,1569,Credit Card,Region_20,0
108.58269986461937,10.0,199.9710315096974,8,65,41.716539972923876,1,86,0,0,2.0,50,48962.83,146.76,38.5964910314412,6,5,845,Bank Transfer,Region_33,2
23.02042616275918,4.0,41.314287020380235,5,6,71.84163409302073,8,29,2,0,2.0,57,25669.2,0.0,19.322011834231205,2,1,875,Credit Card,Region_05,1
13.711704285307249,1.0,20.028163688730174,3,13,20.274234085706144,1,13,0,0,1.0,41,35816.76,0.0,27.83754659373085,1,4,985,Bank Transfer,Region_07,0
13.374407332769975,6.0,28.77593352902491,5,12,71.6049288799324,9,95,1,0,1.0,48,64915.92,0.0,20.316114932183883,1,1,1767,Crypto,Region_05,1
21.994089769982327,1.0,40.844265931324,3,15,70.43988179539964,0,29,3,0,1.0,34,41291.52,1.65,16.171554491702057,0,4,829,Bank Transfer,Region_01,0
7.6361089942113916,1.0,15.207433587505488,3,8,20.15272217988423,1,4,0,50,2.0,36,66335.19,0.0,13.746679166753914,1,2,234,Bank Transfer,Region_19,0
13.285991713019545,1.0,19.452229957294662,3,12,70.2657198342604,0,14,1,0,1.0,31,50580.21,0.0,35.28777285141231,0,8,745,Bank Transfer,Region_09,0
7.8544400938705925,1.0,1.399958805656805,1,13,20.15708880187741,0,16,2,0,1.0,39,52739.06,70.36,39.26591545245584,4,3,1033,Bank Transfer,Region_17,0
9.625860408837758,1.0,12.795892569126101,2,8,70.19251720817675,10,47,0,20,2.0,32,67417.3,1.68,9.979677175639203,0,1,795,Crypto,Region_39,0
8.715430083731832,2.0,10.648431260539882,3,18,70.34861720334928,2,96,0,15,2.0,29,36603.3,0.0,4.193786319570983,0,1,234,Credit Card,Region_09,0
35.052603689532795,12.0,60.02820185525542,12,9,28.412624885487872,2,75,0,10,2.0,32,37270.57,60.72,16.02707953569695,2,4,1262,PayPal,Region_16,2
36.02996375313228,8.0,60.64465642567658,7,9,75.76479420050117,2,24,0,5,4.0,18,68444.68,183.6,28.752118447434594,0,3,1831,Bank Transfer,Region_19,2
19.70145482555079,5.0,36.02611123122625,5,6,21.97014548255508,0,18,0,0,2.0,39,53109.53,3.49,21.18709749326412,3,7,637,PayPal,Region_14,1
17.002043874005892,3.0,35.00806632843912,2,9,21.020122632440355,9,58,1,15,2.0,41,87285.78,70.9,3.9099636924159435,0,3,813,Credit Card,Region_36,0
7.8307233122136175,1.0,19.476109098748907,2,9,20.15661446624427,2,52,0,20,2.0,56,29909.33,61.53,33.62315653300519,6,3,1330,PayPal,Region_36,0
26.7950339722963,,52.417120441951475,4,14,72.67950339722962,10,86,0,5,,24,49619.23,25.06,40.04377029108438,8,6,1529,Crypto,Region_03,1
39.932225754125476,3.0,67.38988147836734,4,16,22.39593354524753,2,38,0,10,2.0,31,38731.18,0.0,34.38738035804527,1,0,1540,Bank Transfer,Region_26,1
9.921671987235241,4.0,18.15351354362263,3,22,20.79373375897882,8,4,0,5,3.0,25,50753.48,0.0,34.62818928415771,1,3,1228,Crypto,Region_11,0
33.54314241943987,4.0,68.20348559584203,4,12,72.68345139355519,10,39,0,0,3.0,48,75128.95,346.42,7.867628613352185,1,7,66,Bank Transfer,Region_28,2
22.37155195973906,3.0,32.34512186266576,3,8,71.34229311758435,0,84,2,5,1.0,27,66059.05,0.0,11.061536083116273,0,3,1652,Crypto,Region_40,1
71.65694530446837,13.0,135.72365177016874,12,25,88.63080577916178,0,57,3,10,,23,42831.99,69.34,33.442427484963254,0,1,1818,Bank Transfer,Region_11,2
26.51320875462885,6.0,42.74325907638354,5,12,23.181585050555462,2,99,0,0,3.0,33,58609.8,85.35,44.52015743570906,5,2,273,Crypto,Region_12,1
19.836313679662723,4.0,37.174191061313316,4,12,71.58690509437302,8,77,0,5,5.0,46,45789.39,85.37,44.219597494317256,2,1,1343,Credit Card,Region_27,1
14.78407607238964,3.0,28.675262515146496,4,11,70.88704456434338,8,5,0,15,1.0,30,44552.22,0.0,31.02732953772503,2,4,1843,Bank Transfer,Region_12,0
28.762807320439062,13.0,52.722618359637664,10,8,27.478329903314155,1,18,0,5,2.0,23,42980.04,41.15,34.81587140329784,3,1,1087,Bank Transfer,Region_33,2
32.21859609010838,7.0,69.13583743320797,9,15,74.51060345261517,1,67,0,0,2.0,27,42306.31,112.72,25.01510015449539,1,3,169,Bank Transfer,Region_05,1
14.345594951808973,3.0,24.31791141089969,5,10,20.860735697108538,2,23,0,20,1.0,31,61806.14,29.35,18.459542070722787,0,2,155,Crypto,Region_21,0
10.771207604148378,1.0,11.190734312848873,2,20,70.21542415208297,10,89,0,10,2.0,49,63118.13,0.0,10.514837594238221,1,2,169,Crypto,Region_30,0
8.710817818172597,1.0,17.4617074103449,3,15,70.17421635636344,0,18,1,10,4.0,32,47862.98,0.0,29.37793453109297,2,4,1925,Crypto,Region_33,0
17.20719535761045,5.0,30.122751720076508,3,9,71.72071953576105,10,58,1,10,2.0,20,56090.6,0.0,43.23995911809371,6,2,463,PayPal,Region_10,1
55.363854476133625,13.0,102.42894409813638,12,12,84.39460216379474,8,60,3,0,1.0,25,75405.14,7.41,24.03648019594394,4,2,449,Credit Card,Region_01,2
19.917369714546265,3.0,40.26174169555195,4,10,71.19504218287278,8,31,0,5,1.0,34,31929.54,0.0,4.181621907140873,0,1,1382,Credit Card,Region_29,0
9.441141563551458,3.0,16.82560645587031,4,16,20.566468493813087,8,44,3,0,2.0,39,47429.08,262.36,23.825442132804017,4,3,897,Crypto,Region_07,0
14.634103798726548,1.0,28.52293899091928,3,10,20.292682075974533,0,34,1,15,1.0,26,55281.19,288.65,4.882517815753607,0,3,1453,Bank Transfer,Region_33,0
19.39837292213918,10.0,35.63826092103568,9,15,23.879674584427836,1,53,1,5,1.0,27,50147.86,0.0,71.75161374813875,4,6,1477,Credit Card,Region_01,2
19.417076439535972,,43.91017481153831,6,8,72.71839070153504,2,1,1,10,2.0,35,65804.86,0.0,34.33973209037185,5,1,1204,PayPal,Region_31,1
24.229633936487502,3.0,41.76053232133918,4,9,21.45377803618925,1,96,1,10,1.0,24,104075.51,0.0,34.31947134376826,1,1,756,Crypto,Region_33,1
8.466579865582446,3.0,11.804492767999088,5,8,70.50799479193495,8,73,1,5,4.0,48,24314.17,0.0,22.323153772983925,3,1,638,Bank Transfer,Region_03,0
8.376225958345165,1.0,19.480861240577436,3,17,20.167524519166903,10,44,1,15,3.0,21,41409.16,15.53,37.95447867674018,6,2,1971,Crypto,Region_31,0
9.326764567738259,1.0,12.142277145215285,2,12,20.186535291354765,10,32,0,10,4.0,18,56804.59,64.74,53.417914247093336,10,5,418,Credit Card,Region_02,0
13.692895084368274,2.0,26.608000179775622,3,20,70.54771580337473,8,22,2,0,2.0,49,64099.69,0.0,25.894590314886322,2,2,914,Bank Transfer,Region_18,0
22.761451756011787,4.0,40.12266739247544,6,14,21.820916140480943,0,97,0,0,2.0,22,31349.77,8.04,30.698942243918374,3,4,1194,PayPal,Region_40,1
10.02124667590169,1.0,17.531640593913377,3,14,70.20042493351804,0,35,0,15,3.0,39,63714.42,0.0,4.850056933302047,0,3,992,Credit Card,Region_18,1
19.13884307787773,10.0,46.63644066023076,7,17,23.827768615575547,0,93,0,20,1.0,40,36708.87,0.0,37.016073052869366,3,4,1151,Crypto,Region_24,2
35.06676896405437,7.0,69.29061785990903,7,12,24.90934765496761,2,68,3,5,2.0,43,58964.41,0.0,2.44511674335589,0,5,281,Credit Card,Region_32,2
14.63000613566803,2.0,31.441908710799616,3,17,20.585200245426723,9,84,2,0,,77,51792.64,41.76,31.658946495888557,0,2,719,Crypto,Region_24,0
8.174324332508519,9.0,17.3666370009002,9,10,21.471378379851533,10,79,0,10,1.0,29,59734.45,164.92,28.303893194154096,5,1,700,Credit Card,Region_09,1
36.60218468743259,5.0,62.42636183017778,5,12,73.66021846874325,9,70,0,5,4.0,23,61717.68,0.0,21.911492974076992,2,5,392,Crypto,Region_12,2
19.875759176945134,4.0,37.08377495218984,4,13,71.59006073415561,10,8,4,15,2.0,38,63028.39,0.0,16.086061109476148,2,3,1589,PayPal,Region_27,1
21.22829817732693,4.0,41.127558223331825,3,3,71.69826385418615,2,87,0,15,2.0,31,32391.11,82.46,24.491389414796906,3,1,1530,Bank Transfer,Region_39,0
10.443620100957496,4.0,19.793443332420335,4,21,20.8354896080766,10,48,0,5,1.0,31,63304.29,89.98,16.113882903656666,2,6,723,Crypto,Region_05,0
14.199341551172509,4.0,26.032566428830325,6,6,21.135947324093802,2,25,0,15,1.0,40,88844.61,16.26,53.60005786838167,7,0,1820,Crypto,Region_35,0
47.29964811471364,7.0,83.15212011253753,7,6,76.62195073605992,2,95,1,0,3.0,47,49834.99,6.36,53.894338106852146,4,4,525,Bank Transfer,Region_26,2
10.462248612806361,3.0,20.19934075145786,4,0,20.627734916768382,1,26,0,0,1.0,22,39819.36,45.06,47.00912402003814,8,2,618,PayPal,Region_10,1
16.56484844586564,1.0,27.18887044529052,3,14,70.33129696891731,10,40,0,0,5.0,87,54818.65,9.96,33.036032460799724,6,2,1289,PayPal,Region_10,0
26.739947335854986,7.0,51.64902110237528,7,1,23.743592627019698,2,82,0,15,3.0,33,50751.54,10.51,23.97423044274328,2,3,1415,Credit Card,Region_03,1
30.06336905942725,5.0,44.035208301180866,4,7,73.00633690594273,1,71,1,50,1.0,35,52698.04,297.42,30.555823698430405,4,0,1541,Bank Transfer,Region_13,1
58.58596030122705,1.0,112.2484463744584,3,22,21.17171920602454,10,5,0,5,1.0,42,50127.5,0.0,13.632028025661553,1,1,586,PayPal,Region_22,0
5.292839261042438,1.0,2.968781160536942,1,17,20.105856785220848,0,82,6,15,1.0,52,53506.51,57.88,39.96320663335561,0,1,824,PayPal,Region_21,0
48.904952032140514,3.0,82.69263853750513,4,10,22.93429712192843,10,86,0,5,1.0,31,73237.58,0.0,42.55848316004411,5,1,1325,PayPal,Region_34,1
10.859290623361279,1.0,21.5909940501587,3,5,20.217185812467225,8,65,1,5,1.0,29,35370.8,33.49,41.90576776767885,4,4,1284,Bank Transfer,Region_26,0
27.52051046484981,4.0,52.236627988502974,5,9,72.20164083718798,9,60,0,0,1.0,33,43341.02,68.88,23.88906462278952,2,2,588,Credit Card,Region_10,1
11.962719455276856,3.0,31.924284901520185,4,17,70.7177631673166,8,66,0,10,3.0,49,38873.52,44.63,12.264884085804391,1,3,652,PayPal,Region_20,0
20.70355586922844,7.0,38.74782321115682,6,14,22.898497821691983,9,65,1,0,5.0,48,58520.19,0.0,27.260132234711463,1,1,1420,Crypto,Region_17,1
9.69942716590809,2.0,17.256695068670393,3,23,20.387977086636322,0,76,0,0,1.0,46,43497.2,94.11,45.228842020582775,7,3,1708,Credit Card,Region_24,0
13.898813742508379,,25.974361629229204,5,9,20.277976274850168,9,95,1,20,1.0,39,39735.88,36.94,26.899560257032267,1,0,404,Bank Transfer,Region_33,0
13.371566122726023,6.0,32.02125782734573,6,6,71.60458793472712,0,42,0,20,4.0,33,57129.35,99.88,11.210261806276854,0,2,291,Bank Transfer,Region_16,1
16.44845689454665,3.0,41.72922236350587,4,13,20.9869074136728,10,24,1,15,1.0,44,51019.37,0.31,32.27110500273754,4,3,447,PayPal,Region_37,0
10.314206719561865,1.0,17.64157060066643,1,14,70.20628413439124,8,61,0,15,1.0,34,70271.84,111.17,44.30831285238379,4,1,683,Crypto,Region_34,0
7.752165815467249,5.0,16.66776054870161,4,14,70.77521658154673,1,12,4,10,1.0,32,52408.32,0.0,33.94900790988278,0,0,1266,Credit Card,Region_08,0
20.491186293686887,5.0,36.51218940615876,6,7,72.04911862936869,10,93,1,20,1.0,55,61874.52,0.0,16.356932183839977,1,1,1422,PayPal,Region_15,1
40.56313652313097,4.0,72.54231403536643,3,0,73.24505092185048,10,82,2,0,3.0,32,44299.07,108.08,28.851205669390207,4,7,1895,Credit Card,Region_13,1
19.80364407965696,10.0,45.04181246270636,9,6,73.96072881593139,9,23,1,20,1.0,63,82030.37,79.8,31.534760833945306,0,3,981,Credit Card,Region_25,1
14.060668722175075,1.0,20.680545080597685,1,15,20.281213374443503,10,96,1,20,2.0,19,74795.07,0.0,9.852726536352147,1,3,1075,Credit Card,Region_28,0
9.094023956455715,3.0,4.697837077203644,3,15,20.545641437387342,2,58,0,10,2.0,25,49303.04,22.06,9.029508453782238,0,2,1013,Credit Card,Region_39,0
16.49683822751026,1.0,31.281530604751236,1,16,20.329936764550204,1,76,8,5,3.0,29,75347.27,315.69,12.08580351703673,1,5,179,Credit Card,Region_36,0
16.02585083325362,1.0,34.851564143666884,4,13,20.32051701666507,1,94,1,0,2.0,44,66353.63,65.7,19.90772738344498,2,3,302,Credit Card,Region_38,0
25.519517034537323,3.0,47.03461379342234,4,13,21.53117102207224,0,37,3,20,1.0,51,48611.86,61.24,48.839577170196925,2,2,713,Credit Card,Region_10,0
11.356320052811007,2.0,22.95239385109987,2,17,20.45425280211244,8,7,1,5,2.0,40,43510.5,0.0,14.968541489956886,1,3,1952,PayPal,Region_16,0
15.918181108385761,1.0,32.41469290072884,3,12,20.318363622167716,2,57,0,10,4.0,34,57920.11,48.24,34.49012501271814,4,4,259,Bank Transfer,Region_13,0
46.48952487988512,16.0,84.23570015084124,14,12,84.87664796156324,8,29,0,10,1.0,36,67444.15,163.83,13.001907623386183,1,4,242,PayPal,Region_30,2
20.457482597340075,1.0,39.60500679245376,2,0,70.4091496519468,8,18,0,20,1.0,30,40148.31,83.83,36.264266480204085,6,1,862,Credit Card,Region_13,0
9.138233038560823,2.0,19.146878962677782,4,11,20.365529321542432,1,95,0,0,4.0,36,65302.66,23.67,12.04214917489585,2,5,1806,Crypto,Region_25,0
33.049357476344554,4.0,49.69582047122276,5,7,72.64394859810757,2,29,1,0,3.0,41,35587.65,43.19,2.267678795432011,0,4,1137,Credit Card,Region_17,1
11.26973801500864,1.0,20.85486289566451,3,12,70.22539476030018,9,54,2,0,1.0,28,61782.42,2.33,26.427202594907133,1,5,612,Bank Transfer,Region_06,0
239.10668238518872,4.0,35.17528866453648,4,5,21.91285345908151,2,45,0,95,3.0,39,33711.04,0.0,15.682673087344703,1,6,1664,PayPal,Region_21,1
25.449624635190883,6.0,45.61846681780648,5,14,73.05395495622291,0,37,0,5,1.0,32,69279.1,275.89,31.651355624080242,3,3,1152,Credit Card,Region_21,1
49.44674137719339,11.0,86.52772973475093,8,9,30.878283102982543,10,16,1,5,2.0,53,67954.5,99.96,39.9019600945883,7,4,1057,PayPal,Region_28,2
11.629074477474864,1.0,26.102390331293897,2,18,70.2325814895495,1,97,0,0,4.0,51,61371.2,0.0,17.407065094532484,0,3,1651,Credit Card,Region_12,0
48.71004507867862,9.0,88.90014493767151,7,8,78.76780811416215,2,79,4,15,3.0,51,51280.38,0.0,30.41415007840315,4,2,493,Bank Transfer,Region_08,2
22.90252629477951,,43.59051156104426,3,7,71.37415157768677,0,58,0,0,1.0,26,58754.55,13.03,6.925314673323848,0,2,948,Crypto,Region_37,0
18.06867677588072,2.0,31.566364606774044,3,8,70.72274707103523,9,36,3,20,2.0,38,60677.64,159.17,28.88430013039623,3,2,1006,Credit Card,Region_19,0
17.247407408090538,3.0,36.30623964759478,5,9,71.03484444448543,8,54,3,15,1.0,35,33123.26,119.59,31.02761641557999,3,1,610,Bank Transfer,Region_18,0
37.25492644323288,13.0,59.07224089520552,10,16,29.68628087524055,8,5,4,0,2.0,26,45813.79,75.39,23.117356796195935,4,2,1818,Bank Transfer,Region_20,2
8.536095217128945,,10.887459130225404,5,12,20.853609521712894,0,65,0,0,1.0,36,47406.98,48.64,56.813222828185125,8,3,887,Credit Card,Region_12,0
17.852083485574454,2.0,38.56528588207804,1,9,70.71408333942298,1,68,0,10,5.0,48,50170.2,0.0,16.87595443238137,2,3,751,PayPal,Region_05,0
34.8278974681053,3.0,60.51197294692862,6,6,72.08967384808632,8,41,0,0,2.0,35,77986.5,96.24,20.427459518143916,0,2,643,Credit Card,Region_23,1
21.956610815913834,1.0,28.792739442790477,1,9,70.43913221631827,1,82,3,5,1.0,43,58029.27,84.24,48.70492673875504,7,5,1482,Bank Transfer,Region_20,0
9.567842630695958,1.0,24.485323118322153,1,15,70.19135685261392,1,64,2,0,2.0,35,76964.88,33.51,7.963387949090461,1,2,584,Bank Transfer,Region_09,0
11.113721742244618,2.0,25.3893794928393,4,12,20.444548869689786,8,88,0,5,1.0,24,51264.5,32.1,7.635239403384829,1,2,1913,Credit Card,Region_23,0
6.323079391538529,3.0,14.936389937823016,4,14,70.37938476349231,9,79,0,5,1.0,40,42365.1,44.26,44.586308538440534,0,3,1783,Credit Card,Region_38,0
10.412547377843792,4.0,19.214615314877335,6,18,70.83300379022751,10,93,0,5,1.0,45,59832.09,56.81,38.549091934720806,3,2,1359,Bank Transfer,Region_09,0
18.14923124618565,1.0,40.97235133392766,3,12,20.362984624923712,2,93,0,0,1.0,30,51138.69,133.98,42.71918690122191,0,8,1432,Bank Transfer,Region_40,0
20.356532104288398,8.0,42.93484993303162,7,5,73.25704513668614,10,9,0,0,1.0,35,82658.26,0.0,14.696882438082312,2,5,726,Crypto,Region_29,1
15.739790267330815,2.0,36.070902825155514,4,11,20.629591610693232,8,39,2,15,2.0,46,32033.71,0.0,7.498675540845662,0,2,1182,Bank Transfer,Region_37,0
11.288660853296488,2.0,23.797091938169835,4,10,70.45154643413186,2,51,1,0,2.0,27,65612.39,0.0,39.27861343503944,6,3,824,Crypto,Region_30,0
279.2780566329407,4.0,50.88402945018474,4,12,72.23422445306352,1,23,1,95,2.0,40,57296.57,0.0,26.66466721076295,1,4,51,PayPal,Region_13,1
7.69771432645617,,11.860061432547111,3,15,20.153954286529125,9,58,0,5,1.0,43,49942.8,227.57,34.75111381334502,4,3,542,Bank Transfer,Region_27,0
25.383104609728836,,39.34496908518254,5,15,73.04597255316746,1,20,0,20,2.0,46,42273.58,0.0,21.043474655620255,0,0,215,Crypto,Region_17,1
3.682329659904544,2.0,9.138421465159904,3,13,70.14729318639618,9,51,1,0,1.0,35,66208.39,0.0,13.98572395255116,1,1,1122,Crypto,Region_04,0
11.304959652586613,1.0,23.275714048633926,2,12,20.22609919305173,10,78,2,5,2.0,41,47091.77,0.0,72.08943780885059,10,4,1134,PayPal,Region_03,0
6.345911215974832,3.0,9.67373352921808,3,10,20.38075467295849,10,4,1,5,5.0,30,71825.89,354.92,33.631336120812584,0,5,417,PayPal,Region_19,0
19.73508086440545,3.0,38.591550696512975,3,10,21.184104851864326,10,35,0,0,2.0,28,28293.22,0.0,4.979522766475899,0,1,704,Credit Card,Region_01,0
16.625920295095646,3.0,28.265767373176445,5,4,70.99755521770574,0,21,0,20,2.0,50,48205.65,45.07,17.78428049458358,2,3,608,Bank Transfer,Region_08,0
14.682677429862409,3.0,30.76595783048714,2,13,20.880960645791745,10,7,1,15,3.0,31,36724.64,155.85,17.744311147255207,1,1,1733,PayPal,Region_02,0
22.385255171893252,2.0,35.88292284369426,2,10,70.89541020687572,9,94,0,0,2.0,35,28148.56,31.46,51.8331139196748,9,4,1874,PayPal,Region_35,0
8.334748915801926,,9.726990373399957,6,15,20.83347489158019,9,51,0,0,1.0,37,58479.77,95.14,18.882454454227293,0,2,564,Bank Transfer,Region_03,0
24.506668867044425,,42.90911032458673,4,14,71.47040013202266,10,0,0,0,2.0,20,77151.25,0.0,20.077348162408022,3,4,1496,PayPal,Region_17,0
17.687826342704142,1.0,35.982014394378886,3,12,20.353756526854085,1,83,0,50,2.0,21,62986.25,416.1,26.867763339429207,2,3,1407,PayPal,Region_39,0
11.082617447142889,4.0,14.154784081562083,5,7,70.88660939577143,10,27,0,5,5.0,39,46482.48,0.0,24.06108247241263,4,3,517,Bank Transfer,Region_31,0
19.187289581929328,,39.78555634251877,2,8,70.76749158327718,10,30,0,20,1.0,36,59583.47,0.0,17.906997356363487,1,4,1645,Crypto,Region_10,0
15.760118367588971,4.0,20.155272389734087,4,11,21.260809469407118,8,52,0,5,2.0,39,67361.84,28.17,18.847307690818987,3,2,687,Credit Card,Region_10,1
8.759986250670712,1.0,14.534245873235829,3,12,20.175199725013414,8,23,0,0,2.0,31,48688.66,3.68,2.6101181841408714,0,1,1800,Credit Card,Region_18,0
19.231779840080797,4.0,27.551823076632235,5,10,71.53854238720646,2,44,0,0,2.0,32,48213.12,0.0,14.535975780967872,1,2,360,Crypto,Region_39,1
19.85406787313669,,22.68782535072988,2,19,20.397081357462735,0,6,0,5,1.0,37,90671.55,154.37,60.420871385694866,9,0,1314,Crypto,Region_05,1
7.9835002482731205,1.0,16.202559470767888,2,15,20.159670004965463,9,1,0,0,1.0,40,61058.12,276.33,44.65547933755627,6,0,145,Bank Transfer,Region_06,0
40.01415341236577,8.0,71.13642059910282,7,12,26.402264545978525,2,72,2,0,1.0,25,66422.18,0.0,31.12976103831603,0,4,474,PayPal,Region_31,1
40.30430309696571,5.0,65.56225091038584,4,1,24.03043030969657,10,62,0,0,,32,64264.48,11.89,47.56327603561562,6,7,778,Bank Transfer,Region_36,2
14.027251697208555,2.0,22.665983765051504,1,16,70.56109006788834,9,82,1,5,3.0,42,70649.09,0.0,58.25425370451225,8,7,1819,PayPal,Region_14,0
9.69741595312612,2.0,19.664474850273585,3,28,70.38789663812504,9,40,2,0,1.0,25,83545.72,60.24,39.47667388258084,3,3,1397,Crypto,Region_33,0
11.84325704374978,5.0,19.47711434380376,4,20,71.18432570437498,0,88,2,50,3.0,31,65449.13,263.3,57.47594983680576,1,5,180,Bank Transfer,Region_29,1
27.33103701324926,6.0,48.20246104600668,6,7,23.279724441589913,0,22,2,5,2.0,45,46419.33,2.11,8.521815474092952,0,2,896,Credit Card,Region_19,1
5.6694834416957,1.0,8.212787343437007,2,27,20.113389668833914,2,49,1,0,,38,55857.83,0.0,25.528915711907686,3,0,1922,Credit Card,Region_10,0
11.852589673648017,3.0,18.423150755416636,2,13,70.71115538041889,8,73,1,5,1.0,27,57653.03,72.25,22.601534399290898,3,3,268,Bank Transfer,Region_23,0
7.047507332650917,,9.708826825056263,4,16,70.56380058661207,9,86,0,10,1.0,28,62465.87,0.0,52.68609240957923,3,4,1411,Crypto,Region_08,0
26.974996993585844,2.0,45.43150775697584,5,8,21.078999879743435,1,32,2,5,2.0,34,53903.33,21.83,20.510364296973567,1,2,667,Credit Card,Region_24,0
35.32338074968596,7.0,59.816370969069354,6,8,74.94527330495603,2,42,0,0,,29,48898.24,0.0,22.47135757026418,0,2,938,Credit Card,Region_06,1
12.708887050645357,2.0,17.78952370270763,4,1,70.50835548202582,9,82,2,0,4.0,23,34338.67,28.26,24.45323987575305,1,2,1151,Bank Transfer,Region_37,0
20.195961750128966,3.0,34.45416956164299,4,14,21.211757705007738,0,54,0,5,1.0,42,52134.33,0.0,14.91999459515267,0,2,1052,Bank Transfer,Region_27,0
17.487277368441244,8.0,28.277460001554154,6,10,72.7979643789506,10,50,0,0,1.0,37,36673.4,0.0,22.635339487675637,1,5,1980,Credit Card,Region_32,1
15.140779782445815,3.0,21.894910455824004,5,11,70.90844678694675,0,97,0,0,1.0,33,44621.91,328.06,63.834195421068806,6,7,1763,Bank Transfer,Region_30,0
13.196137504635107,2.0,27.58312078512796,3,14,20.527845500185403,0,36,1,0,1.0,47,53759.72,16.87,37.22128158040559,4,7,1230,Crypto,Region_03,0
27.265114626539116,6.0,55.24038618735399,4,8,23.271813755184695,0,62,3,10,1.0,28,56362.49,79.66,3.8691112615852017,0,6,1693,Crypto,Region_10,1
40.810581572149836,5.0,73.45853295685271,4,12,24.081058157214983,10,66,0,15,,40,53074.57,268.99,36.0531127036298,7,4,164,PayPal,Region_18,1
16.329884614743158,,29.726157246191878,3,17,70.65319538458972,8,44,3,0,2.0,40,64947.77,107.92,11.095327906273502,0,1,718,PayPal,Region_13,0
13.673907641171493,2.0,21.1502139247607,4,14,70.54695630564686,8,70,2,0,2.0,29,41411.9,2.02,6.9155446677912416,0,4,740,Bank Transfer,Region_17,0
6.284240713954847,3.0,16.64679006907371,3,14,20.37705444283729,9,48,1,0,1.0,29,38540.66,7.22,53.455582046871385,4,3,1602,Crypto,Region_16,0
8.297725838422789,2.0,23.62681208454272,6,14,70.33190903353692,9,0,0,5,2.0,36,62084.23,54.79,33.80786981931169,6,2,1091,Credit Card,Region_21,0
11.598971455614926,1.0,20.059179474978556,1,14,20.2319794291123,2,53,2,15,3.0,38,62494.83,48.51,9.861862456552984,0,5,104,PayPal,Region_12,0
12.646101042882496,1.0,20.155749235225887,3,8,20.25292202085765,0,35,1,5,1.0,37,75109.98,0.0,14.844417469374724,2,3,1660,PayPal,Region_16,0
7.751749114781219,4.0,15.66052473638042,2,15,70.6201399291825,0,64,1,0,1.0,18,53850.83,0.0,26.077324281840397,2,3,526,PayPal,Region_14,0
31.965930706894436,2.0,58.18333049260193,3,13,71.27863722827578,10,40,3,20,1.0,37,37802.59,14.17,24.297664556503324,4,4,460,Crypto,Region_10,0
22.343995385038394,2.0,37.71841431578266,3,11,20.893759815401534,1,93,1,5,1.0,36,45418.8,9.38,30.805250087052606,0,2,1705,PayPal,Region_17,0
15.500113216006264,1.0,30.256182953973028,1,9,20.310002264320126,1,49,0,5,3.0,24,37923.22,201.68,29.344766389594767,1,3,1309,Bank Transfer,Region_19,0
12.53863583893675,2.0,27.260332547035638,4,11,70.50154543355747,0,95,0,5,1.0,41,47506.9,59.74,48.814997586223605,0,4,1921,Credit Card,Region_09,0
11.191073057365504,,16.21483949663401,3,16,70.22382146114731,1,48,2,0,1.0,36,61175.36,18.55,51.69316360499033,7,1,1323,Credit Card,Region_06,0
8.32474675838909,2.0,27.694714063678383,3,9,70.33298987033557,1,82,0,10,1.0,29,57310.28,0.0,28.937832978663486,3,5,1031,Crypto,Region_18,0
25.304752081588212,4.0,37.883842961369645,5,6,72.02438016652705,0,46,0,0,1.0,36,66348.38,127.43,14.622672676246559,0,3,450,Crypto,Region_33,1
13.505554105480167,2.0,20.051543758159795,2,4,70.5402221642192,8,9,0,0,3.0,24,32161.72,17.9,44.21910764417263,0,2,1937,PayPal,Region_05,0
149.28852796842943,6.0,28.041775185829117,7,12,71.79146233562115,8,43,2,95,2.0,44,51733.63,0.0,42.893740026777785,6,1,1654,Credit Card,Region_28,1
28.041079693459743,3.0,61.70830904011028,5,14,71.68246478160758,9,43,3,5,2.0,35,53526.93,0.0,8.291387174795037,1,3,288,Bank Transfer,Region_08,1
11.448931197766674,1.0,17.79512269757689,3,20,20.228978623955335,8,96,0,50,2.0,41,64870.39,29.61,6.875746061532631,1,2,334,Credit Card,Region_34,0
5.679578242237978,2.0,4.894509273050428,4,23,70.22718312968952,0,3,3,0,3.0,32,28699.98,0.0,38.65917879475742,1,4,1801,Credit Card,Region_16,0
8.63519242525733,1.0,18.28955375760692,1,11,20.172703848505147,1,63,1,50,2.0,30,41503.66,0.0,61.04263143112804,7,0,695,PayPal,Region_14,0
10.324893113925596,,17.341835566475716,4,15,70.20649786227851,0,19,2,10,4.0,39,75646.71,82.47,33.212913109130106,6,2,1281,PayPal,Region_17,0
52.19961205352023,7.0,97.28558017110856,6,12,27.307945687492833,2,53,2,15,1.0,28,56982.09,34.68,16.232380412924236,0,2,92,Bank Transfer,Region_05,1
15.220165859026759,,27.042395796746067,4,20,20.60880663436107,1,78,0,0,4.0,28,80166.0,0.0,39.711529737005904,4,2,147,PayPal,Region_29,0
7.1406754474478635,1.0,8.567383094756376,3,21,70.14281350894896,0,40,1,0,2.0,36,80914.54,0.0,9.66236732454598,1,3,950,Bank Transfer,Region_19,0
14.796852892607049,2.0,38.37871505876384,4,13,20.591874115704282,9,29,4,5,3.0,56,33975.66,0.0,52.33474257615763,0,6,1429,PayPal,Region_26,0
6.560576002920965,2.0,1.0,2,12,70.26242304011684,9,70,1,50,3.0,36,37082.59,0.0,41.577852778006665,6,3,1939,PayPal,Region_29,0
37.82901578628445,3.0,77.19342216706087,3,0,72.26974094717707,1,40,0,10,1.0,61,41150.86,0.0,19.423298533655185,3,2,1295,Bank Transfer,Region_11,1
10.090053526656945,1.0,22.828405869152135,4,6,20.20180107053314,8,81,0,10,3.0,20,79470.48,41.67,34.95410059934614,1,1,1230,Crypto,Region_25,0
11.734644378576325,2.0,17.394413423801314,1,4,70.46938577514305,9,93,0,5,1.0,18,50833.17,33.78,26.538012480587863,0,2,1704,PayPal,Region_29,0
75.96849075711935,11.0,146.10538388698367,8,23,86.71306796656626,10,7,10,20,2.0,31,68166.55,0.0,43.924874745984546,6,3,1810,Crypto,Region_18,2
14.660174104774114,9.0,19.531217392372103,8,21,72.63883133885935,2,84,1,10,1.0,33,69743.08,0.0,9.526042026200479,0,2,814,Bank Transfer,Region_29,1
6.966777128585685,4.0,17.580753641491857,4,8,70.55734217028686,10,70,0,10,3.0,41,27365.21,64.55,47.68470146532029,6,4,466,Bank Transfer,Region_39,0
9.646163480007043,1.0,6.949868698777129,2,8,70.19292326960014,10,68,0,0,2.0,49,52427.26,5.04,56.13340561100997,1,3,420,PayPal,Region_40,0
18.455299045872845,2.0,27.490147317719245,4,6,20.738211961834914,10,31,2,50,4.0,54,61667.36,42.76,19.47119896577955,3,2,928,Credit Card,Region_30,0
6.634355786212919,3.0,6.200031286943869,5,28,70.39806134717277,1,79,2,0,1.0,26,70778.41,0.0,36.72321206166369,4,1,540,Bank Transfer,Region_22,0
3.9241028849113877,4.0,3.310101890696503,4,16,20.31392823079291,2,39,0,5,2.0,25,77005.54,0.0,10.636764764566935,1,6,63,Bank Transfer,Region_32,0
10.170958532845738,3.0,18.36563093601562,3,18,70.61025751197074,1,61,4,0,2.0,30,77609.57,198.36,30.529161738911803,3,1,914,Crypto,Region_35,0
15.190896287429794,,23.213731496832843,2,13,20.303817925748596,8,89,0,0,3.0,31,55577.42,148.25,35.59781473764046,0,2,1161,Bank Transfer,Region_37,0
19.689878065021713,3.0,25.25972575855014,3,1,21.181392683901304,0,26,2,0,2.0,24,59747.35,8.55,71.82478066483733,12,3,1055,Bank Transfer,Region_29,0
20.383697825259528,,39.00790992897055,1,18,20.81534791301038,10,38,0,0,2.0,47,13048.58,108.44,20.56442047598175,1,3,1325,PayPal,Region_40,1
10.333895909124697,1.0,18.84576725106185,3,15,70.20667791818249,1,91,0,10,4.0,34,31779.45,191.28,32.89298680457378,2,1,604,Crypto,Region_22,0
19.32810576213692,1.0,36.83522707633736,3,10,70.38656211524274,0,32,1,50,1.0,31,44191.65,0.0,19.682394687198684,2,3,97,Bank Transfer,Region_03,0
5.7667191855896185,3.0,11.2396840803912,3,24,70.34600315113538,1,65,0,20,2.0,25,55899.72,274.1,63.11718972369369,6,4,348,Crypto,Region_13,0
38.267144800534965,13.0,73.65203705088877,8,8,79.94945764813909,8,78,0,0,2.0,24,37055.55,215.1,9.39726198331382,0,6,549,PayPal,Region_02,2
13.14668395327865,3.0,23.286619350096057,3,12,70.78880103719672,2,70,0,0,1.0,60,52578.69,210.47,18.461550172867412,0,4,180,Crypto,Region_09,0
14.580535998842569,1.0,31.307567971968172,3,10,20.291610719976852,0,83,0,10,2.0,42,68341.03,332.57,10.234236070037197,0,5,876,Credit Card,Region_39,0
36.45495258903663,8.0,61.74043141975979,6,15,75.83279241424586,2,12,2,0,1.0,37,25091.88,0.0,29.13155165919095,1,6,1763,PayPal,Region_01,2
248.7283899461096,4.0,41.177758293605464,5,14,71.98982711956887,1,95,3,95,2.0,31,93236.42,0.0,57.160986857352626,9,2,334,Crypto,Region_37,1
9.067250343061986,7.0,23.20124759450254,6,15,21.269415048028677,10,28,0,15,2.0,24,46057.45,139.75,52.05889809507678,1,5,1095,Credit Card,Region_17,1
9.362390330406312,1.0,23.630645885867807,2,9,70.18724780660813,1,67,0,15,3.0,24,60886.92,44.31,12.751339753629514,2,5,360,Crypto,Region_11,0
14.605577627226587,1.0,29.158750442912023,2,10,70.29211155254453,8,82,0,5,1.0,20,35623.05,0.0,31.94994114631809,5,2,1688,Bank Transfer,Region_11,0
16.561527520813353,6.0,25.365209973165,5,6,21.9873833024976,1,9,2,50,1.0,38,62437.5,4.49,19.029802979771986,3,1,1793,Crypto,Region_02,1
45.768390479120484,,77.5349406859381,9,18,78.23831028624168,8,99,0,5,,33,25895.61,0.0,23.511652347707834,4,7,869,Crypto,Region_08,2
14.566858756929884,1.0,32.86066557428015,3,4,20.291337175138597,1,75,2,50,2.0,53,68042.74,52.77,16.545272999539627,0,2,812,Credit Card,Region_14,0
10.62256295602687,1.0,25.483937958739162,3,21,20.212451259120538,10,57,0,20,1.0,37,30785.74,45.01,2.1546621849304586,0,4,291,Credit Card,Region_04,0
13.042138108046231,3.0,23.15795180613259,5,19,70.78252828648277,2,85,0,0,2.0,24,54745.61,94.86,62.38561590101275,6,2,390,Credit Card,Region_16,0
16.69162295128869,4.0,41.75434594716891,5,7,71.3353298361031,1,26,0,20,1.0,26,67445.28,15.08,38.163405083028515,6,3,163,Crypto,Region_07,1
11.216158795338055,1.0,22.483586191339196,3,11,20.22432317590676,0,98,0,0,2.0,28,59158.17,78.52,50.21980805899706,4,3,1147,PayPal,Region_33,0
15.550401649409556,1.0,22.454726098781606,2,8,20.31100803298819,9,57,1,15,1.0,52,44409.86,180.59,23.764900765026628,0,2,632,Credit Card,Region_25,0
12.97194805946753,3.0,21.9713510087021,5,15,70.77831688356805,0,80,0,0,2.0,36,31195.18,55.42,17.74303628841479,3,4,1202,Bank Transfer,Region_06,0
9.634857309675107,3.0,17.37009604744206,5,21,20.578091438580508,0,69,0,0,4.0,35,51860.54,72.98,51.61136026179841,5,2,667,Crypto,Region_08,0
13.325594197176274,1.0,24.41806273866286,3,18,70.26651188394352,8,44,0,15,3.0,43,44897.7,0.0,35.02808321854887,6,5,1641,Crypto,Region_30,0
16.21349493672606,2.0,35.43430697536545,3,9,20.64853979746904,1,49,0,50,2.0,29,43843.82,133.53,32.99755257539662,5,3,1155,Bank Transfer,Region_07,0
10.805156658618436,4.0,14.66783742219139,3,19,70.86441253268947,2,47,2,0,2.0,30,49296.32,82.54,13.713987543261247,2,2,1711,PayPal,Region_19,1
19.368143446652194,2.0,28.205096708412867,3,16,70.77472573786609,1,42,0,5,4.0,45,30551.82,80.27,4.213299417166684,0,5,1357,Bank Transfer,Region_03,0
10.649341982092151,1.0,22.18043398279135,4,12,70.21298683964184,9,13,2,5,2.0,29,35548.32,25.57,21.07153528147888,2,5,1038,Crypto,Region_10,0
14.442799318466536,2.0,23.462116228610498,2,12,70.57771197273865,1,96,0,50,2.0,31,75774.88,249.26,15.275264548551428,2,6,2002,PayPal,Region_31,0
19.66614775318213,1.0,47.51659657306196,3,18,70.39332295506364,9,43,2,5,4.0,33,57448.86,42.22,19.12110796092044,2,2,1620,PayPal,Region_13,0
7.038045621930727,2.0,17.38458402685347,2,20,70.28152182487723,9,27,1,20,3.0,31,34055.0,324.93,8.140255091391655,1,3,996,Crypto,Region_31,0
9.172625863906008,4.0,13.883744293329613,4,20,70.73381006911248,0,60,0,50,2.0,32,74001.48,41.81,8.832308935022551,0,3,1991,Credit Card,Region_09,0
10.854508478486316,1.0,25.6023839551964,1,26,70.21709016956973,9,37,0,20,1.0,59,54909.61,230.57,44.81185422517605,0,5,702,Credit Card,Region_19,0
8.903981992363683,1.0,19.67922156166966,1,17,20.178079639847272,9,70,0,10,,28,63126.66,0.0,26.101435336429514,3,3,1739,Credit Card,Region_27,0
24.385157068502323,1.0,47.06176846062057,3,11,20.487703141370048,10,74,0,0,,44,60275.47,0.0,27.353202189602587,0,3,80,Bank Transfer,Region_34,0
31.730906122555634,8.0,56.50441136265768,8,16,75.0769449796089,2,32,3,10,2.0,22,57922.3,308.62,31.6518012107539,2,3,469,Bank Transfer,Region_36,2
9.75501281934832,2.0,19.661277333019303,3,24,70.39020051277393,10,66,4,15,2.0,26,55432.64,0.0,41.96545198176514,3,2,811,Credit Card,Region_19,0
26.622470441954214,,37.40565729255427,3,7,71.59734822651725,8,21,3,50,2.0,41,74975.62,0.0,33.87337124335241,6,6,857,PayPal,Region_18,1
7.53184618890124,1.0,20.142770161132486,1,14,20.150636923778023,1,12,0,15,3.0,41,30268.38,83.4,12.861784153211033,1,1,1734,Credit Card,Region_01,0
20.941392762681588,3.0,20.514195024486746,4,5,71.2564835657609,2,92,0,5,,28,24294.05,28.0,11.154910717716103,2,3,1510,Credit Card,Region_29,1
27.854131523254384,9.0,47.926821271728315,7,11,75.01374367418579,8,5,2,0,2.0,19,48440.55,15.11,18.093812439185164,0,8,1555,Bank Transfer,Region_12,1
10.663810772950837,1.0,11.216306625341337,2,18,70.21327621545902,0,63,4,5,2.0,41,36297.02,26.72,20.176253370585314,1,1,1626,Crypto,Region_40,0
11.735814755735841,2.0,18.6202108541669,3,8,20.469432590229435,2,53,0,10,1.0,35,33211.58,0.0,40.88624293547801,2,3,146,Credit Card,Region_06,0
9.857840762424043,2.0,17.373527010302755,3,19,70.39431363049697,2,42,0,0,1.0,30,66816.5,70.95,27.518126415376855,4,2,196,PayPal,Region_19,0
6.647307439289721,3.0,5.98118572114044,4,13,20.398838446357384,0,54,2,5,2.0,44,54006.72,31.46,25.388445068695958,3,4,982,Bank Transfer,Region_26,0
50.83765318898914,15.0,77.63538952698424,12,11,85.25129595669674,9,27,1,0,1.0,31,68005.22,17.09,13.979145282792734,0,5,834,Credit Card,Region_38,2
49.50002767467823,8.0,90.1353784351261,8,19,77.92000442794851,0,57,2,20,4.0,42,53681.74,43.18,15.8403084769813,1,2,1144,Credit Card,Region_25,1
45.0314282841863,13.0,91.48876982167481,10,9,31.70817135388844,1,14,0,0,5.0,63,31072.35,17.31,36.5231813451263,2,2,1939,Crypto,Region_17,2
13.331179926621488,2.0,22.239723033668646,3,5,70.53324719706485,0,23,2,5,1.0,54,42884.65,70.56,31.871689813416605,4,3,281,PayPal,Region_12,0
32.36537252488852,8.0,63.05432532592834,9,13,75.17845960398216,2,89,0,5,2.0,33,56605.07,56.83,34.706169917537174,2,4,983,Bank Transfer,Region_20,1
26.903807016776078,8.0,55.94877681798137,8,9,24.304609122684173,0,61,1,50,1.0,66,73789.67,59.57,12.610035003266319,1,1,1482,Bank Transfer,Region_40,2
24.07095346665064,4.0,33.827526617242164,5,16,71.92567627733204,1,64,0,20,1.0,30,57617.23,30.28,42.361959184337174,4,3,1235,PayPal,Region_28,0
13.209437266447154,1.0,21.490611322213272,2,16,20.264188745328944,9,25,1,10,3.0,25,58183.89,0.0,56.49199916708337,10,2,1316,Bank Transfer,Region_06,0
47.12213082835174,7.0,78.43790743258914,6,4,76.59709831596925,9,94,1,5,1.0,26,72085.0,0.0,9.941526349242544,1,2,1447,Crypto,Region_23,1
90.86472797342479,2.0,12.324265845325641,3,20,20.363458911893698,8,60,0,95,3.0,40,64702.21,0.0,12.872634615774256,1,4,1197,PayPal,Region_31,0
50.76589490701153,6.0,99.88866933835389,6,23,26.091907388841385,10,86,5,0,,18,57027.85,110.52,38.048625171780905,6,3,1902,PayPal,Region_02,1
16.610951348195957,1.0,31.018109858873686,3,16,70.33221902696391,8,95,0,0,2.0,36,39347.0,218.91,14.10401873601507,2,0,1739,Bank Transfer,Region_33,0
30.60661109076382,6.0,59.036017968600746,5,15,23.672793330891658,1,0,1,15,1.0,25,94264.4,10.13,27.036949956661992,3,1,1577,PayPal,Region_09,1
13.377976120893894,1.0,23.860861487790082,2,11,20.267559522417876,8,81,3,10,2.0,22,35688.01,0.0,15.56458247441673,1,3,72,Credit Card,Region_26,0
11.029666011194744,1.0,13.800635591472819,3,11,70.2205933202239,9,80,2,15,1.0,42,47250.62,0.0,28.162127092188747,3,5,224,Crypto,Region_17,0
19.69200396781227,1.0,38.83618562815562,2,12,70.39384007935625,10,45,1,15,1.0,19,23781.8,60.64,48.766721692124584,3,4,691,Credit Card,Region_17,0
25.949282189521952,6.0,52.971584798353625,6,14,73.11391386274263,9,91,3,0,,29,83332.16,0.0,36.33362466785901,1,2,910,Credit Card,Region_30,1
11.169335466024874,5.0,21.691674919688058,5,18,71.11693354660248,8,0,0,0,5.0,26,59319.75,65.54,18.86935703775789,3,2,537,Bank Transfer,Region_37,1
7.792217002250142,3.0,16.471612412849932,2,12,70.46753302013501,0,50,1,10,1.0,31,70007.24,7.76,29.74665213693876,1,3,1476,Credit Card,Region_30,0
11.30971056943543,1.0,14.183472093149852,1,10,20.22619421138871,9,35,5,20,3.0,27,59201.44,60.47,28.194319615890283,3,3,1024,Credit Card,Region_16,0
27.771202243406,7.0,53.52248220387693,5,2,23.88796831407684,8,68,7,15,1.0,35,71214.45,0.0,3.5241490928088606,0,2,1617,Bank Transfer,Region_21,1
11.909835894108046,1.0,28.167773724026226,2,16,20.23819671788216,8,68,1,5,2.0,28,52785.08,72.68,11.857733411932841,1,8,778,PayPal,Region_18,0
39.94838779855347,7.0,73.93002540875352,7,9,75.59277429179748,1,65,0,20,,45,12612.29,24.48,46.251950690645835,3,1,1012,PayPal,Region_27,1
5.582067650177417,,1.0638055409348883,6,14,20.55820676501774,1,74,0,0,2.0,31,84793.68,257.87,55.32475210602168,7,2,1360,PayPal,Region_05,0
12.90268171442951,3.0,31.402974589849524,5,21,70.77416090286577,9,98,3,0,1.0,33,53990.03,109.48,7.579436603893484,0,3,1529,PayPal,Region_13,0
5.887363708911609,3.0,5.873135207822077,5,18,20.353241822534695,2,29,3,0,1.0,33,64471.51,74.76,14.986985247493342,2,7,606,Credit Card,Region_26,0
16.508657135534385,2.0,31.65451697841145,3,13,70.66034628542137,8,95,0,0,4.0,29,74376.83,0.0,9.91249266340023,1,4,718,PayPal,Region_20,0
23.622898433403332,4.0,47.286098522930594,4,14,71.88983187467227,0,7,4,0,2.0,36,43531.47,94.81,39.56662052110782,0,6,1519,PayPal,Region_05,1
14.408869994791065,2.0,31.334057600878886,4,19,20.57635479979164,2,1,0,0,2.0,42,77825.8,0.0,12.218834812496732,1,2,2013,PayPal,Region_13,0
8.623118686011637,1.0,6.521329575921717,1,6,20.172462373720233,8,99,0,0,1.0,21,36946.31,0.0,10.060908611623605,1,2,1813,PayPal,Region_40,0
40.92683550309685,8.0,74.254390185939,6,8,76.54829368049549,2,24,1,0,2.0,22,66146.31,49.2,48.95250378872148,8,2,1952,PayPal,Region_37,1
18.480014773102752,1.0,33.519134645998,2,10,70.36960029546205,8,18,0,0,,18,46003.43,21.37,29.51202327826854,0,2,1773,Crypto,Region_26,0
15.38538020544497,2.0,34.8888253084335,2,7,70.6154152082178,8,70,6,0,2.0,34,58856.97,0.0,25.990642780672818,3,5,469,PayPal,Region_15,0
42.44432008173666,8.0,78.69339385917914,7,10,26.791091213077866,2,13,0,15,1.0,32,47055.22,164.08,47.777009251247435,4,3,797,PayPal,Region_09,2
30.936691730910194,6.0,62.92663342086315,5,2,73.71240300770923,1,3,0,0,,37,55935.81,0.0,35.2256050881867,4,3,755,Credit Card,Region_23,1
9.181980965532,4.0,19.227153737383368,5,18,70.73455847724256,8,45,0,10,2.0,28,33311.61,62.22,36.51253255565839,5,3,1821,PayPal,Region_21,0
62.942541063212715,,112.9257428909768,9,18,33.8473590339068,9,32,2,0,,34,22600.15,0.0,56.580565574114495,1,1,1354,Bank Transfer,Region_36,2
47.45549657869939,1.0,86.3891909493497,3,14,20.94910993157399,2,36,0,5,1.0,44,47235.34,0.0,40.72520147150493,4,3,209,PayPal,Region_34,1
18.69477782176299,4.0,41.268584664685704,3,11,71.49558222574105,10,29,1,10,,32,95298.02,0.0,27.293420341384522,2,2,100,Crypto,Region_02,0
9.098949907435774,2.0,9.893450655878148,3,17,20.36395799629743,1,83,0,10,2.0,26,82465.68,0.0,23.77280927682288,2,2,1141,Credit Card,Region_18,0
28.348296123655643,7.0,55.55670557318282,6,0,73.96876145731179,0,77,0,10,2.0,42,52277.63,97.94,7.1939404858659755,0,2,1908,PayPal,Region_27,1
14.625160720545438,2.0,23.187209340877857,3,14,70.58500642882181,8,26,0,0,2.0,37,79252.33,0.0,12.883616954218812,2,2,724,Bank Transfer,Region_01,1
15.316889745381367,1.0,23.358006120442944,3,10,20.306337794907627,10,12,1,15,1.0,28,65366.78,0.0,28.713124983656403,0,1,631,Credit Card,Region_20,0
29.377861049315722,9.0,57.99728172184916,8,12,75.28801498887682,8,70,0,50,4.0,24,41504.91,0.0,42.920056479385934,3,1,874,Crypto,Region_23,1
11.612399668981277,7.0,16.48688312911133,6,7,21.62573595365738,10,81,0,0,1.0,34,60923.62,97.64,36.10574293714877,4,6,963,Crypto,Region_38,1
7.654444522260823,3.0,15.663373724696106,4,17,20.459266671335648,9,37,1,20,2.0,36,18748.11,0.0,49.2073415397468,8,4,218,Bank Transfer,Region_39,0
10.878022194424794,3.0,17.135732839165808,4,20,70.65268133166549,1,51,1,0,4.0,50,41288.17,47.01,8.86392914076045,1,1,580,Credit Card,Region_28,0
10.801187709048964,4.0,7.657454396805768,5,14,70.86409501672392,8,72,0,10,2.0,37,40703.26,171.3,18.946397776288183,0,7,714,Crypto,Region_29,0
15.122886004221623,6.0,29.609774708120668,6,8,21.814746320506593,10,86,0,5,1.0,48,59954.11,0.0,39.16227537165476,5,2,521,Crypto,Region_33,1
14.233402509983796,2.0,26.25173088275478,4,9,20.56933610039935,1,94,3,15,1.0,35,46725.68,0.0,19.481276604036672,1,4,513,Credit Card,Region_05,0
13.471676488303432,1.0,14.698615106872086,1,15,70.26943352976608,8,65,1,0,4.0,37,48867.2,0.0,50.742345761158425,5,5,547,Bank Transfer,Region_34,0
22.698352555556284,9.0,37.364086892307,7,13,74.08570346000013,10,39,0,0,2.0,26,82638.8,73.54,11.639484776971715,1,0,1656,PayPal,Region_08,1
18.132091872502958,4.0,23.602804786943807,5,13,71.45056734980024,0,37,0,0,,23,24974.46,82.64,42.50778026267116,1,3,654,Crypto,Region_35,1
18.531701322389424,1.0,37.01551181678303,2,11,70.37063402644779,10,40,2,20,2.0,27,30838.43,13.8,5.45832381538953,0,3,1733,Crypto,Region_19,0
47.56812267705868,4.0,92.56258683225612,4,14,73.80544981416469,9,4,2,0,2.0,41,65866.42,33.65,28.964989745752522,3,4,918,Crypto,Region_11,1
10.039982853680572,1.0,22.319422161855957,3,13,20.20079965707361,0,63,1,5,4.0,26,44101.18,46.11,14.11632045693022,1,5,450,Crypto,Region_30,0
19.204281196040633,7.0,39.5133569368736,7,9,72.68859936744569,0,55,2,10,4.0,31,58368.6,350.56,6.096822717550828,0,1,580,Credit Card,Region_01,1
14.82749260751528,1.0,24.100334665193436,3,16,20.296549852150306,10,86,1,5,1.0,35,68471.33,4.23,26.985260756768792,4,3,1615,Bank Transfer,Region_17,0
10.556990510249905,1.0,21.7372229740017,1,15,20.211139810204998,2,48,0,5,2.0,25,68707.05,193.29,12.497135986589774,0,2,740,Bank Transfer,Region_10,0
23.202061204207094,4.0,41.71836701686196,3,16,71.85616489633657,0,58,0,0,2.0,18,74552.61,0.0,11.582525497118565,2,1,1380,PayPal,Region_12,1
16.376727312481197,3.0,30.404681742910252,4,17,20.982603638748873,9,95,1,0,4.0,37,53385.0,440.14,10.625348976560728,1,3,400,Credit Card,Region_36,0
5.676061333480526,2.0,15.004067702537558,2,17,20.22704245333922,9,38,0,0,1.0,36,42535.13,21.44,13.364489679097874,1,4,885,Crypto,Region_30,0
41.567596353937084,6.0,80.69911054032293,5,14,24.98811156247245,10,79,2,0,3.0,27,36697.14,34.12,19.820073207947363,1,2,1940,PayPal,Region_08,1
25.256213628174507,6.0,43.51240258252154,5,5,23.030745635380942,8,54,2,5,2.0,24,43753.25,0.0,19.005427089814255,3,2,1292,Bank Transfer,Region_33,1
20.809357017758618,,30.418618575190273,8,10,23.329497122841378,10,74,5,0,3.0,39,67317.87,44.32,46.86242730287396,7,4,1554,Credit Card,Region_13,1
23.672317756442908,4.0,41.673149288132954,5,12,21.89378542051543,0,77,0,0,1.0,34,58788.9,104.49,31.804626992327645,4,2,1161,Crypto,Region_34,1
12.000781132065022,2.0,20.50503961114762,3,5,20.4800312452826,1,63,3,0,3.0,32,69074.78,0.0,33.9393231365561,3,4,453,Bank Transfer,Region_22,0
6.095309119961754,1.0,12.394545816001939,3,17,20.121906182399236,2,2,2,10,1.0,39,82385.73,0.0,26.508885277576404,3,2,1776,Crypto,Region_16,0
22.153052358251063,2.0,44.04047383717253,3,5,20.88612209433004,10,7,2,0,2.0,42,43188.42,173.37,2.1970141102265353,0,6,137,PayPal,Region_10,0
12.38554730483296,1.0,12.721075321279042,3,8,20.24771094609666,2,78,1,0,3.0,28,63544.46,0.0,47.136112307587766,4,2,964,PayPal,Region_26,0
53.36744160135532,14.0,92.7068271264822,10,12,84.94288364837949,2,72,0,15,3.0,37,52072.63,0.0,17.09588048964973,0,3,674,Bank Transfer,Region_40,2
17.82531981775808,2.0,27.266134725377338,2,11,20.713012792710323,9,15,0,0,2.0,23,36541.49,0.0,21.084213590199923,0,0,225,Bank Transfer,Region_25,0
8.097335176356736,4.0,20.82967226090108,3,8,70.64778681410854,9,25,0,0,2.0,31,76416.34,111.69,46.530513076741784,6,2,1571,Crypto,Region_37,0
14.7226740765934,1.0,25.458958871106184,3,16,20.294453481531868,8,31,1,5,1.0,27,49010.19,0.0,25.0639467753508,4,2,1747,Credit Card,Region_13,0
40.16289516875405,12.0,69.72879345594835,10,11,29.639094840500974,0,81,3,5,1.0,41,61311.8,0.0,39.51472497658102,6,5,898,PayPal,Region_03,2
17.093671547804895,,33.460117248281705,2,21,20.3418734309561,9,7,0,50,1.0,38,86817.31,0.0,9.872791853109026,1,4,1063,PayPal,Region_29,0
5.202342640144809,1.0,6.399184997680543,2,17,20.104046852802895,2,59,1,20,2.0,37,31384.8,0.0,9.827984448620612,0,3,574,PayPal,Region_04,0
11.70905272617783,1.0,21.00032102313585,3,16,20.234181054523557,9,95,1,10,1.0,37,53107.21,26.93,35.434925509438514,1,1,1109,Bank Transfer,Region_38,0
19.276210859550236,7.0,43.767535547750555,6,6,22.698669520337035,10,73,2,0,1.0,33,47716.89,8.53,58.00068317322344,4,2,741,Bank Transfer,Region_22,1
14.481980902411408,4.0,34.99901724377375,5,6,21.15855847219291,0,11,1,5,1.0,27,52655.09,0.0,69.90701009031835,5,1,136,Crypto,Region_14,0
29.6072029593246,4.0,51.256043711470184,4,13,72.36857623674597,9,75,1,0,2.0,29,59747.42,0.0,6.869213473273934,0,4,1105,Crypto,Region_01,1
33.681530881628184,13.0,59.714946576132846,12,4,28.757198029223325,10,58,6,20,2.0,31,50340.9,0.0,47.38283386814091,2,3,809,Crypto,Region_36,2
9.162604335051833,2.0,13.397545299439273,4,17,20.366504173402074,0,58,2,10,2.0,25,67908.34,48.28,15.967792885971516,2,4,1382,PayPal,Region_24,0
23.470254479880396,3.0,32.61713168858387,2,18,71.40821526879283,8,73,1,5,2.0,20,86545.14,0.0,17.7614892746176,0,2,175,Bank Transfer,Region_09,1
31.228873797142768,7.0,61.39291956034057,6,14,24.37204233159999,9,33,2,5,2.0,29,60772.1,0.0,11.332376952680761,1,4,630,Bank Transfer,Region_19,2
34.35657726387389,7.0,73.94854965833183,4,13,24.809920816942345,0,29,13,5,4.0,33,63492.51,75.98,26.80412134858472,2,3,1778,Crypto,Region_08,1
10.509894216669382,4.0,16.700562401751025,5,15,20.84079153733355,10,43,1,5,1.0,38,56802.61,0.0,43.253708640861504,8,1,326,Bank Transfer,Region_02,0
3.808383086331218,1.0,2.7711209189498343,4,14,20.076167661726625,10,94,1,0,2.0,37,35365.3,22.63,20.909741788381336,0,3,894,Credit Card,Region_30,0
21.116847410316634,5.0,36.64609135686991,3,10,22.111684741031663,0,37,2,10,2.0,31,53775.56,0.0,25.853778520201377,1,2,1795,Credit Card,Region_30,1
8.041233337898639,2.0,14.899450247360477,1,11,70.32164933351595,10,24,0,50,2.0,43,69855.5,36.2,22.48728638789705,2,0,1836,Credit Card,Region_01,0
12.774994094449148,5.0,17.317338818974065,5,6,71.27749940944491,1,23,4,0,2.0,24,46387.7,0.0,3.6598701203927533,0,4,1774,Bank Transfer,Region_27,1
27.24934120111053,14.0,46.7564218570783,11,10,27.62981553631095,8,96,0,50,3.0,25,62674.16,0.0,39.13134993457136,1,1,905,Credit Card,Region_38,2
46.70089777215369,7.0,89.13610225956674,6,18,26.538125688101516,9,60,0,20,3.0,21,41397.24,75.32,14.407254445760149,1,1,250,PayPal,Region_01,2
20.727396576065885,5.0,37.94621700925496,3,4,72.07273965760659,1,8,1,20,1.0,30,87751.91,0.0,48.053198203667925,7,2,995,Bank Transfer,Region_31,0
13.808354251613714,2.0,31.206967793549587,3,19,20.552334170064547,9,88,0,15,2.0,48,49123.0,4.42,18.523253366431735,2,5,183,Crypto,Region_36,0
35.07184404877604,18.0,64.95315855210438,15,16,82.62586385755938,2,83,0,20,1.0,44,73863.55,0.0,21.294669084032495,2,4,952,Credit Card,Region_09,2
29.44021739187454,8.0,47.547804961509584,10,11,24.710434782699927,2,47,5,0,3.0,31,64592.7,0.0,21.508484542162993,3,3,537,Credit Card,Region_03,1
10.138741478485452,2.0,15.369664777675016,4,15,20.405549659139417,0,80,0,5,4.0,42,70534.88,121.61,25.305919073255232,3,3,1032,Credit Card,Region_23,0
33.857476698848316,10.0,62.185518375699374,7,9,26.771495339769665,1,51,0,5,3.0,31,46157.55,148.26,18.88007336759043,0,1,102,Credit Card,Region_08,2
15.459982832414354,,22.2150227185403,6,12,72.16439759653801,0,69,0,0,2.0,23,47135.55,66.3,48.76578668663399,5,3,943,Bank Transfer,Region_14,1
6.045223628227142,2.0,4.619803866255823,3,13,20.241808945129087,0,63,3,50,1.0,35,54895.44,0.0,35.53799965651668,6,5,399,Crypto,Region_38,0
10.423162752444874,1.0,12.800690187572147,2,13,70.2084632550489,0,35,0,10,4.0,51,64747.15,8.51,52.63332083940813,6,4,1789,Credit Card,Region_13,0
12.977555897441755,1.0,25.93862255446424,3,13,70.25955111794883,2,19,0,5,3.0,66,49199.01,180.24,33.560450337162564,4,3,1184,PayPal,Region_12,0
11.720629941674336,5.0,19.265933817901114,6,22,21.172062994167433,10,89,0,50,2.0,24,54694.94,41.39,50.53212134417117,1,1,1495,Credit Card,Region_39,0
10.315145259925028,5.0,24.479469623329788,6,16,21.031514525992502,0,49,0,0,4.0,25,75824.83,207.07,60.93294678129877,4,2,1449,Bank Transfer,Region_11,0
16.805422055215434,4.0,25.767657784654595,5,10,21.344433764417236,10,11,5,0,2.0,18,46111.55,86.26,47.3291387229208,8,4,914,Bank Transfer,Region_12,1
15.53815289693706,2.0,15.681673874717468,3,11,70.62152611587749,10,6,3,0,5.0,32,15987.2,10.54,32.48432514635674,0,2,477,PayPal,Region_14,0
7.193279821314953,1.0,12.294378084350841,2,11,70.1438655964263,0,39,2,0,3.0,41,43429.33,0.0,29.112225644133822,4,6,1096,Crypto,Region_12,0
16.616749048941877,1.0,38.14792344006448,1,9,70.33233498097884,0,93,2,0,1.0,39,52954.09,163.25,8.949328002020671,1,2,275,PayPal,Region_39,0
8.158931301367636,2.0,14.858923427204774,3,19,20.326357252054706,0,85,1,10,2.0,64,53790.65,27.78,18.732123518484816,1,3,339,Bank Transfer,Region_09,0
33.08321007034292,13.0,52.68931191095292,10,7,28.60163461828916,1,41,0,0,1.0,26,57650.98,0.0,71.42376059219318,13,4,831,PayPal,Region_23,2
6.7753154309361605,2.0,4.0741847946513605,3,12,70.27101261723745,9,92,0,50,1.0,36,61526.87,1.75,27.014095880275335,0,3,1793,Bank Transfer,Region_20,0
9.968589915727257,,23.932971417926517,5,11,70.79748719325818,1,85,1,15,2.0,37,49989.57,0.0,24.690412173677405,4,1,1625,Crypto,Region_35,0
36.23860486717775,3.0,61.192304903710394,5,6,72.17431629203067,8,87,1,0,1.0,37,41221.7,47.07,45.462066578878755,7,3,1455,PayPal,Region_27,1
14.97303977166484,3.0,34.66044822727936,2,17,70.89838238629989,10,66,5,15,4.0,56,74064.42,0.0,37.88592862513869,7,2,1976,PayPal,Region_34,0
18.01795651508633,5.0,35.702788971411806,5,12,21.801795651508634,1,49,0,0,1.0,47,36494.01,91.85,31.349632406139506,2,2,611,Credit Card,Region_36,0
15.01210714253955,3.0,23.173949284547767,3,10,20.900726428552375,10,40,3,0,1.0,18,52066.37,15.52,42.38527707600831,3,3,269,Bank Transfer,Region_02,0
7.834460913976985,6.0,19.937713866716777,6,15,20.94013530967724,10,23,6,15,4.0,46,75685.16,128.97,17.065205765354158,2,5,1011,Credit Card,Region_15,0
10.672649102472768,1.0,14.591282618134638,1,14,70.21345298204946,10,89,2,20,1.0,41,51037.71,0.0,24.028414807428874,0,3,1769,Credit Card,Region_21,0
8.916650292820423,4.0,8.813284964851771,3,10,20.713332023425632,8,68,0,50,1.0,40,24225.2,28.39,27.404255358855835,1,4,1809,Crypto,Region_35,0
20.743438122748934,1.0,33.00446165422586,2,3,70.41486876245497,2,12,2,5,2.0,37,69811.41,207.45,15.14012188587671,1,2,871,Credit Card,Region_13,0
27.695904254972227,8.0,53.696310916901105,8,16,74.43134468079556,9,85,1,5,,26,86963.75,81.88,44.382143453802556,6,2,536,Credit Card,Region_34,2
17.417563187904737,4.0,37.04144868323521,4,16,21.393405055032378,0,33,0,10,1.0,29,32722.24,13.8,15.931052646348501,1,0,1851,Credit Card,Region_25,0
17.412381751027194,2.0,29.362150837509393,4,13,70.69649527004108,8,2,0,10,2.0,45,42927.14,0.0,39.09269245601134,1,4,1340,Bank Transfer,Region_40,0
51.00114485891739,3.0,82.46050419035558,4,19,23.060068691535044,2,95,0,5,1.0,33,82271.23,37.76,49.27671476788611,2,1,2005,PayPal,Region_22,1
10.341090864133001,1.0,10.83013124979912,3,23,20.20682181728266,9,87,0,0,3.0,37,75699.67,0.0,35.57164008859502,5,4,457,Bank Transfer,Region_29,0
32.62010655794466,4.0,53.37796394500357,6,7,72.60960852463558,8,72,1,0,1.0,35,74956.25,0.0,31.290021951415437,5,1,904,Crypto,Region_04,1
30.345879269058113,2.0,48.15259828805398,2,4,71.21383517076232,2,2,3,20,1.0,18,46899.66,7.85,22.984553976155496,2,5,522,PayPal,Region_16,0
34.915935487631536,12.0,64.1758357580596,11,13,78.37982451703157,0,85,0,0,3.0,26,41867.59,0.0,4.186786674520886,0,2,1339,Bank Transfer,Region_28,2
6.592837951694418,1.0,21.55768753667221,3,8,70.1318567590339,2,23,1,0,3.0,28,75233.84,0.0,9.82892268611944,1,6,115,Bank Transfer,Region_22,0
5.743081921922131,1.0,14.316430329587774,5,16,70.11486163843844,2,73,0,50,1.0,18,54321.83,284.56,28.320763462599913,2,2,1747,PayPal,Region_13,0
16.201191866602205,2.0,23.52099113493027,2,10,70.64804767466408,0,34,0,15,1.0,25,62071.8,177.15,14.860676367000867,1,1,1114,Bank Transfer,Region_38,0
21.046618729040723,,34.41203488394053,10,14,75.05118849496978,10,19,2,50,2.0,18,51395.67,0.0,20.931996356765016,3,1,1835,Credit Card,Region_18,2
10.496820259005851,1.0,16.397823069716495,1,11,20.209936405180116,10,43,1,0,2.0,35,68769.37,0.0,3.669997805439081,0,3,1845,Crypto,Region_29,0
14.511265442089256,1.0,28.06634863072609,1,18,20.290225308841784,8,75,3,5,1.0,41,45604.0,77.14,11.289010353425354,2,1,1001,Bank Transfer,Region_21,0
13.119113527503485,3.0,31.470678028766322,4,9,70.7871468116502,2,47,2,15,1.0,41,35994.21,103.79,22.664925364147457,1,3,1838,PayPal,Region_13,0
29.083701916291865,5.0,50.01366155207109,5,13,72.90837019162919,0,42,0,5,4.0,32,51768.39,114.81,14.02204568583473,1,1,817,Crypto,Region_27,1
13.315329191539245,1.0,31.661479000111587,3,9,20.266306583830787,8,75,0,0,4.0,31,50516.34,42.97,21.97167546878648,2,4,1122,Bank Transfer,Region_05,0
40.91702867106381,7.0,84.170206400026,7,13,25.728384013948933,0,80,1,0,1.0,58,34750.39,0.0,27.939847851792216,4,1,2012,PayPal,Region_09,1
8.323421828157208,2.0,13.232624959239349,3,9,70.33293687312629,1,67,0,5,1.0,42,28879.99,81.96,35.13487572401377,3,2,498,Bank Transfer,Region_16,0
9.292447232013169,2.0,14.848181912317166,3,14,70.37169788928053,8,71,0,5,2.0,26,60345.13,66.84,60.344543929048676,9,5,936,PayPal,Region_19,0
8.94358237395402,,14.295351436161656,2,21,70.35774329495815,1,70,2,10,1.0,27,48424.76,513.58,3.7706562237253154,0,3,1370,PayPal,Region_23,0
16.980688448730184,,30.877689136153762,1,12,70.3396137689746,10,54,0,15,1.0,34,40938.23,0.0,31.292316265805635,2,1,791,Bank Transfer,Region_32,0
17.4643111433234,3.0,29.64486457407299,4,17,71.0478586685994,2,81,1,0,1.0,35,64477.99,0.0,16.21629484418742,2,6,1039,PayPal,Region_03,0
14.592243606651506,4.0,30.68692579891924,4,12,21.16737948853212,2,25,0,10,1.0,46,67627.0,0.0,14.312362459309256,0,3,1067,Bank Transfer,Region_12,0
39.385489700407284,11.0,63.14972505876921,10,8,28.6648077340896,2,30,0,15,1.0,36,66961.43,75.77,28.505475441705773,4,3,1462,Credit Card,Region_40,1
7.604830618293244,5.0,11.01558463644728,6,15,20.760483061829323,8,53,5,0,2.0,26,55107.46,0.0,45.15396050478094,5,1,409,Crypto,Region_08,0
23.73354966058229,2.0,44.3662627544093,4,13,70.94934198642329,9,55,2,0,2.0,50,58632.27,65.58,49.448528034788055,1,2,455,Credit Card,Region_17,0
22.405253187941053,1.0,44.67987827409645,1,1,20.44810506375882,8,55,0,5,4.0,30,47871.32,0.0,26.32530759380635,3,3,1560,Bank Transfer,Region_11,0
16.35034174399632,3.0,40.407040457597084,3,14,70.98102050463977,8,52,2,0,3.0,38,50123.62,16.93,29.143795748574806,0,2,320,Crypto,Region_33,0
24.846566239759255,2.0,38.27869309341195,2,5,70.99386264959037,9,71,0,5,2.0,44,35331.22,48.13,13.851731029999096,0,4,290,PayPal,Region_36,0
6.279879026063555,1.0,8.04357017597812,3,9,20.125597580521273,8,60,0,0,1.0,25,54712.78,0.0,16.39173049946355,2,3,177,PayPal,Region_27,0
9.877117769792626,2.0,6.446779119490042,2,16,70.3950847107917,10,33,0,5,3.0,57,47782.6,0.0,33.17277006161498,2,4,653,Crypto,Region_31,0
18.28129883467858,7.0,27.356992865657126,8,18,22.559381836855003,1,45,0,20,,41,30915.67,142.4,5.950153849229658,0,4,513,Crypto,Region_09,1
59.655820988209264,10.0,98.53585129410646,10,19,31.931164197641856,9,79,1,20,2.0,33,30084.15,0.0,10.356432036770743,2,2,1744,Bank Transfer,Region_19,2
8.00401830867193,3.0,11.80074598028783,4,8,20.480241098520317,9,83,0,50,1.0,34,26064.17,0.0,8.898515475472065,1,5,1748,Crypto,Region_25,0
16.494022783571,3.0,28.54741304721965,4,8,20.98964136701426,1,73,0,5,2.0,44,66637.02,0.0,31.24224314300448,1,4,92,Bank Transfer,Region_19,0
42.445226546919166,5.0,78.74867898364232,5,9,74.24452265469192,9,49,0,0,4.0,18,72290.26,131.18,19.278284041171716,3,3,959,Credit Card,Region_38,1
16.08812078213094,,27.465619756236084,2,12,70.32176241564262,9,68,1,20,1.0,43,80685.15,0.0,29.172902085618237,3,1,140,Credit Card,Region_10,0
13.646736509114811,3.0,26.913811118467432,3,12,70.81880419054689,1,10,0,5,1.0,34,59019.24,0.0,38.90884459726953,4,1,1309,Crypto,Region_38,0
8.205877482213928,3.0,15.340950303454786,3,17,70.49235264893284,0,85,1,10,1.0,18,46801.68,0.0,37.51705834374132,2,2,869,Crypto,Region_09,0
17.48353557078743,3.0,26.303747998666463,5,16,71.04901213424725,0,74,0,0,2.0,36,33149.96,407.59,13.945782451201246,0,3,1566,PayPal,Region_08,1
40.441139128604455,6.0,64.36268190228363,5,12,74.85293669543253,10,17,0,0,3.0,25,63257.14,0.0,38.33714115440735,0,4,1972,PayPal,Region_40,1
16.63883800562706,1.0,32.86831840960904,2,16,70.33277676011254,0,81,2,0,1.0,18,74434.17,0.0,3.1582846274096217,0,0,1233,PayPal,Region_01,0
11.993828097258856,2.0,29.821405500138475,4,11,20.479753123890355,1,30,0,5,1.0,50,48743.41,0.0,26.012360173254184,1,3,1587,Crypto,Region_21,0
10.307133019279396,4.0,31.229764493112995,4,30,70.82457064154235,2,83,3,50,2.0,23,70078.72,0.0,3.481894372639193,0,3,1881,Crypto,Region_40,0
10.909967825480669,3.0,24.31521559203831,4,16,70.65459806952884,8,61,0,10,,23,43903.8,71.01,17.14620948836641,3,4,1950,Crypto,Region_04,1
7.93798156929795,4.0,21.57594288445662,3,18,20.635038525543838,9,22,1,5,5.0,28,63674.16,0.0,32.97566292535423,3,2,567,Crypto,Region_18,0
26.16879407005891,2.0,49.41112784630072,4,18,21.046751762802355,1,52,0,15,2.0,27,51733.31,0.0,46.293705874806854,3,4,54,Credit Card,Region_14,0
14.699563090363533,5.0,27.969260490605418,6,12,71.46995630903635,8,61,1,0,,31,59272.72,37.06,22.83429049856403,3,2,1268,Bank Transfer,Region_20,1
13.141720341383214,2.0,24.210101733447427,3,9,70.52566881365533,1,73,2,0,5.0,50,73096.24,0.0,10.622535335219185,1,4,496,PayPal,Region_36,0
36.707371355969755,7.0,65.54422022064125,6,16,25.139031989835765,9,16,5,15,2.0,31,42688.23,9.21,28.934107643611036,1,3,768,Bank Transfer,Region_02,1
7.374520866042043,2.0,16.30952033602135,4,21,20.29498083464168,2,40,2,50,2.0,29,50132.96,25.05,7.677013584374419,0,1,216,Crypto,Region_15,0
13.11667327375803,3.0,21.007026485940834,2,13,20.787000396425483,1,7,0,5,1.0,25,46571.21,16.71,57.88562687894737,10,0,562,Credit Card,Region_18,0
17.72837059777504,4.0,31.173854818059116,3,20,21.418269647822004,8,30,1,0,1.0,29,63434.19,2.9,55.034354104495584,7,2,1590,PayPal,Region_25,0
24.655493328970834,6.0,38.49005657732556,6,9,22.9586591994765,10,48,1,0,,47,79170.99,0.0,28.572871329052507,2,5,1651,PayPal,Region_30,1
77.27428399237215,10.0,141.46834453159443,10,37,35.45485679847443,8,56,0,20,3.0,22,50201.05,0.0,19.568886279079326,1,4,1620,PayPal,Region_35,1
12.58568801384221,,17.85875071918347,4,20,20.755141280830532,9,47,0,0,3.0,19,54352.49,43.75,24.833575861456662,4,1,1509,PayPal,Region_08,1
18.60613587280539,2.0,33.65976952345076,2,11,20.744245434912216,10,52,0,15,1.0,29,42209.07,428.67,15.334148497323532,2,3,453,Bank Transfer,Region_30,0
22.894101593383617,4.0,43.711838336302414,3,12,71.83152812747069,0,61,2,10,,33,37217.76,88.67,29.65118336742747,3,3,1902,PayPal,Region_25,1
165.89468427295577,1.0,32.79050032598111,2,16,20.331789368545913,9,89,0,95,1.0,35,55929.44,0.0,27.967623045295753,3,4,511,Credit Card,Region_07,0
14.534466962906052,1.0,30.019583222308064,2,10,70.29068933925812,10,49,3,0,1.0,54,62615.87,45.39,45.168688818729706,6,4,83,PayPal,Region_17,0
18.29700748665039,3.0,31.86815585023042,4,7,71.09782044919902,10,54,1,0,1.0,39,30977.18,0.0,41.307106085129,4,0,2005,Credit Card,Region_32,1
13.351097043107899,2.0,26.462293574542656,5,19,70.53404388172432,9,8,0,0,2.0,32,58498.35,0.0,18.520840634184943,2,5,1117,PayPal,Region_25,0
5.794095718212527,1.0,7.996245977221529,2,17,20.11588191436425,0,31,1,10,3.0,43,58053.5,114.79,20.678543336956356,1,3,147,Bank Transfer,Region_28,0
15.507115765560993,2.0,18.058439812958675,1,9,20.62028463062244,2,86,0,10,2.0,23,29591.89,0.0,46.95707951170991,3,5,605,Crypto,Region_38,0
13.725609389811503,4.0,27.357643270368502,4,13,71.09804875118492,1,95,5,15,2.0,48,41072.99,110.71,62.358177643577264,4,0,730,Bank Transfer,Region_08,0
15.728338219373155,4.0,29.80344932919239,5,14,71.25826705754986,8,56,0,0,1.0,18,60723.09,0.0,13.968796660329987,0,6,1746,Bank Transfer,Region_22,0
18.601595005656453,2.0,38.5494885246773,3,3,70.74406380022626,1,99,2,5,2.0,28,48756.09,197.89,60.016438067739365,9,4,765,PayPal,Region_38,0
14.112316631948156,2.0,25.275726373148675,3,16,20.564492665277925,1,4,1,15,2.0,25,51005.76,14.11,16.95251481075236,0,5,907,PayPal,Region_06,0
26.029636855734275,6.0,38.83752951173464,5,12,23.12355642268811,8,64,1,5,,38,47669.55,164.6,16.431679147692115,0,4,1127,Credit Card,Region_12,1
17.245869496654848,9.0,30.584411172157616,6,19,23.10425650939787,0,49,2,50,5.0,26,58994.52,0.0,29.466781765684154,2,2,201,Credit Card,Region_29,1
9.162432448138244,1.0,20.92528123034748,2,13,20.183248648962763,8,94,0,10,1.0,45,55881.42,161.97,13.682116967598008,1,6,1406,Credit Card,Region_30,0
19.583626766612674,1.0,37.63070222388495,2,17,20.391672535332255,0,62,1,10,2.0,42,57636.56,52.84,16.222282552155693,0,5,108,Credit Card,Region_32,0
21.639798928635102,1.0,38.217915207069005,2,10,20.432795978572702,0,94,2,15,2.0,34,62611.27,0.0,33.68741683684678,6,3,286,Crypto,Region_08,0
11.075725541964268,1.0,11.618509835969766,3,14,20.221514510839285,9,57,6,15,4.0,36,68429.29,170.08,42.884674765516515,1,1,345,Crypto,Region_26,0
12.408740445011988,,17.205648026501965,5,14,70.74452442670072,2,56,2,0,2.0,18,81089.89,0.0,23.75832653613307,2,5,900,PayPal,Region_21,0
17.084203249954637,4.0,33.13776015917519,3,22,71.36673625999637,10,8,4,0,2.0,30,65916.85,40.66,34.96614874279963,4,1,1694,Bank Transfer,Region_36,1
19.474438083276198,2.0,26.72820278952576,2,4,20.778977523331047,9,96,2,10,,29,60680.82,0.0,49.326207192314286,6,5,1282,PayPal,Region_13,0
15.897577346569708,3.0,27.024414650041297,3,14,70.95385464079418,2,98,3,5,4.0,45,41536.31,0.0,3.090731238426917,0,3,1844,Bank Transfer,Region_06,0
26.4825751335275,1.0,47.860746135231615,1,10,70.52965150267055,0,25,3,20,3.0,29,38704.39,0.0,14.476871387512858,2,7,533,PayPal,Region_22,0
8.57345471910504,6.0,21.181904273589378,5,14,21.028814566292606,10,62,1,0,1.0,29,68392.26,0.0,2.168320020915546,0,6,495,Crypto,Region_16,0
38.42840272160238,6.0,72.24357765453699,7,13,24.611408326592286,10,65,1,0,5.0,36,61042.86,196.92,59.031478805905394,11,4,1484,Crypto,Region_18,2
26.912163765930618,4.0,53.25595094279493,4,15,22.152973101274448,9,33,0,0,3.0,31,43944.69,25.22,8.6549981025774,0,3,1266,Crypto,Region_32,1
15.777672616482448,2.0,29.909077329831455,5,14,70.6311069046593,1,80,0,50,1.0,50,70858.21,49.11,5.645745383762721,0,3,1252,Credit Card,Region_17,0
22.504897337736498,5.0,36.28176029686824,5,16,22.250489733773648,8,5,3,0,1.0,32,83476.36,173.85,33.732192971786226,0,0,314,Bank Transfer,Region_40,1
8.591862752935068,3.0,12.397050615740389,2,13,20.515511765176104,8,61,5,50,4.0,27,54446.23,69.76,12.067252154690973,1,3,570,Bank Transfer,Region_38,0
34.902658865678596,9.0,58.161487762015085,7,9,26.28247859582215,8,94,0,10,2.0,29,39873.94,0.0,29.972885953996375,4,3,985,PayPal,Region_14,1
32.73530453921929,3.0,61.877452380225755,5,5,71.96411827235316,2,91,1,0,1.0,24,74309.67,8.77,33.51817682449664,0,0,1890,Bank Transfer,Region_40,1
8.444289041280433,2.0,11.73010917969199,2,24,20.337771561651216,8,84,1,0,1.0,30,66948.35,0.0,9.376611251909964,0,4,883,Crypto,Region_40,0
20.95080604735724,1.0,35.741449320100614,3,9,20.419016120947145,2,74,1,0,1.0,22,52289.56,0.0,50.53090229225036,4,1,817,Credit Card,Region_17,0
19.454520970143076,3.0,35.130593937191776,3,9,21.167271258208583,2,40,0,0,1.0,38,76101.95,0.0,14.369492156348244,2,2,1075,Crypto,Region_17,0
12.854816922723835,2.0,31.3452326938093,2,15,20.514192676908955,10,53,0,50,4.0,57,45054.51,94.69,21.495599276329642,2,2,1010,Bank Transfer,Region_16,0
25.326192704291657,5.0,48.872816407441135,6,15,22.532619270429166,2,35,4,10,1.0,32,73962.75,0.55,32.054737507675576,4,3,1187,Crypto,Region_17,1
15.204981561166694,1.0,23.5046996870945,2,8,20.304099631223334,1,90,0,0,2.0,26,54192.53,202.57,15.391683110939855,1,3,499,Credit Card,Region_22,0
8.630640946302865,2.0,16.294391989509624,2,20,20.345225637852113,10,83,0,5,1.0,25,25771.27,314.56,34.12774895462199,5,5,1581,Crypto,Region_28,0
24.829006624845736,2.0,52.94877072720151,3,8,20.99316026499383,0,83,1,20,2.0,28,51457.55,0.0,17.10720307209566,1,4,342,Credit Card,Region_15,1
18.89782020142612,7.0,37.091973004711726,6,18,22.64569482819966,1,1,0,5,1.0,35,22580.99,0.0,21.280357626494066,2,2,719,Bank Transfer,Region_39,2
17.297850724385047,3.0,23.144869506397782,6,8,21.037871043463102,0,26,0,10,1.0,44,45858.21,32.85,28.244559405783455,2,4,737,Bank Transfer,Region_22,0
6.523445654902244,3.0,7.166005035635217,5,19,20.391406739294133,1,17,0,15,3.0,43,79449.21,0.0,29.661654936219968,4,2,580,PayPal,Region_21,0
22.228337333663514,1.0,35.051329688078724,2,10,20.44456674667327,2,76,7,0,3.0,23,41743.6,0.0,2.5527029630108626,0,3,528,PayPal,Region_11,0
10.6755060422079,,26.419560002774062,2,8,20.427020241688314,0,81,0,20,,58,38318.9,192.53,15.34174466065816,2,1,1858,Crypto,Region_13,0
41.07227038192161,11.0,80.21149286677719,7,4,29.035899484022757,10,10,0,5,,24,34663.54,162.61,71.14520951455744,3,1,1543,Crypto,Region_36,2
9.477366075889709,3.0,13.934074047673402,4,10,20.568641964553382,8,77,1,0,1.0,30,58514.02,0.0,7.368000851518705,1,4,1728,Credit Card,Region_20,0
10.856722250891869,3.0,16.309198952568718,3,18,70.65140333505352,1,43,2,20,1.0,30,59233.46,147.16,27.87959137365218,1,5,165,PayPal,Region_37,0
21.486235870624835,1.0,38.89868348043612,2,1,70.4297247174125,0,3,0,5,,19,23136.46,0.0,46.582295206741215,8,2,784,Bank Transfer,Region_06,0
4.50359757003432,1.0,8.479820856529077,1,18,20.090071951400688,8,76,0,0,2.0,44,60618.54,313.79,23.282297633679523,3,2,443,Crypto,Region_01,0
40.885936556116995,5.0,68.78305615439561,5,12,24.0885936556117,9,82,0,0,1.0,60,56981.68,68.88,24.190784614059787,2,5,1733,Crypto,Region_17,1
28.084263240588776,5.0,49.306020458567076,7,1,72.80842632405887,2,42,2,5,4.0,27,51780.47,420.9,42.59507573864877,6,4,1717,Credit Card,Region_22,1
7.517182053885155,2.0,6.262911347727233,3,11,70.30068728215541,1,38,0,0,,42,39600.16,74.75,11.492311896725171,1,3,1236,Credit Card,Region_23,0
7.923832915853837,,20.624502773092086,4,10,70.79238329158538,1,58,0,0,1.0,32,55619.77,123.64,35.65692147953106,0,1,1925,Crypto,Region_06,0
23.820753842423294,4.0,34.07570435220354,4,10,71.90566030739386,10,24,6,5,3.0,35,80469.69,0.0,42.675688992937566,0,2,898,Bank Transfer,Region_19,0
30.624405242489612,10.0,46.266732327017564,8,17,76.12488104849793,10,78,1,0,1.0,44,68021.29,0.0,48.75894320087909,0,4,995,Credit Card,Region_30,2
15.466243275516739,4.0,30.01443516848978,6,17,21.23729946204134,9,83,0,0,1.0,41,74234.32,133.46,34.65244149528337,6,2,1798,PayPal,Region_40,1
19.2002983302311,1.0,28.376155805245713,2,9,20.384005966604622,0,80,2,15,1.0,55,33483.12,0.0,19.442784113049285,2,2,1347,Credit Card,Region_11,0
28.090210939787838,5.0,48.05755490094541,4,5,22.809021093978785,1,54,0,0,1.0,38,82174.92,52.56,45.29968693456672,3,1,1650,Crypto,Region_17,1
16.85807498135026,4.0,30.66039927194355,4,3,71.34864599850802,1,64,0,10,1.0,25,47595.37,0.0,55.450853972799926,2,3,1764,Bank Transfer,Region_29,1
13.285191450851181,1.0,27.289848760866313,2,10,70.26570382901703,1,92,1,0,1.0,40,63484.6,123.21,10.798437404276525,2,3,1818,Credit Card,Region_19,0
29.65702198399353,9.0,52.27722898144398,8,5,25.338263957118837,1,82,2,0,,36,57230.93,0.0,18.741869354209996,0,4,1913,Crypto,Region_12,2
18.922062311890834,1.0,42.95557114780247,3,11,20.378441246237816,9,93,0,0,1.0,30,68474.74,81.45,46.46036509978065,5,1,1420,PayPal,Region_21,0
18.625812471578175,1.0,33.52426750554117,4,11,70.37251624943157,2,24,0,5,2.0,75,63681.11,0.0,17.053065979205137,0,8,1815,Credit Card,Region_15,0
15.071453826159837,1.0,33.08259042838142,2,9,20.301429076523196,1,91,0,0,4.0,39,76976.89,0.0,4.123738669021031,0,5,1082,Crypto,Region_30,0
14.07871981686825,3.0,26.73447457219532,3,10,70.8447231890121,9,36,2,0,2.0,30,30180.75,8.26,63.245937358045424,2,2,488,Crypto,Region_01,0
24.642565435522453,3.0,55.01266657397707,2,6,71.47855392613134,8,74,2,15,2.0,35,35939.11,0.0,48.58130311751582,5,4,1274,PayPal,Region_17,0
24.529452317074576,9.0,49.44483169035518,8,7,24.415301417073422,1,79,1,0,4.0,39,53838.22,0.0,14.343543369732314,1,2,800,Bank Transfer,Region_30,1
7.593179042018088,2.0,13.885071152995625,2,22,20.303727161680722,0,81,3,0,1.0,31,65382.94,0.0,49.639190399724754,9,6,1995,Credit Card,Region_21,0
29.364591129239123,5.0,56.00041761716783,6,12,72.93645911292391,9,53,0,0,1.0,32,59151.97,0.0,8.552685934427661,1,4,1953,PayPal,Region_28,1
28.06206936494516,1.0,49.20764557924663,2,12,20.561241387298903,0,72,0,20,3.0,38,38342.07,0.0,14.328458581532274,1,4,818,Bank Transfer,Region_20,0
8.118100536442615,1.0,13.25808177382112,4,19,70.16236201072886,2,27,5,15,1.0,31,51206.89,56.65,52.59607288600638,4,1,1084,Credit Card,Region_19,0
10.542501968114436,1.0,12.45944940242806,1,18,70.21085003936228,8,90,1,5,2.0,41,85192.73,0.0,4.949167017369108,0,3,1360,Credit Card,Region_24,0
14.390646044073124,4.0,21.86185486699598,5,19,71.15125168352586,0,51,0,5,1.0,22,40250.68,0.0,38.47796526669779,5,1,819,Credit Card,Region_11,0
24.009223293013907,5.0,53.52145885320364,6,13,72.4009223293014,1,63,0,5,5.0,38,58422.74,0.0,50.07613306747272,2,3,1787,Crypto,Region_26,1
8.224179771501458,,8.783366732309727,3,15,20.164483595430028,9,37,1,0,1.0,51,28190.22,0.0,13.14852221389714,0,2,1390,Bank Transfer,Region_17,0
19.08195535127371,5.0,31.070056068374488,4,8,71.90819553512738,8,43,1,10,2.0,39,53962.41,94.03,20.56109986455906,0,5,1669,Crypto,Region_40,0
30.815453119192377,1.0,54.99922222975077,3,5,20.61630906238385,9,86,0,10,1.0,26,75562.62,32.73,70.23402287958753,9,3,721,Bank Transfer,Region_26,0
26.534680715014645,7.0,47.46037881326351,7,14,73.71485530010204,10,61,3,5,5.0,44,57198.78,12.35,17.65734202906249,2,2,558,Credit Card,Region_38,1
31.136248407174946,7.0,57.96387623156971,5,9,24.359074777004494,8,85,2,0,1.0,27,41069.67,37.81,23.96024062394314,0,0,1771,PayPal,Region_15,2
13.20262653837884,9.0,21.4191242285116,9,6,72.37647277690819,10,67,0,0,4.0,35,46380.56,86.83,15.319149768712927,0,2,634,PayPal,Region_13,1
13.5067612376536,1.0,26.539052062758167,2,2,70.27013522475308,0,95,1,0,2.0,28,70329.85,0.0,19.83207141134166,3,1,206,Crypto,Region_17,0
18.94520636627972,,39.813298665037124,4,21,70.7578082546512,2,87,7,10,2.0,27,43378.82,24.27,12.997024860402187,1,0,1193,Bank Transfer,Region_14,0
14.732664428408652,1.0,32.851957691043076,2,7,20.294653288568174,10,37,0,5,3.0,34,38709.15,0.0,53.67138424668455,1,3,477,Credit Card,Region_19,0
12.170785679584025,1.0,20.569855220067044,3,9,20.24341571359168,9,49,1,50,1.0,23,55788.24,198.25,22.196702152579864,1,3,1631,Credit Card,Region_27,0
9.624301819261518,2.0,20.380460419185557,2,20,20.38497207277046,1,60,0,50,2.0,51,51499.45,16.01,16.193960583986645,1,3,186,PayPal,Region_14,0
7.87060195590462,1.0,8.436415409922374,2,8,70.15741203911809,9,27,0,15,1.0,57,55013.37,0.56,12.285774601546882,0,3,91,Credit Card,Region_02,0
17.01168618488774,3.0,27.01245490643628,4,14,71.02070117109326,10,69,0,5,1.0,23,54923.06,0.0,6.131038748421136,0,2,256,Bank Transfer,Region_07,0
175.57981775687176,1.0,25.7357002027842,2,20,70.35115963551374,2,96,1,95,4.0,28,57066.23,0.0,29.384138169827416,5,2,255,Crypto,Region_01,0
13.219699260320997,5.0,23.56673522477954,4,23,71.3219699260321,10,30,2,0,5.0,26,32794.56,17.6,7.114088556895963,1,4,1691,Bank Transfer,Region_21,1
23.010153873561723,1.0,37.12218059061138,1,8,20.460203077471235,0,56,2,0,5.0,30,61249.13,0.0,53.42338206617092,6,4,1493,PayPal,Region_32,0
15.327191731866117,3.0,19.98547732333504,3,12,70.91963150391197,1,9,5,50,3.0,43,65354.5,34.96,29.048729571176956,3,2,574,Credit Card,Region_39,0
42.941462802109385,4.0,75.36460693089114,5,9,23.43531702416875,1,11,2,5,4.0,51,21372.7,0.0,74.81395727199123,9,3,1922,Crypto,Region_05,1
7.12171737438205,1.0,4.176172394982929,1,15,20.14243434748764,0,6,0,0,4.0,49,62930.86,174.67,39.602274733314516,7,4,1530,Credit Card,Region_28,0
14.206084202879623,4.0,32.206917083414034,3,18,71.13648673623037,9,87,0,0,1.0,30,44814.49,104.69,20.670487045669045,3,2,850,Bank Transfer,Region_38,1
11.477771778387456,,17.87237389488105,1,6,70.4591108711355,1,27,2,5,1.0,25,53547.98,0.0,20.054570576327066,0,5,202,PayPal,Region_11,0
14.896313567427587,2.0,31.7399447895603,3,15,20.595852542697102,9,74,2,5,1.0,33,52160.89,0.0,21.097694347293416,1,3,212,Bank Transfer,Region_39,0
50.327131693627564,3.0,88.12849959835475,3,13,23.019627901617653,9,95,0,5,1.0,39,52683.66,21.47,14.623744484294532,2,1,217,PayPal,Region_35,1
32.53874605410349,2.0,52.59505376763328,4,16,71.30154984216414,0,19,0,15,3.0,43,74627.57,0.0,13.40189977130456,2,2,495,Crypto,Region_13,1
22.263030759006842,6.0,45.95107522299191,6,17,72.67156369108082,2,91,0,10,4.0,36,33953.05,0.0,38.137758147253855,0,6,325,PayPal,Region_27,1
8.080488405517704,1.0,14.98839704547056,2,12,70.16160976811035,2,64,1,0,1.0,41,63172.57,0.0,15.655999273940868,2,5,1421,PayPal,Region_01,0
19.925498219125583,3.0,45.30044322398753,4,10,21.195529893147533,9,26,3,0,1.0,34,77633.25,207.14,23.77089508550332,0,2,715,Bank Transfer,Region_40,0
8.282276164385502,1.0,12.575482464727827,1,19,70.16564552328771,0,15,0,5,1.0,36,51294.05,0.0,16.254169178620117,0,2,379,PayPal,Region_09,0
23.368464018858248,4.0,39.83858373611268,4,15,71.86947712150867,2,35,2,0,3.0,19,43812.43,108.96,38.30799486397159,6,2,813,Bank Transfer,Region_36,0
39.89480600693103,6.0,76.8346050235714,6,0,74.78737672083173,10,69,1,0,4.0,29,58286.88,0.0,19.537742480389486,3,4,298,Credit Card,Region_06,2
23.01699437707609,4.0,46.48935313123219,5,14,21.841359550166086,9,9,0,10,2.0,35,66824.7,87.29,21.91120159359512,3,3,143,Crypto,Region_11,0
58.64911679185608,10.0,106.3355621579142,9,26,81.72982335837122,1,43,3,10,1.0,24,46202.81,44.11,41.569980532518585,0,0,1614,PayPal,Region_34,2
11.532876747247888,1.0,37.43551909408692,2,14,20.230657534944957,1,18,4,50,2.0,33,63817.52,0.0,31.184998068892096,1,4,631,Bank Transfer,Region_39,0
9.897096697675774,2.0,16.411970094214638,3,18,20.39588386790703,10,73,0,5,1.0,44,80415.94,63.25,19.92930029468162,1,4,1314,Credit Card,Region_06,0
10.629539270787808,2.0,12.785854502572967,2,20,20.425181570831512,8,89,0,20,3.0,46,76421.42,0.0,8.889676088368091,1,2,1079,Bank Transfer,Region_36,0
29.117130470854462,6.0,47.39805964463446,6,11,73.49405565650254,8,97,5,20,2.0,37,84760.83,40.91,58.48875018532137,6,4,694,Crypto,Region_03,1
25.30147257251986,,44.16895318373961,3,14,22.530147257251986,8,64,0,5,5.0,31,66674.21,0.0,8.538196103484424,0,3,1153,Bank Transfer,Region_28,1
19.34580184017218,,42.416318339768175,1,11,70.77383207360688,2,73,4,0,4.0,18,58840.55,0.0,44.60502053680036,0,4,1124,Bank Transfer,Region_06,1
22.959859127551677,6.0,40.39602711885962,4,10,22.7551830953062,10,61,0,0,2.0,42,64010.23,193.16,23.484594500516142,3,3,605,Bank Transfer,Region_08,1
25.315853293562093,5.0,53.39879642024246,3,6,22.53158532935621,1,32,0,5,2.0,39,28630.46,69.57,10.108605638597446,1,3,584,PayPal,Region_24,1
10.46991977237894,8.0,21.017981167172717,8,14,71.67518716358063,1,89,0,20,1.0,36,62240.75,0.0,10.761994182916835,0,8,1546,Crypto,Region_15,1
14.632824314406005,1.0,31.75593024773339,3,21,70.29265648628812,2,97,0,10,1.0,36,32411.55,15.66,16.62668870394361,0,6,1994,Credit Card,Region_28,0
8.232679263362305,1.0,16.75466580718617,1,10,20.164653585267246,1,36,0,0,4.0,33,46481.35,222.65,32.50606363400493,2,4,109,PayPal,Region_09,0
7.68036474382743,4.0,15.72089657199906,4,18,70.61442917950619,1,12,1,10,,43,62600.7,0.0,22.141681960303487,1,0,1763,PayPal,Region_33,0
22.761312195013947,5.0,44.73391495655548,6,12,72.2761312195014,9,93,0,20,2.0,34,42917.14,69.9,30.062771390511006,2,5,1745,PayPal,Region_28,2
21.811623174541356,15.0,36.42737930374572,13,18,76.5434869523624,1,87,2,0,3.0,25,78348.4,40.15,39.34862995532822,2,5,1878,PayPal,Region_10,2
7.0838744643759,1.0,9.972406313139182,4,23,70.14167748928752,9,97,2,0,2.0,40,40805.37,0.0,32.39352905759579,0,2,598,Crypto,Region_25,0
18.474503955007027,13.0,35.00184204983562,10,6,24.803371028301825,8,36,2,0,4.0,18,34956.03,18.9,29.28515453533699,5,2,120,PayPal,Region_04,1
97.64160223534603,8.0,185.46044140115296,6,52,35.622656357655366,0,18,1,15,1.0,43,52390.94,0.0,40.69209869955273,3,2,1390,Credit Card,Region_31,2
9.871463594565167,2.0,10.0648683438824,2,11,70.3948585437826,9,65,0,20,2.0,45,47308.38,0.0,47.176011998116955,7,5,1738,PayPal,Region_13,0
13.08020531154566,2.0,13.39844146358205,3,10,20.523208212461828,10,29,2,5,1.0,44,46006.08,0.0,54.83643684830982,1,1,1281,Credit Card,Region_26,0
52.4674278211968,14.0,93.12265089701117,12,13,84.69087978993511,1,85,2,15,3.0,34,61572.16,0.0,30.271429464891753,3,4,83,Credit Card,Region_35,2
12.838212491157645,2.0,28.263017886552483,3,14,20.513528499646306,8,31,0,10,2.0,42,75961.29,0.0,31.694665638957375,3,8,1094,Bank Transfer,Region_07,0
23.78422666292842,7.0,43.06848842167206,6,6,23.32979173280998,0,32,0,10,2.0,45,64754.13,0.0,35.11767014901062,6,1,1801,Crypto,Region_02,1
7.552529154833149,3.0,7.747903244624443,5,11,20.45315174928999,0,39,0,5,1.0,28,49165.91,24.49,11.363723748134657,1,2,1269,PayPal,Region_09,0
79.8676603530298,18.0,144.1572561197856,15,30,98.75235772709073,8,14,0,0,4.0,22,33348.89,0.0,14.95788205969997,1,0,1144,Crypto,Region_38,2
92.10034207789279,11.0,157.11574967579122,9,51,40.262075257136416,8,69,0,20,2.0,40,62923.01,101.04,17.976429398493227,2,2,680,PayPal,Region_17,2
22.804012842796592,13.0,44.191808421404744,10,10,25.929043339127112,0,99,2,0,1.0,35,59954.35,128.15,27.002860584143463,2,1,1081,Credit Card,Region_21,2
80.88057278830645,3.0,13.012963019629703,3,13,70.48528343672984,0,79,0,95,3.0,36,56754.82,0.0,29.801065342267545,4,2,118,Credit Card,Region_29,0
21.934831724779905,7.0,39.07253460687668,7,6,73.07087644146918,1,84,1,15,4.0,35,41342.1,138.19,5.1879442759623355,0,1,1124,Crypto,Region_32,1
16.67957441698616,8.0,32.1591613031308,6,3,22.668731906717785,10,97,1,50,,29,65222.35,0.0,7.217448703895856,0,1,646,Crypto,Region_39,1
14.915280455580936,1.0,27.87594940692623,1,20,20.29830560911162,9,37,2,0,2.0,43,40755.08,113.96,39.313395164771805,4,3,1998,PayPal,Region_16,0
18.332787420132895,8.0,30.292719487583657,7,9,22.933245987221262,9,98,0,50,2.0,41,62148.05,24.6,54.18512391323753,5,6,1140,Crypto,Region_36,1
28.963094819517078,1.0,57.3016348633631,2,23,70.57926189639034,0,96,0,0,2.0,34,29167.28,100.48,6.052689708611989,0,1,1582,Crypto,Region_08,0
19.613526146534014,1.0,39.28900988695649,4,14,70.39227052293069,0,7,0,5,2.0,35,77931.9,60.97,57.142569764140326,10,3,1761,Crypto,Region_21,0
13.263681851653928,2.0,15.003206371855747,2,21,70.53054727406615,10,75,2,10,1.0,33,52476.97,0.0,41.21581050408892,4,2,1787,PayPal,Region_38,0
18.371388936578153,5.0,31.917286728477684,5,16,71.83713889365781,10,38,0,0,2.0,58,36025.49,90.1,21.965327371667794,3,2,1042,Credit Card,Region_07,0
18.960543646282193,1.0,28.72754459482656,2,12,70.37921087292564,2,59,0,0,5.0,35,41786.12,0.0,25.952788811074583,2,0,1997,PayPal,Region_13,0
19.578284234242922,6.0,28.900621125660148,5,8,22.349394108109152,0,59,0,10,1.0,31,77197.19,117.14,5.050901190700177,0,2,272,Credit Card,Region_21,1
8.789106897747681,1.0,18.496060533503922,4,9,20.175782137954954,9,55,0,50,2.0,45,41604.53,290.18,47.881011163217615,7,3,1846,PayPal,Region_05,0
25.311459179527127,4.0,43.464320119822624,4,15,72.02491673436217,1,17,0,10,4.0,33,53466.51,0.0,24.8769672936459,2,1,871,Crypto,Region_05,1
17.195615693730208,2.0,30.238250003982323,2,12,70.68782462774921,2,47,2,20,1.0,36,37633.28,370.04,8.948993369772438,0,1,207,Bank Transfer,Region_28,0
12.87933590867368,3.0,19.834379966727322,4,16,70.77276015452043,9,20,0,0,3.0,22,57303.55,0.0,12.317663927464102,1,3,889,Crypto,Region_33,0
6.483116960409037,1.0,13.520487792835404,3,19,70.12966233920818,1,55,2,5,1.0,26,59066.15,176.9,28.75124868997827,5,2,1206,PayPal,Region_04,0
17.794158377929403,7.0,35.421219506868084,5,13,22.491182172910115,10,90,1,20,1.0,27,56194.37,0.0,33.69464626286222,0,4,181,Crypto,Region_20,1
11.827305155832182,2.0,32.14042359537955,2,10,20.473092206233286,10,11,0,10,2.0,28,62232.62,0.0,10.57256240162023,1,4,636,PayPal,Region_37,0
23.801146654316586,4.0,41.9371926552791,5,15,71.90409173234532,2,5,0,10,3.0,32,82776.7,0.0,37.859443702855195,0,4,1087,PayPal,Region_36,1
54.001772533279855,4.0,89.9611031860262,4,14,24.320141802662388,2,30,0,0,1.0,35,54823.53,58.6,3.5356571426533083,0,4,718,Crypto,Region_40,1
14.091965651657246,7.0,22.846069720825454,6,12,21.972875191232013,2,97,0,20,1.0,33,40075.95,17.76,8.650262372536593,1,3,47,Credit Card,Region_37,1
14.913035507204865,4.0,31.078763519877043,5,15,21.19304284057639,2,70,1,20,2.0,30,38353.19,0.0,48.11663722497986,3,2,1666,Bank Transfer,Region_38,0
22.101494779797154,2.0,35.919464652983336,2,10,70.88405979119189,2,60,2,10,1.0,18,33784.55,26.89,31.728310025309607,0,4,926,Crypto,Region_09,0
60.860228450628625,3.0,102.13777321385662,4,10,73.65161370703771,2,94,0,5,1.0,22,62918.32,24.36,49.64220198005086,9,2,871,Credit Card,Region_40,1
10.36299233681652,3.0,14.894297774829386,5,19,20.62177954020899,8,67,1,15,3.0,27,63702.09,0.0,31.695504250113355,5,0,136,PayPal,Region_35,0
29.861552431208597,,51.083964787428904,3,16,71.79169314587251,10,56,0,5,2.0,43,17697.06,73.43,53.84593673015805,8,0,167,PayPal,Region_32,1
15.300785131704494,5.0,22.128065497244805,3,3,71.53007851317045,1,60,0,15,4.0,32,53683.3,112.26,20.121419712571186,0,1,1981,Bank Transfer,Region_33,0
48.336776667976,6.0,88.09358057293899,5,8,75.80041320015712,9,16,5,5,1.0,24,69447.04,0.0,20.66722482708823,3,2,764,Crypto,Region_27,2
23.58148616206709,5.0,42.051563685687164,5,20,72.3581486162067,0,28,3,5,1.0,41,47709.75,0.0,18.958324013390754,1,4,942,PayPal,Region_38,1
53.217652530903806,9.0,99.74030075972084,9,16,29.579177455562686,9,66,0,10,2.0,27,51036.89,0.0,45.68847480986222,5,1,1865,Credit Card,Region_40,2
4.424253509949021,1.0,5.734357143280292,2,16,20.08848507019898,8,58,2,0,5.0,23,44779.74,0.0,24.244168664383928,2,3,1280,PayPal,Region_33,0
32.22774720810784,7.0,60.80026881743663,8,7,24.511884609135098,8,87,0,0,2.0,50,40851.18,184.14,16.398666987285303,0,1,2005,Bank Transfer,Region_36,1
12.813139418208735,3.0,20.602296982657396,2,7,70.76878836509252,2,2,2,10,,32,44838.26,0.0,9.835108179818098,1,4,849,PayPal,Region_24,0
11.145212586782336,3.0,14.413320847164528,4,12,70.66871275520694,8,26,3,50,4.0,25,75333.77,0.0,17.813230818236963,2,1,1967,Crypto,Region_17,0
55.63123801495606,4.0,97.42113275069124,4,21,74.45049904119648,9,0,0,5,2.0,18,44318.23,0.0,39.24432215411591,4,4,1799,Crypto,Region_11,1
18.728124771879575,7.0,25.61928864413175,8,11,22.62193746806314,8,78,0,20,1.0,41,49324.39,118.45,51.39978188960046,1,2,1601,Bank Transfer,Region_34,1
38.04499751739269,12.0,77.42207373122174,8,13,79.13079940417424,9,77,3,5,4.0,32,34702.05,41.16,22.949505051455244,2,5,1839,Bank Transfer,Region_18,2
54.41399168491067,8.0,98.65768377176921,8,24,78.7062386695857,2,3,0,50,1.0,18,26929.16,53.83,43.22304690034275,6,1,1629,Credit Card,Region_21,1
8.733580978904842,1.0,11.7434113103764,2,11,70.17467161957809,2,3,0,15,4.0,29,52435.73,43.0,31.690781372478927,5,6,1020,Crypto,Region_19,0
9.77622958615255,1.0,15.708992443664288,4,15,20.19552459172305,8,88,0,20,2.0,30,76917.71,183.72,23.550525198771773,0,4,1258,Crypto,Region_35,0
23.131372907652786,6.0,29.384151317574663,5,15,22.775764748918334,10,74,2,10,2.0,49,52531.76,82.92,24.027911511390194,0,7,223,Credit Card,Region_19,1
17.052448370310575,1.0,37.86617319191812,3,7,20.341048967406213,0,32,0,20,1.0,42,51187.63,123.28,11.441404017817963,2,4,1552,Bank Transfer,Region_39,0
13.238390808004478,2.0,30.51184367547923,2,13,70.52953563232018,2,10,1,5,1.0,30,76016.4,135.08,21.1586650089989,3,4,897,Crypto,Region_34,0
7.264139614260183,3.0,13.613160826468814,4,24,70.43584837685562,1,75,2,5,1.0,21,44929.52,0.0,47.90696784669773,6,3,1848,Credit Card,Region_03,0
9.846662593239362,1.0,19.321304148147885,2,12,20.196933251864788,1,78,4,20,1.0,31,33060.29,0.0,48.982615006690835,1,3,528,Credit Card,Region_40,0
9.554939316606308,,10.860506885263055,2,19,20.191098786332127,2,56,0,0,1.0,26,23120.11,105.65,23.76014589431953,0,2,1176,Crypto,Region_26,0
11.811948240273198,4.0,15.286657356189172,2,12,20.944955859221857,10,25,0,5,1.0,52,54005.51,104.67,47.412579049450045,5,5,757,Crypto,Region_40,0
14.44484297696823,5.0,17.514236612604154,5,21,71.44448429769682,10,87,2,20,2.0,45,70595.05,165.77,44.081642290041806,7,1,214,Bank Transfer,Region_27,0
14.40077900020469,1.0,25.116061771500487,1,4,70.2880155800041,8,25,0,0,2.0,34,40403.1,0.0,18.137565456904888,0,2,52,Bank Transfer,Region_03,0
21.96818561621533,8.0,44.84791113351725,6,10,73.51490969859445,2,53,2,50,1.0,34,35751.39,0.0,22.24653058141456,0,2,937,PayPal,Region_07,2
18.64496982110732,5.0,31.644872534481447,3,3,71.86449698211074,8,26,1,10,2.0,50,74212.06,28.55,46.91369076271636,9,3,1461,Credit Card,Region_03,0
13.477579653001136,1.0,25.998122526290132,1,9,20.269551593060022,9,99,1,15,1.0,34,31901.26,20.04,55.76258296822307,2,4,1667,PayPal,Region_21,0
42.6835166612106,3.0,81.72449946464691,4,8,22.561010999672636,0,90,4,10,4.0,21,53213.61,0.0,3.8710850321251584,0,2,627,Bank Transfer,Region_37,1
14.551285364469043,1.0,18.07181026615409,3,11,20.291025707289382,0,53,0,5,1.0,56,44578.1,80.42,20.0092855219813,2,6,1467,Crypto,Region_18,0
69.44459102057986,9.0,134.22809096394013,8,19,32.50002638370437,9,1,0,5,3.0,23,30002.82,21.82,15.782605784128545,1,2,1527,Credit Card,Region_27,2
29.56579517045221,3.0,59.00503324397032,3,9,71.77394771022713,9,86,5,15,1.0,27,40135.09,0.0,46.97599392576262,7,2,1919,Bank Transfer,Region_10,1
20.873706452739604,1.0,40.14213520373342,2,13,20.417474129054792,9,8,0,0,2.0,22,55553.63,20.32,25.648359683331414,1,2,1564,PayPal,Region_03,0
15.012756220539105,3.0,31.64343384965075,3,4,20.900765373232346,0,71,0,5,4.0,46,83381.21,0.0,62.90706008531455,3,2,902,PayPal,Region_25,0
23.59025968022606,8.0,47.317848940782255,8,7,73.77444154883617,2,63,0,0,4.0,73,49975.42,85.11,19.797840769950387,1,1,1545,Credit Card,Region_31,1
110.93826641536648,7.0,201.15207898060874,7,88,35.531357298151306,1,64,2,50,3.0,33,61889.42,0.0,26.97343204508279,2,2,1788,Crypto,Region_33,2
173.85123146251465,1.0,38.43461142771549,2,13,20.347702462925028,10,20,1,95,3.0,59,49982.3,109.44,29.329729109847154,3,3,1473,PayPal,Region_20,0
30.861139417498276,2.0,53.28674920840963,4,0,71.23444557669993,10,25,0,0,3.0,32,55294.45,195.5,45.980623126903,0,1,738,Credit Card,Region_12,1
7.311717756637795,,15.470147987925023,3,8,70.29246871026551,8,14,0,50,3.0,31,29634.28,0.0,0.8352836372986419,0,7,1210,PayPal,Region_30,0
26.700357451536476,6.0,54.66885741901596,4,11,23.204042894184376,1,42,0,5,4.0,36,54317.45,43.06,13.338023087404135,0,3,768,PayPal,Region_34,2
13.69575858899956,4.0,11.196366679903155,3,13,71.09566068711996,8,88,3,0,1.0,32,40179.28,0.0,18.552705760095986,2,6,602,PayPal,Region_34,0
47.38039232587031,5.0,87.47452291643735,4,10,74.73803923258703,0,38,0,5,2.0,30,71782.95,0.0,23.771370896026387,2,1,1889,Credit Card,Region_09,2
19.189264345820998,10.0,38.16370071469457,10,22,73.8378528691642,2,15,3,0,2.0,32,44232.06,0.0,3.171733834543522,0,3,1207,Crypto,Region_05,1
25.955747789003034,6.0,38.17813919078325,5,23,73.11468973468037,1,34,1,20,1.0,41,48981.64,166.86,33.21813476548692,1,3,1827,Crypto,Region_24,1
22.99900079333592,2.0,42.80730185808757,5,9,70.91996003173344,9,22,0,10,2.0,25,73952.42,0.0,63.68752248942297,9,1,934,Bank Transfer,Region_05,0
16.089405144642985,2.0,24.99239935855918,2,16,20.64357620578572,9,11,0,0,1.0,45,66396.76,65.95,34.21651935699655,1,1,1912,Credit Card,Region_07,0
7.718319014559345,,15.877005634163003,3,19,20.617465521164746,9,55,0,5,2.0,32,57119.19,61.25,41.93868086406582,6,3,1340,Bank Transfer,Region_33,0
11.651051915865038,1.0,20.496896966503314,3,18,70.2330210383173,10,51,0,0,1.0,48,33910.7,11.05,8.451974279262872,1,3,391,Credit Card,Region_07,0
8.82874969909838,1.0,11.160108612525617,3,11,70.17657499398197,1,18,0,10,2.0,41,61357.21,0.0,10.608793247874763,0,2,1231,Crypto,Region_13,0
21.008351170060898,6.0,43.363350424116874,6,20,22.521002140407308,2,97,0,10,2.0,37,85332.06,137.79,27.03031128098014,3,5,732,Credit Card,Region_04,1
10.324851268424553,6.0,16.49290716321667,6,13,71.23898215221095,2,61,0,5,1.0,30,69940.54,87.96,51.049480609424755,8,3,1963,Bank Transfer,Region_18,0
10.063769204937575,1.0,19.46460353899555,1,16,20.20127538409875,9,7,1,50,,27,65190.56,0.0,13.65908779867307,0,5,521,PayPal,Region_27,0
27.057002688355542,7.0,55.27284295646047,7,10,73.78798037636977,1,86,0,20,2.0,28,56354.7,4.71,35.76050840976331,4,1,553,PayPal,Region_28,2
23.3112978051102,9.0,37.37686357728246,8,9,74.19603360491983,9,10,1,0,2.0,24,71737.63,0.0,44.99116486579863,8,2,60,Bank Transfer,Region_24,1
35.72164991821316,9.0,64.33921609264782,7,11,26.42989698527837,8,42,0,0,2.0,21,59917.59,253.6,25.2295705283111,4,2,1343,PayPal,Region_14,2
13.849103814411357,5.0,22.451751140723744,5,6,71.38491038144113,8,97,0,10,1.0,26,72452.88,108.13,30.863075032550014,1,4,1492,Crypto,Region_12,2
27.693253007852665,1.0,48.48695719144618,3,0,70.55386506015705,1,68,2,5,1.0,33,72515.2,48.77,32.25951727668227,5,4,198,PayPal,Region_09,0
18.831064283177394,1.0,44.6763417492516,3,10,20.376621285663546,8,36,1,0,5.0,28,56802.37,120.41,30.525356072462355,3,1,468,PayPal,Region_13,0
21.104361178108228,4.0,40.27172954094621,2,6,71.68834889424866,0,24,0,20,2.0,33,69287.78,29.83,30.986363875418675,4,2,1560,PayPal,Region_27,1
24.717898575547988,13.0,46.060180819097404,11,13,26.426653629642477,0,87,4,50,2.0,36,58429.71,0.0,53.27920976742776,1,2,465,PayPal,Region_08,1
7.6242828153989155,1.0,16.34414573737535,3,17,20.152485656307977,0,23,2,20,1.0,45,67399.77,61.95,11.73680467625751,2,1,619,Crypto,Region_10,0
48.34143938597048,5.0,89.16588903265921,5,13,74.83414393859705,8,33,1,5,2.0,38,70353.03,0.0,33.332736006008126,6,3,989,PayPal,Region_05,1
26.02130115807534,1.0,37.709274389609696,2,17,70.5204260231615,2,81,0,10,5.0,35,48675.0,492.7,18.25846562992406,1,2,779,Bank Transfer,Region_33,0
12.97049926343324,2.0,34.83070277679087,3,12,20.51881997053733,0,11,0,0,1.0,26,55375.17,0.0,69.65825469447965,7,3,1729,PayPal,Region_12,0
18.346012669507495,1.0,25.70097517942027,1,4,70.36692025339015,9,41,0,50,1.0,30,32932.98,341.65,14.442505046040441,0,3,184,Credit Card,Region_32,0
13.067323328184376,5.0,32.18415332086329,5,11,21.306732332818438,2,78,0,0,1.0,31,55222.35,104.37,50.702750721965394,6,3,204,PayPal,Region_04,0
7.13712350300457,2.0,15.936899130519484,3,21,70.28548494012018,1,11,0,0,4.0,41,20138.4,0.0,21.36412949989988,0,3,1891,Credit Card,Region_09,0
10.332256001004982,2.0,19.501955892481327,3,4,20.4132902400402,8,28,2,0,,40,72374.57,0.0,7.1259562642499885,0,2,925,Credit Card,Region_09,0
25.861908884070466,5.0,45.02401111094363,4,9,72.58619088840705,9,92,0,5,3.0,58,32058.41,0.0,3.802195451703015,0,3,430,Credit Card,Region_09,1
10.157180690018379,1.0,31.308727997499574,3,16,70.20314361380036,1,19,3,20,4.0,32,52964.91,0.0,33.17178059665365,1,5,480,Credit Card,Region_07,0
11.162262719287815,1.0,23.1145206955902,1,26,20.223245254385755,8,78,0,0,3.0,20,76381.31,14.7,62.94346372661255,10,3,1970,PayPal,Region_38,0
23.651822587906743,7.0,42.661720982824136,7,16,23.311255162306942,10,2,0,0,1.0,64,59725.54,0.0,37.704350372943104,5,3,346,Credit Card,Region_02,1
43.27818082037239,9.0,75.22441195411861,8,12,27.79007254766703,8,79,0,0,1.0,20,46879.21,143.81,18.725833490556525,1,3,1578,Crypto,Region_10,2
25.05074070608719,4.0,41.81559192722152,6,12,72.00405925648697,9,60,3,10,1.0,49,46842.31,104.88,47.731019432623995,3,2,1068,Credit Card,Region_37,1
16.050788457404508,10.0,29.144473459189186,10,2,23.2101576914809,10,82,1,5,2.0,48,76034.92,77.67,48.8247538118259,2,4,337,Bank Transfer,Region_24,1
18.41551545138367,7.0,28.49491265418439,8,6,72.57817216319371,8,70,0,0,3.0,29,46385.62,0.0,17.063316745969452,0,3,1748,Bank Transfer,Region_39,1
7.287541845261426,1.0,16.5158305611943,1,18,20.14575083690523,8,99,0,5,3.0,37,54518.82,115.87,41.67309144359622,1,3,1218,Credit Card,Region_12,0
18.01358543981416,4.0,29.196241955483806,5,12,21.441086835185132,8,21,4,0,1.0,42,43918.05,96.38,19.06470216118466,0,4,1455,PayPal,Region_39,0
5.247444642059521,1.0,14.470177927936259,1,17,70.1049488928412,2,78,1,20,1.0,22,58799.66,38.1,17.096857012519905,1,1,993,Crypto,Region_39,0
19.325706203542996,3.0,39.69920807293383,7,11,71.15954237221258,0,72,0,0,4.0,18,62433.38,209.87,21.081835949174973,2,2,1900,PayPal,Region_36,0
21.211420912461634,2.0,37.903379246809976,4,10,70.84845683649847,10,16,0,5,2.0,32,51789.81,117.71,32.78990871119738,1,2,1149,Crypto,Region_03,0
21.739432235005978,2.0,42.03248917228565,4,11,70.86957728940024,9,96,0,5,3.0,24,44415.55,0.0,29.937545761779532,4,1,1933,PayPal,Region_03,1
4.300559647745221,3.0,10.892826913575387,4,11,70.25803357886471,2,1,1,5,1.0,36,47244.06,0.0,6.528109947048412,0,1,224,Bank Transfer,Region_16,0
10.543143835105575,1.0,11.666000857466035,1,12,20.210862876702112,9,6,0,10,2.0,36,36648.54,160.87,70.10319119058231,4,3,1415,PayPal,Region_23,0
11.873705524129297,,30.031134886700855,1,7,20.237474110482587,2,94,2,10,1.0,41,33852.9,215.79,3.721102411564423,0,5,1246,Crypto,Region_01,0
16.375080737253114,7.0,28.196426755619836,6,8,22.292511303215434,8,13,1,0,2.0,51,75007.51,78.01,26.533030225284097,3,3,1331,PayPal,Region_30,1
9.913650467057469,2.0,21.322438407781945,3,20,70.3965460186823,10,3,0,0,2.0,36,58870.38,125.55,4.9700697758580725,0,4,1670,Bank Transfer,Region_32,0
45.24436262651226,8.0,85.05797028298619,7,11,27.23909802024196,8,44,0,10,2.0,18,53472.6,0.0,8.793877099025476,0,2,1577,Crypto,Region_34,1
158.94463879559873,1.0,16.16234952553073,3,14,70.31788927759119,10,62,0,95,4.0,28,85453.99,0.0,42.150445321507455,4,3,941,Bank Transfer,Region_35,0
8.416334107132355,1.0,11.864755419090892,1,15,70.16832668214265,10,9,0,15,3.0,36,62243.76,0.0,51.94550403077714,9,1,895,Bank Transfer,Region_30,0
6.429908655504908,3.0,15.775679682039115,3,13,70.38579451933029,10,44,1,10,5.0,35,61508.47,160.96,29.887830362269383,4,0,1004,Crypto,Region_28,0
21.524526942573743,2.0,39.055410793808754,2,5,20.86098107770295,2,85,0,50,1.0,28,49654.1,0.0,44.08241820057317,2,1,256,Bank Transfer,Region_32,1
11.18548872043566,2.0,23.578726378474542,4,11,20.447419548817425,8,87,0,10,,45,60834.14,4.76,6.416653933375879,1,5,175,PayPal,Region_20,0
29.91857948714632,3.0,54.315275884089296,4,10,21.79511476922878,10,43,0,0,2.0,47,62168.55,22.77,13.238776947688635,1,2,1984,PayPal,Region_39,1
9.834270890929638,,23.848596572689075,2,16,20.196685417818593,0,54,0,0,1.0,54,51672.94,21.51,25.504079432580795,0,4,1264,Credit Card,Region_04,0
14.948333620982437,3.0,27.47716995999044,4,12,20.896900017258947,9,17,0,0,3.0,26,57773.05,38.92,48.251304050936625,2,2,625,PayPal,Region_32,0
53.20017128706519,9.0,102.88075380061973,6,18,29.576030831671734,10,10,0,10,1.0,34,31083.78,0.0,14.21601583023708,2,2,1001,Crypto,Region_16,1
33.99455650409853,2.0,56.29005882131714,4,2,71.35978226016394,8,53,1,0,3.0,34,49960.27,0.0,4.9901640480737175,0,6,91,Credit Card,Region_35,1
24.06514666008006,7.0,42.67906364074939,6,14,73.3691205324112,10,0,0,10,1.0,39,56508.15,0.0,34.935570157136745,2,2,1509,Bank Transfer,Region_14,1
22.799527488993213,5.0,38.0721516372776,4,4,72.27995274889932,10,52,0,5,2.0,25,46799.03,105.33,6.30842899901575,1,1,1748,Credit Card,Region_20,1
21.27070441271931,6.0,40.23044826320609,7,15,22.552484529526318,1,95,0,10,2.0,24,20575.17,197.48,27.153783900461992,2,5,56,Credit Card,Region_36,1
39.34057248063,4.0,69.41969074072112,5,13,73.1472457984504,2,79,0,5,2.0,18,23035.5,0.0,51.58071893402726,5,3,270,Credit Card,Region_38,1
19.08828166964387,5.0,33.211336069890784,4,1,71.90882816696438,10,77,1,0,1.0,26,23766.29,107.09,43.593366285806184,6,1,238,Bank Transfer,Region_28,1
24.980339203288985,,41.440778749668944,5,13,72.99764070439468,2,32,0,0,,19,36850.29,0.0,24.253167488825184,4,4,814,PayPal,Region_14,1
25.04011554786083,10.0,42.76853040150677,9,15,75.00802310957216,10,6,1,20,2.0,46,64293.05,129.06,59.35784875483563,11,3,1773,Credit Card,Region_03,1
20.071207448867252,7.0,36.07678808837767,7,17,72.80996904284142,8,82,1,20,1.0,47,44843.23,10.92,20.33192021053907,3,3,1480,PayPal,Region_24,1
14.168395014529592,2.0,15.396385270237403,3,8,20.566735800581185,2,24,1,0,4.0,42,52385.24,16.45,44.68842742584667,7,3,1158,Bank Transfer,Region_28,1
13.862533946123753,1.0,13.443741822866873,1,13,70.27725067892247,1,68,3,50,,38,50759.48,8.58,29.937156481216714,5,2,687,Crypto,Region_07,0
23.941142231653156,5.0,43.3897857285131,4,13,72.39411422316532,2,48,2,10,1.0,30,45982.87,33.16,40.50721218038183,6,2,1094,PayPal,Region_15,1
29.966982366119,9.0,40.0946854328465,7,13,25.394056825901423,1,73,0,20,3.0,34,34992.4,0.4,40.39473809681643,4,3,288,Credit Card,Region_25,1
9.84102505037104,4.0,16.748133706627517,4,16,20.787282004029684,2,3,0,5,3.0,41,48162.8,94.07,17.84066272564542,0,3,660,PayPal,Region_07,0
39.97796868591507,7.0,70.07452482869107,6,8,25.59691561602811,2,23,1,0,4.0,37,74836.97,2.69,21.81930828787966,3,5,651,Bank Transfer,Region_24,1
8.578769493297484,1.0,18.15197443723984,2,19,70.17157538986595,1,45,0,0,1.0,25,65709.51,59.56,32.482533147231536,3,2,571,Bank Transfer,Region_11,0
24.162844778929134,3.0,40.133028706812794,3,15,71.44977068673575,9,69,0,10,1.0,29,63975.91,68.06,20.233175015485397,3,2,1040,Crypto,Region_36,0
12.194016688513388,6.0,29.79680388578393,8,12,71.46328200262161,10,11,1,15,1.0,44,29253.97,103.69,7.800027285789099,0,7,148,Crypto,Region_15,1
14.496511377484595,1.0,30.334534845624443,3,8,70.28993022754969,0,61,0,0,1.0,40,49177.8,27.36,17.317285205712633,3,5,563,PayPal,Region_10,0
29.67106335351845,5.0,45.84644387807564,6,6,22.967106335351843,10,83,1,5,2.0,27,61135.01,0.0,50.011554644430554,9,1,122,Credit Card,Region_29,1
17.845960370247145,4.0,30.700996879073152,5,18,71.42767682961977,1,89,0,0,4.0,47,47041.97,0.0,31.87633936777573,1,1,1740,Credit Card,Region_12,1
14.436469009639364,1.0,33.621569938270234,2,17,20.288729380192787,0,75,0,20,3.0,49,81277.05,0.0,14.82597057909346,2,6,1256,PayPal,Region_24,0
20.32410190829897,1.0,33.09522390794048,3,10,20.40648203816598,10,61,1,5,2.0,45,42177.83,42.48,43.00744634749819,5,4,108,Crypto,Region_07,0
5.019209565621042,3.0,8.770115592990818,4,15,70.30115257393726,10,96,0,20,1.0,36,44255.07,31.06,12.002021760940439,0,3,1835,Credit Card,Region_29,0
29.997016388400596,3.0,61.01526737839496,4,1,71.79982098330403,2,61,0,0,1.0,26,54888.86,0.0,17.168549800800527,2,3,893,Bank Transfer,Region_21,1
16.488969989208638,7.0,26.97716790026166,5,11,72.3084557984892,9,75,0,0,1.0,27,38791.53,0.0,40.35051307325442,6,3,575,Bank Transfer,Region_28,2
16.67205690196255,6.0,35.62460212394705,6,5,22.000646828235507,1,57,1,10,2.0,47,26109.7,0.0,31.6475185005973,2,2,925,Crypto,Region_29,1
23.37498762961731,1.0,37.52497972024306,2,11,20.467499752592346,9,37,2,0,2.0,35,40719.47,0.0,39.242964344127344,4,4,168,Bank Transfer,Region_37,0
19.439113315377668,6.0,20.552334716949208,4,17,72.33269359784532,1,67,0,15,2.0,38,12000.0,68.1,42.95443082602829,1,2,111,Credit Card,Region_19,1
7.617498342117455,1.0,19.854143598014552,2,10,20.152349966842348,10,16,0,50,1.0,32,56112.35,0.0,18.847855888679575,0,4,150,Crypto,Region_30,0
22.665068539365414,6.0,42.99079857114513,4,11,22.71980822472385,8,9,4,0,4.0,40,51493.04,210.93,28.00486301680295,5,1,804,Credit Card,Region_25,1
278.5918000628492,3.0,52.66934538798518,3,15,21.671550800377094,1,82,6,95,2.0,44,52510.89,27.59,31.21235732705002,0,2,890,Credit Card,Region_30,0
11.7908888411433,5.0,15.758785957531567,5,14,21.17908888411433,0,42,1,50,2.0,34,57072.42,64.26,7.169742649381491,0,3,1582,Crypto,Region_31,1
8.000275954074716,1.0,9.333733634850173,1,12,20.160005519081494,8,32,2,0,3.0,45,51022.63,0.0,15.111547189121943,0,6,1241,Credit Card,Region_23,0
81.36723497747444,10.0,152.2132055581347,8,36,36.273446995494886,2,36,2,5,1.0,33,36566.48,0.0,4.516649821213329,0,2,576,Crypto,Region_35,2
25.612510855862343,2.0,47.31855607757353,3,14,71.0245004342345,10,27,0,15,1.0,33,30248.38,0.0,38.075790413881606,5,0,876,Credit Card,Region_10,0
23.538267718695753,4.0,41.78160160696356,5,11,21.88306141749566,1,45,0,5,2.0,28,36437.36,106.82,37.32688371635459,1,3,413,Crypto,Region_08,1
27.231623291412646,9.0,50.12155523511358,7,10,24.901692192454277,10,1,2,0,2.0,24,62367.92,4.98,30.424292693143645,4,5,1599,Crypto,Region_06,2
28.1722485863313,2.0,58.252575105457844,3,15,71.12688994345325,0,45,0,5,2.0,44,39304.33,250.38,7.194740619401989,0,1,1191,Bank Transfer,Region_02,0
84.58669262812082,9.0,155.87448786588033,8,42,35.225604673061746,2,37,0,15,3.0,34,53553.99,5.65,12.312012614148808,2,4,1820,Bank Transfer,Region_36,2
32.18751984942383,5.0,55.5643097420371,5,4,23.218751984942383,0,37,0,0,1.0,18,51997.17,220.54,55.93301759527415,2,2,605,Credit Card,Region_15,1
8.802528945994599,2.0,8.827112797190019,1,17,20.352101157839783,2,20,0,0,1.0,43,63079.59,0.0,65.98141768073651,6,5,490,Crypto,Region_37,0
11.945901677115529,2.0,24.442891827946877,3,18,20.47783606708462,10,22,0,0,1.0,37,45324.68,0.0,46.77956137404144,2,2,701,Crypto,Region_25,0
23.008321793137583,6.0,36.7951391744765,6,4,22.76099861517651,1,32,1,10,5.0,50,42632.47,0.0,13.83979714141038,1,4,1130,Crypto,Region_15,1
13.906279793890489,4.0,19.119418940909053,3,1,71.11250238351124,9,89,0,20,3.0,51,25849.3,190.86,10.088374503130467,0,4,1980,Credit Card,Region_08,0
21.76712001964722,2.0,45.75956196973534,3,5,20.870684800785888,2,42,0,0,1.0,30,57982.5,0.0,46.270389528932014,5,1,1312,PayPal,Region_07,0
17.31835317701075,2.0,35.53506445241008,3,11,20.69273412708043,10,93,1,0,1.0,66,72702.36,75.33,33.68867221951996,4,1,1041,Bank Transfer,Region_10,0
15.943473638185722,5.0,30.626682182136786,6,17,21.59434736381857,9,67,2,0,,28,57317.05,48.67,5.298589931306947,0,3,566,Bank Transfer,Region_16,1
21.127987429118065,1.0,31.838392067726268,2,6,20.422559748582362,2,69,0,5,1.0,56,64090.06,106.55,38.317196859587455,1,9,223,PayPal,Region_35,0
27.806028675172247,9.0,58.997181919145454,8,12,25.005085161531007,9,97,2,10,2.0,32,62668.25,37.2,33.895775373447925,4,1,67,PayPal,Region_23,1
58.84026022696724,13.0,111.05680998212028,11,3,35.29846765901148,1,63,0,0,2.0,57,61889.15,102.22,27.207592148858488,2,0,1876,PayPal,Region_34,2
80.36802063076978,11.0,143.14350913007362,9,36,87.68096453876936,0,83,1,15,,29,70403.11,139.96,39.282807081542025,4,0,940,Bank Transfer,Region_03,2
15.726825740867014,9.0,25.731886042756297,7,10,22.830828633356063,1,63,0,5,2.0,27,32158.4,0.0,46.26044166972402,3,3,1255,Bank Transfer,Region_02,1
12.009160919743119,3.0,22.008938362082286,3,23,70.72054965518458,2,36,0,5,3.0,38,76213.31,47.76,17.59068417953486,1,3,362,Bank Transfer,Region_30,0
19.834407447945704,2.0,33.30984007360901,3,1,70.79337629791783,8,78,2,0,1.0,33,56875.17,3.57,20.216527574356988,1,3,323,Credit Card,Region_29,1
6.506854956298262,3.0,22.77160870526241,4,15,70.3904112973779,0,22,0,0,1.0,25,58483.58,0.0,18.359573526412518,2,2,112,Crypto,Region_09,0
13.994774235524355,1.0,23.262951750419518,4,3,70.2798954847105,9,72,0,0,5.0,24,64422.38,4.9,52.634498551076206,6,3,320,Bank Transfer,Region_35,0
33.26888649180892,3.0,54.54458132755492,5,7,71.99613318950854,0,33,1,15,3.0,29,33656.08,122.24,29.2451550770075,4,3,794,Bank Transfer,Region_24,0
5.835552229869441,1.0,18.44607330543038,3,7,20.116711044597388,0,33,0,10,1.0,56,72262.2,390.6,68.04249287711737,6,3,543,Credit Card,Region_02,0
24.217796503007943,4.0,40.74672453897876,2,21,21.937423720240634,1,26,1,50,2.0,42,58305.41,0.0,28.140859909335642,3,4,1085,Credit Card,Region_02,1
31.696845789684964,4.0,60.98647296201658,6,8,22.535747663174796,2,79,1,0,1.0,32,45750.46,41.46,17.185649220738714,2,2,1581,PayPal,Region_19,1
12.797262497405347,1.0,26.412010525759978,2,11,70.25594524994811,10,3,0,10,2.0,29,53161.38,0.0,13.008120666538897,0,5,803,Credit Card,Region_11,0
11.643508087607604,1.0,20.665504304968415,3,13,20.232870161752153,10,91,1,20,1.0,36,67907.74,70.95,35.8914033601935,3,4,751,Crypto,Region_24,0
26.58410430437294,9.0,42.98640392525781,9,4,74.78513877478713,1,80,2,10,1.0,58,75411.03,14.91,2.853291590995703,0,6,236,Bank Transfer,Region_16,2
13.37135453066172,,23.827523520299145,2,18,20.267427090613236,2,75,0,0,2.0,45,79444.27,0.0,28.793396285071527,3,1,1869,Bank Transfer,Region_32,0
9.0006285086614,2.0,10.351825783929424,2,17,70.36002514034645,8,68,1,10,1.0,33,60440.39,13.47,7.047784369625076,1,2,1275,Crypto,Region_25,0
5.073502045998763,2.0,9.013714870113258,4,20,20.20294008183995,1,98,1,5,2.0,37,67388.95,0.0,5.196693510282892,0,3,1002,Crypto,Region_40,0
395.60727176884075,3.0,75.07321625068963,3,4,72.37364363061305,8,99,0,95,5.0,39,70131.16,0.0,29.915320306483906,3,3,1466,PayPal,Region_07,1
35.99407450901791,4.0,73.37823444719223,3,16,72.87952596072144,2,93,1,5,1.0,49,51454.46,129.83,20.210802820683337,1,4,259,Credit Card,Region_18,1
12.436856851809829,4.0,16.94709675353625,4,18,20.994948548144787,0,62,1,5,2.0,41,74460.98,320.31,8.336087938193273,1,2,587,Bank Transfer,Region_08,0
13.35151518329868,1.0,22.780434309957986,2,11,70.26703030366598,8,77,0,10,2.0,31,44506.45,90.01,22.659326393091707,2,3,134,Bank Transfer,Region_32,0
37.70253015573542,3.0,65.24049885919736,4,15,22.262151809344125,8,13,0,0,3.0,35,49311.7,372.24,4.315582181521741,0,7,1652,Bank Transfer,Region_04,1
26.83577439098059,5.0,49.6730907913025,5,11,22.68357743909806,2,65,4,0,1.0,55,45994.62,0.0,27.074565959294034,0,6,629,Crypto,Region_21,1
17.489610552302477,5.0,23.87225711259036,6,3,71.74896105523025,2,27,0,0,2.0,31,43294.88,0.0,42.861085562582716,0,2,1377,Bank Transfer,Region_13,0
39.68634284833487,11.0,66.79210374137793,10,10,28.73099542663367,1,20,0,5,2.0,58,74817.9,103.43,23.506257180462388,2,3,122,Crypto,Region_33,2
20.589752394176447,2.0,28.601471519174424,2,8,20.82359009576706,1,78,1,0,5.0,34,56175.5,11.01,32.22689539869036,0,1,589,Crypto,Region_24,0
13.850402455542403,4.0,17.739201716650804,4,13,21.108032196443393,2,86,5,15,1.0,27,61207.13,70.41,28.327392698512433,0,6,923,Credit Card,Region_06,0
48.3091400353554,8.0,83.65426309407928,7,18,77.72946240565686,8,9,0,20,5.0,39,64601.29,0.0,29.10522161253431,0,1,1225,PayPal,Region_21,2
7.330000356359884,4.0,21.548413705577232,4,6,70.58640002850879,9,25,2,15,3.0,62,40822.48,0.0,45.42783783376218,3,5,950,Credit Card,Region_31,0
27.516404159542258,5.0,51.26752987183924,4,7,72.75164041595423,1,34,0,20,2.0,41,32832.93,82.86,39.89369371302105,1,1,1177,Crypto,Region_09,1
8.733952643846305,6.0,16.04609412692238,5,10,71.04807431726155,2,33,0,10,1.0,35,77793.12,62.57,30.604695595533784,5,2,1521,PayPal,Region_34,0
9.437460313635466,1.0,23.721858584686263,2,10,20.18874920627271,9,1,8,5,2.0,29,39566.34,9.63,29.821934022651558,4,2,1824,PayPal,Region_01,0
32.26069927458022,10.0,59.987248100161494,8,5,26.452139854916044,9,94,2,0,1.0,22,56062.84,113.93,30.86241717008124,1,3,823,Credit Card,Region_19,2
7.952656527410152,1.0,16.70266230632331,1,15,70.1590531305482,9,42,0,0,4.0,18,58428.86,136.85,41.98467810491142,6,5,1948,Bank Transfer,Region_02,0
57.39220893118459,2.0,100.94085375023326,3,20,72.29568835724739,9,43,0,0,1.0,37,57917.27,0.0,21.823930476946092,1,5,1938,Bank Transfer,Region_20,1
20.749779597132623,2.0,34.162961496793315,4,12,20.829991183885305,0,43,0,0,3.0,65,68834.01,77.25,28.159953633752778,4,1,1640,PayPal,Region_05,0
26.262629597526217,,40.7170985268901,3,11,21.05050518390105,1,42,0,5,1.0,44,44088.51,29.25,20.264630341801627,1,4,1619,Crypto,Region_36,0
7.469604048451059,1.0,10.439839457004947,4,18,70.14939208096902,9,51,0,0,1.0,70,37243.3,0.0,68.59705514638571,6,7,1648,Crypto,Region_17,0
25.241803772683635,2.0,44.03262972033529,5,22,71.00967215090735,9,4,0,50,3.0,30,72141.2,90.24,42.73951488170554,3,1,1201,Crypto,Region_12,1
7.261576470189094,3.0,14.79443238392497,4,15,70.43569458821135,2,18,0,0,4.0,23,55465.93,0.0,22.21655776211135,1,8,341,Crypto,Region_22,0
18.57324397496972,8.0,33.248047079721985,7,16,22.971719035995157,10,29,7,15,1.0,38,68565.5,0.0,3.350436651948118,0,4,193,PayPal,Region_40,1
8.438032848617599,2.0,13.363111798173236,3,19,70.3375213139447,2,48,0,15,5.0,34,54380.36,0.0,25.60208991077168,2,1,323,Credit Card,Region_25,0
73.39336985404687,10.0,127.54968197780062,7,37,34.67867397080937,10,62,0,0,2.0,28,64194.23,0.0,26.913119866695563,0,3,827,PayPal,Region_37,2
10.39690461590026,1.0,20.710062348396523,1,16,70.207938092318,0,80,0,10,1.0,33,63901.58,231.28,19.12842673608465,1,6,1218,Bank Transfer,Region_30,0
37.613075156747776,6.0,65.21470484697679,4,6,74.51356901880973,9,28,1,15,2.0,65,106846.56,102.41,11.644671232398071,1,4,1222,PayPal,Region_09,1
31.238407764766695,6.0,57.998116516539994,5,11,23.748608931772004,0,75,0,20,1.0,46,38419.69,65.39,66.49590325919222,3,3,1788,Credit Card,Region_19,1
61.64890703111434,5.0,101.40167210803814,4,21,26.164890703111435,10,71,2,50,1.0,27,31315.19,4.28,30.71450023447601,4,4,668,Bank Transfer,Region_07,1
13.574897440232235,5.0,26.116921207267495,6,16,71.35748974402323,2,78,3,20,2.0,61,36413.01,0.0,40.821784429603255,1,3,912,PayPal,Region_22,1
40.59696442335303,4.0,76.80907047601664,4,6,73.24775715386824,10,52,5,0,1.0,42,53181.86,0.0,14.701350281126334,2,4,1306,PayPal,Region_21,1
38.80605721216301,10.0,72.94855727871217,9,17,77.7612114424326,1,97,0,0,1.0,36,86265.83,54.64,30.34334481782167,2,4,772,Bank Transfer,Region_28,1
8.253591713267252,1.0,13.87286295712758,3,14,70.16507183426535,8,27,5,0,,35,70114.08,34.25,54.1428640390725,0,4,205,Credit Card,Region_26,0
18.226076340040255,4.0,37.383528989194346,5,15,21.458086107203222,8,84,0,5,2.0,32,73814.06,317.72,23.254551050368754,3,4,1110,Credit Card,Region_39,0
51.13442682856923,8.0,85.67717387664538,7,16,78.18150829257108,10,52,1,0,4.0,28,26268.83,0.0,8.484675217892883,0,3,1555,PayPal,Region_36,2
22.398847261993044,4.0,39.87189474555483,5,11,71.79190778095945,0,16,0,0,1.0,31,48170.09,351.42,5.169934728438496,0,2,1878,Crypto,Region_26,1
17.64452973320838,,30.79317451397159,7,12,22.470234162649174,2,81,0,10,1.0,45,67508.44,1.28,22.456633038332,4,1,1060,Crypto,Region_26,1
9.13722034510175,2.0,21.628995066388587,4,17,70.36548881380406,8,23,0,0,2.0,29,61447.97,73.34,39.85919909239096,2,4,284,Bank Transfer,Region_39,0
27.658271638072225,1.0,39.68242309590727,3,19,70.55316543276145,9,87,1,20,5.0,20,29940.0,42.91,54.44878002908553,9,4,461,Crypto,Region_35,0
12.185821790274124,2.0,16.643830632856925,4,3,70.48743287161096,1,75,0,0,2.0,32,67519.65,32.58,71.55040475154097,0,1,372,PayPal,Region_18,0
33.54379842612649,5.0,69.11509121018027,3,12,23.35437984261265,2,64,1,0,1.0,35,54455.96,43.5,24.79110767207084,4,1,323,Credit Card,Region_18,1
8.878567685646816,1.0,3.8285912149394594,2,14,20.177571353712935,0,35,1,0,1.0,42,58591.1,95.65,46.48063126568823,5,5,970,Crypto,Region_17,0
8.917885095039699,1.0,20.12431302950896,3,13,70.1783577019008,2,31,0,0,1.0,45,32305.54,0.0,6.746380805237094,0,2,495,PayPal,Region_26,0
18.780027229514715,3.0,30.302413197990777,4,0,21.12680163377088,1,68,6,10,1.0,41,41608.04,0.0,28.960671226423113,5,0,259,Bank Transfer,Region_34,0
7.1005306122844685,1.0,14.054468120342543,2,18,20.142010612245688,10,25,0,50,1.0,31,90987.82,0.0,17.11381541729046,2,1,728,Crypto,Region_37,0
10.318253310168611,1.0,25.641767977600267,2,13,70.20636506620338,2,55,0,5,1.0,18,54464.0,0.0,46.72300027405335,4,2,1134,Bank Transfer,Region_35,0
12.349443044292164,1.0,23.695031835120044,3,8,20.246988860885843,10,66,0,5,1.0,28,77508.04,388.29,52.26336799258813,4,2,772,Crypto,Region_09,0
25.650140283292192,2.0,53.34291939373103,1,10,21.026005611331687,0,32,1,15,1.0,34,40458.05,172.31,7.776304385715774,1,7,1997,Crypto,Region_16,1
11.340299240397297,1.0,17.950792728781124,3,12,20.226805984807946,9,38,3,0,2.0,42,43098.68,19.88,57.975450296644425,0,5,1444,Bank Transfer,Region_21,0
14.272404425695411,1.0,23.889446687037204,2,3,70.2854480885139,2,83,1,0,4.0,37,69944.28,22.45,29.21996170533005,1,4,347,Credit Card,Region_17,0
16.073023414201014,1.0,32.86565338980045,2,12,20.32146046828402,0,57,0,5,5.0,20,46123.56,1.09,4.229729867597663,0,3,847,Bank Transfer,Region_14,0
16.343904562243157,3.0,27.221875910626025,4,14,70.9806342737346,10,11,2,0,1.0,40,48575.63,161.53,26.734246545977346,2,6,649,Credit Card,Region_01,0
8.212673225807475,3.0,17.76954371164347,3,12,70.49276039354845,10,83,0,20,2.0,29,37672.19,0.0,24.812586280885473,0,0,114,PayPal,Region_37,0
10.873601389353231,1.0,25.491503583724235,2,14,20.217472027787064,9,80,0,50,3.0,29,27164.6,0.0,51.660195098589114,8,2,527,Crypto,Region_21,0
39.563427547607986,4.0,75.55585405713133,4,11,23.16507420380864,8,42,0,10,1.0,18,55118.97,60.07,33.8743601678225,1,1,970,PayPal,Region_04,1
17.424179622135615,3.0,23.468965492611197,4,16,21.04545077732814,2,71,3,10,4.0,25,43711.09,4.69,32.47103152385578,4,2,1350,Credit Card,Region_35,0
14.16616279768609,3.0,23.79218915058735,4,11,70.84996976786117,9,12,0,10,4.0,37,73884.76,103.08,4.921482199695908,0,1,1248,Crypto,Region_18,1
28.23583624883258,4.0,52.23366766817275,2,14,72.25886689990661,10,72,1,5,1.0,33,38442.76,11.7,20.62483185475643,2,1,511,Credit Card,Region_10,1
11.119606486038347,4.0,18.795823976722065,3,11,70.88956851888307,8,82,0,10,3.0,37,39501.81,106.98,33.757038018762806,2,2,1239,Credit Card,Region_29,1
12.413368054510387,3.0,22.740892565076365,3,22,20.744802083270624,10,89,1,0,2.0,25,37458.7,114.61,27.597510305144944,2,4,334,Crypto,Region_02,0
26.026280258425352,2.0,48.32265818651194,3,7,21.041051210337013,2,4,0,5,1.0,36,44485.25,5.12,19.357227550952242,1,4,774,Crypto,Region_08,0
8.338162873029372,1.0,12.375852567865023,3,11,70.16676325746059,2,44,5,0,1.0,39,79943.65,210.25,38.55290442449269,2,3,1814,PayPal,Region_34,0
8.725683313918374,2.0,14.739035562773754,5,14,70.34902733255673,1,88,0,0,1.0,41,38480.6,0.0,42.458100659782424,1,4,638,PayPal,Region_11,0
60.6798639646224,16.0,103.31858149628604,12,15,89.41755646867917,2,4,0,5,4.0,37,59878.89,0.0,17.01587616820201,1,2,1378,PayPal,Region_10,2
6.572402177571889,3.0,9.441114985092792,5,9,70.39434413065432,2,22,0,0,4.0,42,47829.57,106.74,8.822567950145888,1,3,1568,PayPal,Region_33,0
9.458350366979658,2.0,9.391637646734306,1,17,70.37833401467918,9,34,2,5,1.0,37,43545.62,274.53,18.915753362976833,1,4,666,Crypto,Region_04,0
31.14259371585209,4.0,56.639152166997214,4,0,22.491407497268167,0,95,0,5,3.0,19,50065.28,351.79,23.94585865079641,3,4,918,Credit Card,Region_25,1
190.35119370568222,6.0,33.29710384523005,6,7,72.28421432446818,1,53,0,95,1.0,27,37417.39,0.0,28.27101734383472,4,4,1886,Credit Card,Region_22,1
11.08521241332986,1.0,15.374406283750602,2,6,70.22170424826659,2,48,0,5,3.0,26,78988.27,0.0,45.82358173792589,1,2,383,Crypto,Region_05,0
16.40644563477301,1.0,38.457901186735654,2,12,70.32812891269546,9,69,0,0,3.0,24,46574.45,78.68,34.2767364728602,1,3,191,Bank Transfer,Region_40,0
14.420033188501979,5.0,24.72900232406936,5,1,71.4420033188502,10,77,2,20,,25,68479.7,0.0,79.32947370904782,0,4,517,PayPal,Region_28,0
13.554618778678737,2.0,25.83107852201983,2,15,70.54218475114715,10,92,4,0,1.0,38,85447.68,94.33,7.9007315451264635,0,2,1431,PayPal,Region_12,0
10.63713401664611,4.0,15.953675405735687,5,17,70.85097072133169,9,36,3,0,1.0,40,69641.82,0.0,36.65828985467587,6,4,371,Credit Card,Region_04,0
14.126104181341328,4.0,23.35524742272789,5,4,21.130088334507306,0,21,2,15,5.0,44,40147.42,3.43,29.343266625027407,4,0,325,PayPal,Region_40,0
11.59422266540154,2.0,22.491668151965452,3,14,20.46376890661606,8,83,0,50,1.0,34,18130.29,63.73,11.200504324255075,2,5,1852,Bank Transfer,Region_19,0
14.630702680241406,2.0,24.674009575400092,3,14,70.58522810720966,2,7,2,0,1.0,28,72751.96,0.0,12.40767262861536,0,3,199,Crypto,Region_25,0
9.986430184919328,3.0,17.99209111729613,3,18,70.59918581109515,8,90,2,50,2.0,34,60465.16,0.0,11.794025666936527,1,0,347,Credit Card,Region_18,0
11.324544051984198,4.0,24.41830237033888,5,6,20.905963524158736,0,56,0,10,,25,72670.37,87.7,35.795140139006,2,3,832,Bank Transfer,Region_32,0
8.199038431796966,1.0,12.168138279640276,4,6,70.16398076863594,9,70,0,15,2.0,38,75901.2,273.88,22.839599549329662,2,1,240,Crypto,Region_17,0
24.191394143147846,2.0,36.88370354147669,2,17,20.967655765725915,8,59,1,5,2.0,49,54420.06,0.0,28.689003200226054,4,3,915,Bank Transfer,Region_16,1
17.736056440200045,7.0,24.293580143968015,5,7,22.483047901628005,0,54,4,10,3.0,48,76305.49,0.0,13.689330967055751,0,1,1537,PayPal,Region_18,1
7.8020102116601375,6.0,21.235813562922562,6,12,20.936241225399215,8,33,0,15,2.0,34,48434.44,0.0,2.5365313467224966,0,6,1423,PayPal,Region_36,0
13.510463497817948,2.0,28.974567798950154,3,15,20.540418539912718,10,40,6,50,1.0,35,54644.25,57.9,11.975033029796373,0,4,922,PayPal,Region_34,0
13.2645612375799,2.0,27.155208563582516,3,6,20.530582449503196,9,27,0,0,,30,43489.77,0.0,3.003232666815867,0,2,1190,PayPal,Region_34,0
33.55377896815598,5.0,58.21653811332071,5,8,73.3553778968156,2,30,0,20,2.0,31,41485.16,61.91,50.4774878524758,7,2,148,Credit Card,Region_29,1
20.646581732504448,7.0,30.49844706356884,7,15,72.89052144255062,10,20,0,10,3.0,42,65666.68,273.64,33.54317074792967,4,5,785,Credit Card,Region_25,1
14.342413676206148,2.0,24.404836549690327,3,5,70.57369654704824,10,73,0,20,2.0,23,37982.72,0.0,11.75370346879046,0,1,1415,Bank Transfer,Region_10,0
55.718878924758805,13.0,99.82721020813563,9,14,34.48690852043729,1,50,4,0,4.0,40,68445.1,0.0,9.063879739347948,1,7,379,PayPal,Region_09,2
14.554635342652764,1.0,20.54058528303858,1,6,20.291092706853057,10,35,1,0,1.0,23,46064.48,48.39,40.50932203154451,5,2,380,Credit Card,Region_18,0
87.55994284247285,4.0,8.412508146402013,4,10,20.70047954273978,9,76,0,95,2.0,29,64079.17,9.99,33.78530958961486,6,4,1657,Credit Card,Region_23,0
26.042905589886917,5.0,38.22566702977679,4,16,22.60429055898869,8,25,1,20,1.0,42,74299.3,0.0,39.303761088982675,5,4,1662,Credit Card,Region_06,1
28.379189668630172,9.0,54.36950734125353,8,17,75.10825414035344,2,97,0,5,1.0,29,56306.98,95.08,2.6193109613830456,0,2,1081,Credit Card,Region_37,1
24.603073810114353,7.0,38.25874128219076,6,11,23.44443033341601,1,18,4,50,3.0,31,57256.05,138.03,73.01159061895818,12,3,683,Bank Transfer,Region_22,1
10.648392445221484,3.0,20.714158004978366,3,16,20.63890354671329,10,5,0,0,3.0,39,56851.63,0.0,36.10671866783996,6,4,978,Credit Card,Region_28,1
12.990208087267082,2.0,21.393375290044506,3,15,20.519608323490683,0,47,1,0,1.0,35,75585.31,0.0,3.846345650289771,0,2,1252,PayPal,Region_08,0
59.44267577259293,6.0,109.94500593454796,4,15,77.13312109271115,2,14,2,10,2.0,32,66892.79,103.4,62.41540203709187,8,1,1611,Bank Transfer,Region_11,1
10.548506569380692,1.0,20.66643438473033,1,14,70.21097013138761,9,48,4,0,3.0,39,24714.7,16.1,30.13209673410964,2,5,907,Credit Card,Region_36,0
18.334218200067923,3.0,31.841905670665835,2,4,71.10005309200407,8,17,2,0,1.0,30,71480.73,19.74,7.056818995259666,0,3,377,Crypto,Region_08,1
14.144691912963617,2.0,26.112712569380598,4,7,70.56578767651854,10,83,4,0,5.0,44,36554.74,0.0,9.81082055879951,0,8,545,Credit Card,Region_09,0
27.79764442482606,7.0,49.48407942280335,9,9,23.89167021947565,1,64,0,0,4.0,34,41063.62,328.77,31.671353597609553,0,0,1877,PayPal,Region_26,1
19.6306881982123,3.0,32.25850300361678,3,5,71.17784129189273,10,21,2,5,2.0,30,48716.34,149.64,29.818568183633392,5,1,1054,Bank Transfer,Region_30,0
14.832974921793486,5.0,31.59976878651759,5,5,21.48329749217935,2,59,0,0,2.0,54,55650.3,156.31,13.391629228111334,0,2,478,Crypto,Region_35,1
16.322623675256878,2.0,27.265353849252392,2,8,70.65290494701027,1,35,1,50,4.0,28,51816.8,9.78,26.328438994799086,5,5,1918,Crypto,Region_27,0
31.0677040458765,5.0,55.4876165513203,5,15,23.10677040458765,1,81,0,15,3.0,39,66082.33,46.31,4.140428569817535,0,3,1501,Credit Card,Region_38,1
11.50913865249074,3.0,13.640824076195804,3,21,20.690548319149446,2,9,0,15,2.0,34,40230.54,60.58,30.927178094974412,3,1,765,Crypto,Region_08,0
13.949936093819533,3.0,26.480107988099224,4,12,70.83699616562917,10,19,1,0,4.0,36,53713.79,15.47,19.043388102802155,2,2,193,Crypto,Region_06,0
18.38955779980164,3.0,30.048296053915646,4,14,71.10337346798809,8,69,0,20,1.0,36,50775.69,2.47,36.11073071126445,3,1,327,Bank Transfer,Region_38,0
17.269227354941986,1.0,28.700365943106064,1,8,20.34538454709884,10,60,0,5,1.0,37,48391.62,0.0,56.54330521646044,2,2,659,Bank Transfer,Region_18,0
15.530289450991337,3.0,23.756716707362198,4,1,70.93181736705948,0,58,0,0,4.0,36,45730.94,339.71,73.2547383666638,10,5,1878,PayPal,Region_01,1
16.912673881778275,3.0,29.822830747759152,2,7,21.014760432906698,2,21,2,0,1.0,18,45677.82,261.36,10.377332927909329,0,2,528,Bank Transfer,Region_08,0
43.55935792694458,7.0,68.37448119331526,6,10,76.09831010977224,0,67,0,5,1.0,43,47840.34,0.0,34.212278756033946,5,2,1862,Credit Card,Region_12,2
12.542835664743443,3.0,25.988889261104497,3,13,70.75257013988461,1,3,3,0,3.0,27,47413.26,0.0,23.862784418266703,4,2,242,PayPal,Region_01,0
12.544455766830291,1.0,22.38669650689838,2,12,20.250889115336605,1,82,0,15,2.0,29,37781.03,0.0,21.493308705740372,4,2,1094,PayPal,Region_29,0
23.101621375512142,6.0,39.246490469910825,5,9,22.772194565061458,8,28,0,20,4.0,50,69890.57,141.48,21.0217828477137,2,4,1144,Credit Card,Region_35,1
39.51510480126432,5.0,63.386035313321194,5,8,23.951510480126434,2,57,1,20,1.0,46,66042.0,0.0,22.98912710769288,2,0,1904,Bank Transfer,Region_17,1
11.781291604521451,2.0,23.371658320538465,3,15,70.47125166418085,10,57,2,0,1.0,44,41636.16,4.87,28.724977877469225,3,0,136,PayPal,Region_06,0
7.784865658222748,3.0,10.841120383325569,4,8,20.467091939493365,2,53,0,10,5.0,32,27083.81,0.0,19.25652213027053,1,1,529,Crypto,Region_22,0
20.959417281518604,6.0,44.25738545797506,6,14,22.51513007378223,9,27,0,5,2.0,40,74511.79,0.0,22.019749645522836,2,2,109,Bank Transfer,Region_08,1
13.085148525303067,4.0,25.98486215719443,4,9,71.04681188202424,8,76,1,20,2.0,29,60834.93,0.0,22.764483336697577,0,4,683,Crypto,Region_36,0
73.08958742467077,7.0,139.234535807843,6,38,30.232542239453906,2,38,2,20,4.0,44,41042.7,502.98,49.17064477244043,9,4,1228,Crypto,Region_21,2
56.89673021296197,8.0,103.09896458727441,8,15,29.103476834073916,1,56,1,0,1.0,45,50646.83,102.3,33.012989411764416,0,4,2013,Crypto,Region_05,2
17.45778862309819,6.0,36.81313332738752,7,9,22.094934634771782,8,63,0,5,1.0,47,59690.65,0.0,26.974204319531907,3,4,331,Credit Card,Region_31,1
32.919854851519666,2.0,61.56959395922649,2,7,21.316794194060787,9,91,1,5,2.0,55,18258.97,174.11,31.962446100870807,1,5,890,PayPal,Region_28,0
27.27335243989322,4.0,46.83712733078881,4,7,72.18186819519146,9,29,7,15,2.0,21,37775.91,127.15,15.256978179404495,2,1,228,Credit Card,Region_30,1
20.290570996266865,1.0,37.45907788570103,2,13,70.40581141992534,10,85,1,0,1.0,39,48673.86,0.0,14.543632409989748,1,2,1087,Credit Card,Region_13,0
114.65175533465921,3.0,16.46738462794398,5,13,20.687910532007955,1,49,0,95,1.0,45,64683.14,16.05,60.650140123226016,7,4,593,PayPal,Region_29,0
15.079612981326115,1.0,37.487200531258864,2,17,20.30159225962652,10,53,0,10,3.0,34,46838.15,0.0,12.478241773848795,1,2,336,Crypto,Region_33,0
17.043815349196542,2.0,30.17454208002671,3,14,20.681752613967863,2,22,9,0,1.0,36,70287.75,218.98,56.08861465991002,1,4,898,PayPal,Region_10,0
39.93598849662615,4.0,72.01583075152034,5,11,23.194879079730093,1,17,2,5,2.0,47,45476.46,0.0,25.99414677200799,1,4,397,Crypto,Region_19,1
37.447775992483045,6.0,69.35592609463708,5,12,24.493733119097964,9,80,0,50,1.0,21,53253.05,81.87,44.7708848957108,4,5,428,Crypto,Region_09,1
34.77430667060129,4.0,57.15902538549868,6,16,22.781944533648105,8,53,0,0,1.0,47,65351.4,186.7,17.828418251985642,1,1,1304,Credit Card,Region_16,1
10.739894946576985,3.0,25.93866643217145,4,16,20.64439369679462,2,94,2,20,4.0,29,46348.92,290.16,47.87207103646411,1,3,1168,PayPal,Region_27,0
9.692007562314815,1.0,12.318965858326411,3,15,70.19384015124629,1,27,7,5,3.0,25,51786.85,78.14,40.06573910713607,2,3,1039,Crypto,Region_39,0
13.916052141122892,1.0,18.791541042214234,2,14,20.27832104282246,10,7,0,0,3.0,24,59086.06,4.65,33.82666436389829,3,4,274,Credit Card,Region_39,0
64.92619926591695,6.0,116.03453861513539,6,16,77.79114391191004,2,31,0,15,2.0,24,48884.31,0.0,26.591341740603102,0,3,836,PayPal,Region_06,2
11.144116825525236,5.0,13.662922796997503,6,26,21.114411682552525,8,5,0,50,2.0,24,68638.63,298.78,30.95166437121058,4,3,1627,PayPal,Region_19,0
37.56485050905131,2.0,75.42643359724926,4,13,71.50259402036205,9,71,2,10,1.0,24,62737.97,178.96,59.51944177980681,0,4,880,Credit Card,Region_31,1
21.781188799863198,3.0,38.05262349133849,2,13,71.30687132799179,1,85,1,0,1.0,35,47139.93,0.0,14.625158854385639,2,4,1911,Bank Transfer,Region_19,0
8.444130903149858,1.0,1.0,2,14,70.168882618063,9,39,1,0,1.0,26,14135.98,0.0,28.04015552007217,2,5,346,PayPal,Region_32,0
17.55312011571775,7.0,32.59535879891716,7,0,22.457436816200484,10,50,0,5,2.0,28,30686.25,52.91,25.851372771103147,1,5,1161,Bank Transfer,Region_03,1
11.517296817082093,2.0,23.498664205017967,3,12,20.460691872683284,10,46,0,0,1.0,23,32981.24,4.51,22.861043121816095,0,3,666,Crypto,Region_22,0
27.744706556498663,3.0,47.83331055974651,4,10,71.66468239338992,1,94,0,10,2.0,43,30332.35,0.0,35.13430925224108,3,5,918,PayPal,Region_11,1
36.24035201236845,,58.45316849345716,11,6,29.422491523215797,2,69,3,0,1.0,24,51714.84,46.79,10.477189527887,1,3,604,Bank Transfer,Region_32,2
20.923670366705956,2.0,37.14607157673823,1,6,20.836946814668238,0,67,0,50,3.0,32,66216.38,73.17,9.376334978748362,1,5,326,Crypto,Region_04,0
14.434580402192546,1.0,23.57371738781236,1,10,70.28869160804385,1,6,2,20,1.0,35,40499.37,77.23,31.689314544391063,5,2,686,Bank Transfer,Region_12,0
12.376243884174954,4.0,17.399379392219736,5,16,70.990099510734,1,97,3,15,4.0,25,73270.47,182.42,41.29303575158493,8,6,475,Credit Card,Region_29,0
25.16958171093173,8.0,39.98612172920336,7,16,74.02713307374907,9,26,1,15,3.0,27,76437.77,21.95,45.95147203209461,5,0,1512,Crypto,Region_04,2
7.197067658619292,2.0,13.73590053020165,3,16,20.28788270634477,0,65,0,15,2.0,25,84099.87,0.0,24.694121517938402,0,7,943,PayPal,Region_03,0
27.45103027704881,3.0,53.926963500636134,4,7,21.64706181662293,10,53,0,5,3.0,36,52489.78,312.41,32.22776799657049,1,1,1344,Bank Transfer,Region_23,1
10.453760284660083,5.0,21.12448770237364,4,12,21.04537602846601,0,13,0,15,1.0,35,69066.17,123.76,21.10955207484388,2,5,882,Bank Transfer,Region_10,1
36.783705576039274,5.0,57.5706807439288,5,10,73.67837055760393,0,92,0,0,1.0,32,61412.9,50.89,25.385270838835066,3,3,1554,Bank Transfer,Region_17,1
11.435681944000889,1.0,23.661617521981512,3,14,20.228713638880016,0,21,1,15,1.0,49,38450.08,0.0,38.95299080351851,5,5,1047,Credit Card,Region_29,0
89.76877411547109,9.0,165.4461634679832,8,47,36.15837934078479,8,68,2,10,2.0,29,48808.19,88.68,46.618879929490205,5,1,1002,Bank Transfer,Region_37,1
112.5239964015901,10.0,209.511677277101,11,75,92.50479928031803,2,55,1,0,1.0,38,62081.16,78.78,6.328784865140088,1,3,1775,PayPal,Region_12,2
11.329618154402676,3.0,15.64387389746534,3,16,20.67977708926416,1,81,3,10,1.0,48,55929.6,76.48,48.192618209404905,4,3,339,Credit Card,Region_39,0
11.675179743058198,1.0,20.732310340681618,4,15,70.23350359486116,2,59,0,0,4.0,61,53999.03,126.64,27.480907157820127,3,2,894,Credit Card,Region_18,0
66.56857408508608,6.0,122.66105460467412,5,21,27.98822889021033,10,50,1,50,3.0,46,66090.17,0.0,34.84795926363514,2,2,338,Credit Card,Region_22,2
24.077289311103165,2.0,40.70135226928764,3,1,20.963091572444128,2,15,0,10,5.0,48,60107.3,52.93,49.73066743517569,3,3,577,PayPal,Region_19,0
12.74053161156245,10.0,25.69250615254555,9,8,22.54810632231249,2,5,5,5,2.0,34,50974.47,369.57,10.970921945260212,0,2,1848,Credit Card,Region_17,1
5.9622612522304,1.0,10.611938622925182,2,23,70.11924522504461,2,0,0,5,4.0,44,52535.59,51.58,18.66629091346013,2,7,1472,PayPal,Region_05,0
9.498995705220022,4.0,12.865918186118309,4,5,20.7599196564176,8,11,1,10,1.0,44,82216.54,112.96,41.48794185974969,1,3,533,Bank Transfer,Region_15,0
30.972355026175055,8.0,51.94402785366237,6,16,74.95557680418801,9,23,0,15,3.0,29,49403.85,31.5,9.386133490449508,0,4,1299,Credit Card,Region_26,1
14.86113530149972,1.0,32.996490324073775,3,3,70.29722270603,8,74,0,50,1.0,42,40801.9,0.0,11.48976090631347,0,4,1227,Crypto,Region_40,0
18.688504122097658,3.0,28.657214107792424,3,7,71.12131024732587,1,42,1,0,1.0,32,44404.31,49.15,6.5853549620948995,0,3,624,Credit Card,Region_24,0
7.539237040624314,2.0,7.730625252275697,3,13,70.30156948162497,0,33,4,5,4.0,28,58404.7,0.0,26.637285620756423,0,3,1644,Crypto,Region_20,0
4.82370572272584,2.0,10.40456462456556,4,25,20.192948228909035,9,92,0,0,1.0,27,61636.62,22.52,12.969560869218205,0,4,480,PayPal,Region_21,0
17.17072121028748,1.0,30.754434256804988,4,11,70.34341442420575,1,95,2,0,1.0,35,54456.07,0.0,36.74004897869854,4,3,629,Crypto,Region_35,0
8.74709364917384,2.0,9.18666168137922,4,13,20.349883745966952,10,56,0,0,1.0,29,31368.58,0.0,22.278132232540965,1,5,123,Bank Transfer,Region_27,0
19.937549319444408,4.0,33.29048790455231,5,6,71.59500394555555,0,20,0,0,2.0,33,22416.91,91.59,18.08121135729064,3,4,1267,Crypto,Region_36,2
12.910300722912787,1.0,19.15463390994025,2,15,70.25820601445825,8,39,1,10,1.0,45,30025.71,0.0,78.49102604729933,13,3,512,PayPal,Region_10,0
33.69233203071509,6.0,57.43785992405265,5,7,74.04307984368582,2,32,0,20,2.0,48,66097.85,0.0,35.25835998446581,3,3,999,Credit Card,Region_37,1
11.601995940549278,1.0,33.50844467702193,1,12,20.232039918810987,1,32,1,5,2.0,59,63395.28,0.0,40.83482270020392,0,3,1436,Credit Card,Region_34,0
20.42706312684174,3.0,35.25581410494499,2,9,21.225623787610505,10,27,0,5,2.0,51,33429.08,20.76,39.05179140580762,4,7,1199,Bank Transfer,Region_26,1
11.43015578435973,1.0,16.168025690986774,2,17,20.228603115687193,2,99,0,0,1.0,18,84952.99,10.87,32.894046447163134,6,5,998,Credit Card,Region_11,0
38.54270683839289,10.0,79.48580976310545,8,14,77.70854136767858,2,64,0,15,3.0,43,51719.98,20.18,34.078965265620646,4,1,243,Credit Card,Region_20,2
7.104874908161152,2.0,17.23004882565205,4,10,20.284194996326445,2,75,2,20,1.0,33,33220.44,0.0,6.092047073257259,0,3,360,Credit Card,Region_33,0
9.15342136623393,3.0,20.10028626214812,3,11,20.549205281974036,9,45,2,5,3.0,31,53393.93,152.89,25.36627593170191,2,4,1882,Crypto,Region_06,0
15.006928012969395,3.0,22.846998951838078,4,8,70.90041568077817,0,32,1,0,1.0,24,59037.15,254.1,22.61689308182643,0,7,1788,Bank Transfer,Region_02,0
13.855349680167683,1.0,30.89704621273436,2,13,70.27710699360335,2,68,1,0,5.0,35,54932.53,0.0,41.41159209389563,7,2,1826,Crypto,Region_09,0
13.029602998235271,1.0,27.534658337987683,1,17,20.260592059964704,10,65,2,5,2.0,30,62316.39,51.14,9.385260789480125,0,1,1469,Crypto,Region_32,0
8.182032627847349,2.0,15.463106639315301,4,15,70.3272813051139,1,35,0,5,1.0,32,73937.34,46.09,17.204720455045372,0,3,236,Bank Transfer,Region_19,0
22.814555585613117,7.0,32.484684439742374,7,0,23.194037781985838,9,87,0,20,2.0,38,60100.9,0.0,42.501730078416436,1,2,601,Crypto,Region_25,1
5.099660563928418,2.0,9.079789002682013,4,19,20.203986422557136,0,53,0,0,4.0,27,61617.4,231.41,38.7533036627442,1,2,1326,Crypto,Region_30,0
13.084007273110014,3.0,32.200866662424914,4,6,70.7850404363866,1,49,5,0,1.0,33,79009.27,0.0,28.015852132536118,2,7,245,Credit Card,Region_17,0
43.447055554711014,4.0,79.30661409719002,4,8,23.475764444376882,9,50,0,0,1.0,35,36021.13,87.09,22.942552916367365,3,0,262,Credit Card,Region_13,1
13.603772543541332,12.0,22.604457942965084,9,13,73.26490541044991,9,51,3,5,1.0,18,69111.6,81.44,19.47425533295118,0,3,486,Bank Transfer,Region_25,1
9.637183815999744,2.0,16.204644153356192,3,13,20.38548735263999,10,20,1,0,1.0,35,61846.57,62.29,8.24408412010083,1,6,89,Crypto,Region_14,0
13.896579232720631,2.0,24.217581084828055,4,16,70.55586316930882,10,29,2,0,1.0,41,51995.22,0.0,33.80947089846851,0,1,1087,Crypto,Region_18,0
20.108388247819004,1.0,32.19702777718952,3,7,20.40216776495638,0,14,0,5,1.0,37,52567.04,0.0,22.037063777984955,0,2,601,Credit Card,Region_16,0
20.50584881457756,6.0,36.70430371942554,7,6,72.46070185774931,10,8,0,0,1.0,42,41480.41,24.26,14.384873322890918,0,2,912,Credit Card,Region_08,1
18.59885218430305,9.0,40.69160657947324,7,9,73.34779339317456,2,31,1,50,1.0,46,82185.82,15.52,7.186007736743773,0,1,103,Crypto,Region_21,1
5.542417309427978,1.0,16.623625551525254,3,20,20.11084834618856,1,71,1,20,5.0,50,51128.23,0.0,29.867050916747807,5,4,809,Crypto,Region_15,0
25.56886119944307,3.0,42.252270607377206,3,13,21.534131671966584,8,22,2,0,3.0,46,71653.91,0.0,28.7737300094086,4,4,471,Credit Card,Region_01,1
55.52483599477304,3.0,106.32419171334494,4,16,23.331490159686382,2,26,0,0,2.0,32,64282.07,0.0,7.533600664945643,1,3,1178,PayPal,Region_15,1
13.611886042816856,2.0,28.307101440334094,3,19,70.54447544171268,8,41,2,0,3.0,32,66136.49,355.73,13.89008364916876,2,3,976,PayPal,Region_17,0
24.314877561414942,4.0,46.93347229860521,5,16,21.945190204913196,1,7,0,20,2.0,19,76691.11,0.0,17.194143764643172,0,1,1149,Crypto,Region_38,1
13.857587607322245,3.0,27.10321710138071,5,16,70.83145525643934,10,92,0,10,2.0,37,22470.74,15.04,12.780707100592236,1,3,716,PayPal,Region_26,0
12.128562382583755,2.0,17.179530394753485,1,7,70.48514249530335,8,10,1,5,3.0,31,12392.0,165.58,34.03393326092701,5,2,865,Bank Transfer,Region_14,0
8.800374268542418,1.0,13.812782758590775,4,18,70.17600748537085,8,20,5,5,,36,51971.13,58.38,23.997827126228742,4,2,586,PayPal,Region_33,0
16.9338057859313,1.0,34.64544243028296,5,10,20.338676115718627,0,43,6,0,1.0,29,58173.84,192.69,37.68550183794631,5,6,1303,Crypto,Region_15,0
13.333832593332042,2.0,17.96654694862294,3,10,70.53335330373328,0,38,0,50,1.0,35,59330.15,142.6,47.39683512661485,8,3,748,PayPal,Region_24,0
45.01722979280815,10.0,75.8271381000753,8,8,29.00344595856163,10,93,2,20,2.0,26,64031.44,73.11,18.521480700730482,1,1,1657,Crypto,Region_21,2
8.247033740504529,4.0,16.375647856737682,6,13,70.65976269924036,0,32,1,50,1.0,60,55765.42,0.0,31.858330239007092,4,3,1975,Crypto,Region_18,0
20.52006468881376,1.0,32.988453136569255,2,7,20.410401293776275,8,66,1,0,5.0,48,53462.39,276.73,34.31812590123617,2,1,1431,Bank Transfer,Region_07,0
15.893037148636614,1.0,32.72693863604974,2,12,20.317860742972734,10,54,1,5,1.0,30,40824.8,0.0,26.486621926723647,1,3,1695,Credit Card,Region_18,0
35.831653009898105,5.0,60.72588563653386,7,9,73.5831653009898,8,12,1,5,3.0,40,37323.0,0.0,29.53327947798876,0,2,243,PayPal,Region_18,2
18.18741627478331,5.0,33.95925001892569,4,12,21.81874162747833,9,35,2,5,1.0,35,55450.68,0.0,25.795451294296385,4,1,592,Bank Transfer,Region_01,0
9.983878725276712,4.0,19.61133952875174,4,16,20.798710298022137,9,86,1,0,2.0,22,46963.31,4.81,49.404196413360175,0,4,1394,Crypto,Region_23,0
8.910217063723639,2.0,13.627917325215167,3,12,70.35640868254895,0,25,0,15,2.0,39,57666.04,0.0,11.984383583280843,2,2,335,PayPal,Region_07,0
8.990053081830673,2.0,14.983862399022245,1,10,70.35960212327322,9,73,6,10,2.0,37,31742.43,25.24,35.625702198551764,3,5,1160,PayPal,Region_20,0
22.0116658508506,18.0,36.22094113133131,14,0,27.924199706306215,2,37,0,5,3.0,35,62960.32,103.7,19.72799202525193,1,2,689,PayPal,Region_32,2
53.98018054059125,16.0,97.07130144480307,12,19,87.2736577729892,9,99,4,0,1.0,55,66756.47,0.0,7.466008152659377,0,3,713,Credit Card,Region_05,2
5.856440809455182,6.0,5.733157256579695,7,16,70.70277289713462,9,22,0,10,2.0,30,29837.81,72.29,41.484873154506815,0,1,406,PayPal,Region_22,0
27.34742754239936,12.0,48.107830818833555,11,9,76.56338261017585,2,7,2,0,,53,67615.2,0.0,28.96397490513905,4,3,723,PayPal,Region_32,2
10.694876514469856,6.0,22.99323276502182,4,19,71.28338518173638,2,13,1,50,1.0,36,39583.52,0.0,3.15332255750572,0,4,67,Credit Card,Region_07,1
23.702300783070765,7.0,36.98038601422402,6,3,23.318322109629907,1,23,0,0,1.0,52,54206.18,592.67,43.79836023703094,1,2,374,PayPal,Region_07,1
11.471570175546269,1.0,18.213479256093816,2,13,20.229431403510926,8,81,4,0,3.0,48,45741.02,0.0,47.995663117456196,1,9,1358,Crypto,Region_21,0
10.69013672264439,1.0,21.83355815068465,2,8,20.213802734452887,8,39,1,10,3.0,53,60082.36,0.0,23.92319892492138,1,2,547,PayPal,Region_09,0
80.28268871837352,5.0,4.062660060903921,4,18,20.802826887183734,10,24,2,95,1.0,43,44671.48,45.16,26.02510561535125,4,4,1862,Bank Transfer,Region_15,0
15.349862228107598,8.0,36.90767219259036,8,1,22.455977956497215,0,83,2,10,3.0,48,43558.02,158.63,82.63396124616811,10,5,1293,PayPal,Region_26,1
14.669169015915546,1.0,31.63079379880265,2,16,70.29338338031832,10,24,0,0,2.0,37,49558.25,69.07,32.9743604450498,0,3,161,Bank Transfer,Region_08,0
9.774522223803192,2.0,9.902462101659147,3,17,70.39098088895213,1,16,0,0,2.0,42,64318.07,74.05,56.76873055131529,7,1,324,PayPal,Region_02,0
13.825895629183425,1.0,14.365633132871405,2,8,20.276517912583667,10,3,0,5,3.0,24,58713.43,76.13,74.37690828242783,7,1,804,Bank Transfer,Region_09,0
17.217056088876,4.0,31.138788896647107,3,11,21.37736448711008,1,84,4,5,1.0,34,65852.21,27.66,7.228714933281358,0,4,1097,Crypto,Region_36,1
13.097548785766193,4.0,17.97436683486857,6,8,21.047803902861297,1,83,0,5,1.0,68,41618.23,0.0,10.25101852338359,0,6,962,Bank Transfer,Region_18,0
41.31853608622339,2.0,79.18083140619416,4,13,21.652741443448935,1,80,0,0,2.0,43,59446.62,0.0,30.27183239980963,0,5,1911,Credit Card,Region_24,1
56.512752472214196,5.0,103.69296526064399,5,21,75.65127524722142,9,98,1,5,1.0,42,34107.79,2.6,40.92534987713226,4,3,1309,Credit Card,Region_03,2
10.329816020019006,2.0,19.210563917720563,3,8,70.41319264080076,1,40,1,5,5.0,38,74886.61,129.64,66.28672775991154,7,2,576,Crypto,Region_21,0
27.19082467155627,5.0,46.09220248368328,4,3,72.71908246715563,10,59,0,20,1.0,31,80731.33,39.11,20.650225967291174,2,2,1636,PayPal,Region_11,1
11.064413091284367,1.0,27.915981763258625,3,19,70.22128826182569,0,86,4,5,4.0,38,67276.92,50.43,42.28077283220295,3,4,1356,Credit Card,Region_01,0
24.609980545185646,4.0,48.06522548494259,5,19,71.96879844361486,8,84,0,5,2.0,41,63556.64,0.0,0.9044297628628869,0,6,1595,Bank Transfer,Region_12,1
10.694777937809016,2.0,22.266429333159458,2,16,70.42779111751236,1,42,0,15,4.0,19,70442.59,16.36,56.98706620531375,6,4,533,PayPal,Region_06,0
22.971766482624126,9.0,47.34945949186064,7,13,24.134917966872344,10,53,1,0,2.0,62,70016.94,104.85,43.65032615838069,3,1,1097,Crypto,Region_07,1
26.7046402176537,2.0,42.974048074312314,3,8,21.06818560870615,8,51,0,10,3.0,44,24099.65,85.02,21.348984261227503,3,3,1832,Crypto,Region_04,1
30.043806106968393,10.0,60.502540337738566,7,10,76.00876122139368,2,20,0,15,3.0,38,62205.69,0.0,14.334266784233238,1,3,894,Bank Transfer,Region_08,2
16.340529094042886,5.0,28.089910887464008,4,13,21.63405290940429,0,23,3,0,4.0,24,50600.55,98.24,37.107326376634816,1,0,1343,Credit Card,Region_23,1
6.990715967995249,4.0,14.256937225403698,3,14,20.55925727743962,2,36,0,15,2.0,44,32943.8,44.65,3.0887424756399153,0,2,1909,Credit Card,Region_40,0
12.93441460826714,5.0,22.499631246521187,4,19,71.29344146082671,10,81,0,15,1.0,18,71935.08,0.0,66.51940710978621,3,3,1478,Bank Transfer,Region_14,1
15.075741414247194,11.0,17.747006513777023,8,13,23.316663111134382,1,43,3,0,2.0,34,38892.14,9.36,22.642487842330247,0,3,53,Credit Card,Region_37,1
12.984872197155058,4.0,28.15951125974034,5,14,71.0387897757724,9,82,0,0,1.0,18,51260.31,0.0,18.984238016021312,1,3,1648,Crypto,Region_33,0
8.523993859030261,4.0,6.220772331717191,3,13,20.68191950872242,10,4,2,0,1.0,22,45697.65,0.0,26.139654307823818,1,3,1208,Crypto,Region_05,0
54.89629092631389,9.0,93.98072066730212,8,15,79.8813323667365,9,60,0,5,3.0,36,32884.91,163.82,30.40614741225077,1,2,1136,Crypto,Region_06,2
24.875552640490998,5.0,42.51187160074319,5,16,22.4875552640491,10,43,0,20,1.0,50,53491.65,9.88,19.454124100399923,0,5,128,Credit Card,Region_23,1
11.162928295728838,3.0,10.325193202265515,5,14,20.66977569774373,0,90,0,10,2.0,40,32587.88,0.0,4.538407563314731,0,6,1623,Bank Transfer,Region_15,1
15.831319640568523,4.0,22.993262239004803,5,12,21.26650557124548,1,5,2,10,2.0,28,80551.31,104.81,21.88342084290612,4,8,258,Credit Card,Region_34,0
33.93067451612219,5.0,62.2993145829401,5,11,23.393067451612218,1,77,1,0,4.0,66,66213.37,0.21,19.487714817997944,3,4,838,PayPal,Region_03,1
8.186241916212543,2.0,13.001979491504894,2,12,70.3274496766485,1,2,0,10,3.0,33,51538.46,82.81,31.832910380425634,5,2,1760,Crypto,Region_30,0
29.02265166989004,2.0,50.920008637176316,4,2,71.1609060667956,1,64,1,20,,37,55551.56,0.0,1.4618446004744536,0,2,1030,Credit Card,Region_16,1
8.648628081207354,3.0,10.992498291230287,4,22,70.51891768487243,10,30,1,5,3.0,34,45831.11,43.41,59.80696500654703,9,2,588,PayPal,Region_14,0
25.50993924917096,6.0,46.14879726729718,5,15,23.061192709900517,0,54,1,10,2.0,18,68762.42,0.0,25.19110883442592,2,2,1668,Credit Card,Region_21,1
26.955857945867564,6.0,46.89430417657862,7,16,23.234702953504108,0,44,4,0,2.0,50,33382.48,0.0,24.412640368517717,1,3,695,Crypto,Region_02,2
5.9462300814148294,1.0,2.4983871414548595,2,10,20.118924601628297,0,73,2,0,1.0,38,31512.87,4.76,28.63008171802524,1,0,1638,Credit Card,Region_20,0
38.35454843940715,6.0,68.03359384307822,6,17,74.60254581272886,10,54,2,0,2.0,36,61104.9,42.67,13.666444397638022,0,0,1794,Bank Transfer,Region_18,2
11.59423998173348,2.0,14.660072832529563,2,23,20.46376959926934,9,59,0,0,4.0,28,67842.36,0.0,22.419752186375813,2,1,842,Credit Card,Region_19,0
20.92465486963388,,42.15286432505381,10,16,75.02191716871214,1,30,1,0,2.0,25,43515.33,179.92,14.894334251812888,1,3,354,PayPal,Region_17,1
15.27760112094672,4.0,25.542148344211075,3,20,21.22220808967574,10,80,0,5,3.0,22,47244.87,0.0,40.595428705810306,1,2,586,Crypto,Region_14,1
10.38165571515138,2.0,31.29460244092641,3,17,20.415266228606054,2,38,0,15,4.0,29,40131.11,30.32,29.99741848762983,0,0,1955,Credit Card,Region_13,0
27.322701161652297,5.0,54.0153747735814,4,5,72.73227011616522,8,47,1,0,,29,42279.19,0.0,2.694908325631986,0,3,1466,PayPal,Region_27,1
240.95926178005155,3.0,42.721321243973435,4,12,71.4457555706803,0,79,2,95,1.0,49,43081.92,0.0,27.720092072250544,1,2,1825,PayPal,Region_06,1
13.105086171743167,1.0,26.486549275257296,3,7,20.262101723434863,0,26,0,5,1.0,59,63446.89,0.0,18.402493599702375,2,5,133,Crypto,Region_35,0
9.318055036218587,1.0,6.323503121635312,1,11,20.186361100724373,10,15,0,15,3.0,26,46581.03,0.0,71.00758781850557,0,4,776,Credit Card,Region_35,0
39.20040843045758,3.0,75.37263220937243,4,12,72.35202450582746,9,51,4,0,1.0,45,32615.44,30.21,11.370682856662166,1,3,1742,Credit Card,Region_18,1
15.32569245363647,6.0,23.484793930758187,4,13,71.83908309443638,9,3,0,20,5.0,24,52537.94,70.34,17.250274645214787,1,3,727,Bank Transfer,Region_34,1
29.815372578308438,4.0,54.11633582617696,6,12,72.38522980626468,8,41,1,0,1.0,42,69559.32,12.34,22.90966583431851,4,5,823,Crypto,Region_36,1
39.36025052719463,7.0,67.21033838470026,6,1,25.510435073807248,9,90,0,15,3.0,25,40379.41,115.54,26.511970187944588,5,2,1733,Crypto,Region_22,1
14.766531533333122,1.0,23.47316488378281,3,11,20.295330630666662,10,53,0,5,4.0,32,74700.61,34.82,27.013448467002103,2,5,492,PayPal,Region_04,0
22.62352534124023,4.0,39.81668516433529,5,13,21.809882027299217,0,8,0,0,1.0,27,53401.42,26.12,14.922340000052433,2,3,1967,PayPal,Region_29,1
9.861923012921704,1.0,18.135625298292155,2,17,70.19723846025843,1,24,0,0,,24,61455.7,0.0,7.609410794151166,1,3,1478,Crypto,Region_32,0
18.43839288186599,2.0,33.054527783412325,2,15,70.73753571527465,1,87,1,20,5.0,35,42974.05,0.0,26.250027426504847,3,2,1427,PayPal,Region_13,0
6.89509321172225,2.0,12.401244660409908,4,16,70.27580372846889,9,57,0,0,5.0,43,83599.29,218.58,9.213401162071616,0,5,512,Bank Transfer,Region_24,0
8.264343492288987,5.0,6.747404748712961,5,12,70.8264343492289,8,91,0,15,4.0,32,67577.76,116.28,19.545020603028153,0,3,849,PayPal,Region_16,0
10.39138288353274,1.0,30.36473721167948,3,16,20.207827657670656,1,17,3,15,1.0,45,63405.75,19.53,33.50830123145161,3,2,600,PayPal,Region_01,0
19.986589087341628,1.0,37.13576200255498,2,9,70.39973178174684,0,43,0,0,1.0,34,44211.14,111.67,17.26793598805703,2,1,1717,PayPal,Region_26,0
28.55714177098102,2.0,53.590691915951496,3,14,71.14228567083924,1,89,0,50,1.0,79,66711.46,16.62,23.260192219418048,1,3,1395,PayPal,Region_16,1
8.271217330709467,2.0,13.188235641301738,2,16,70.33084869322838,8,73,4,20,1.0,19,59718.85,38.36,11.678201730998037,1,2,66,Bank Transfer,Region_28,0
10.760445076294234,2.0,14.998027664541514,3,13,20.430417803051768,9,48,0,0,2.0,49,73965.94,62.2,13.038647622661209,1,3,1449,PayPal,Region_20,0
9.528342159562717,1.0,17.906194542063766,2,10,70.19056684319125,2,43,4,0,3.0,32,43657.78,0.0,49.73766574481513,6,4,514,PayPal,Region_32,0
9.171349160646098,3.0,17.954813042368112,3,19,70.55028094963876,10,97,0,15,1.0,41,50252.82,0.0,0.8089209048245233,0,3,385,Credit Card,Region_07,0
18.02132580256008,3.0,38.94743083188182,4,14,71.0812795481536,1,74,2,5,4.0,25,25441.56,0.0,50.17739693877707,5,2,231,Credit Card,Region_06,0
7.037850158318563,3.0,23.056218702547405,4,25,20.422271009499113,0,77,0,20,3.0,24,70826.48,0.0,39.17682214155276,1,5,1851,Bank Transfer,Region_19,0
46.68917514957231,,91.42562728918124,5,15,73.73513401196578,8,37,0,50,2.0,31,83949.97,326.27,17.974114901170857,2,7,776,Crypto,Region_08,1
34.16808003981883,6.0,52.66989945457411,6,13,74.10016960477826,1,64,0,0,5.0,41,50078.1,236.24,50.56754936731064,5,3,668,PayPal,Region_17,1
37.95285259617944,6.0,66.01304396907403,6,3,24.554342311541532,2,80,4,0,1.0,27,64914.07,0.0,9.256334626506572,1,2,511,Crypto,Region_19,1
10.123143065050272,2.0,19.900743116862326,3,15,20.404925722602012,9,80,1,10,,49,58904.89,135.79,41.64856978942672,5,6,566,PayPal,Region_19,0
11.47331279898863,2.0,18.650534776117365,3,11,20.458932511959546,1,9,0,20,,35,59068.25,57.76,1.4697408823140767,0,3,1561,Bank Transfer,Region_09,0
13.828605017699143,4.0,24.67235494812978,4,16,71.10628840141594,8,62,1,0,2.0,40,54975.82,338.25,10.96219507447214,1,1,1503,PayPal,Region_34,1
9.87627125488294,5.0,7.0516070383233895,6,15,70.98762712548829,1,93,3,50,,35,49260.44,0.0,44.75559892981186,6,2,1262,Credit Card,Region_34,0
14.842013944203858,1.0,31.28669010448347,1,17,20.296840278884076,9,45,0,0,3.0,41,57714.16,22.97,44.9288490812048,5,2,1002,PayPal,Region_34,0
20.459047899462092,2.0,27.44901002499947,3,21,70.81836191597849,8,96,0,0,4.0,50,55367.78,0.0,37.823126068827804,3,2,1297,Bank Transfer,Region_02,0
7.823541061896502,1.0,6.219926290677039,3,10,20.15647082123793,10,1,1,5,5.0,33,40236.87,33.12,30.798143271563944,4,4,399,Crypto,Region_17,0
10.525465695636573,4.0,13.872484330687605,3,18,20.842037255650926,2,19,6,15,3.0,31,84055.99,0.0,24.184910644793337,2,3,499,Credit Card,Region_10,0
11.467079889156683,2.0,20.15307403163803,4,16,20.458683195566266,0,95,0,0,2.0,33,52618.26,0.0,33.41513443256599,2,4,247,Bank Transfer,Region_40,0
6.970481604261371,1.0,4.433240111776172,2,25,20.13940963208523,10,2,1,0,2.0,47,59170.99,0.0,9.27870145763508,1,4,1197,Bank Transfer,Region_04,0
15.433488042152328,1.0,22.47831730555004,3,15,70.30866976084305,9,35,0,0,1.0,45,51839.3,6.97,38.82494743621802,0,4,808,Bank Transfer,Region_23,0
18.36421377502534,7.0,38.80031000659334,8,14,72.57098992850355,1,4,2,50,1.0,21,39033.36,0.0,29.09702184458867,0,4,1437,Bank Transfer,Region_23,1
22.68817490653809,6.0,40.27691306664144,6,14,22.72258098878457,2,19,0,0,5.0,25,68196.88,0.0,47.674115768235545,1,1,1000,Credit Card,Region_09,1
20.47531985263126,2.0,39.02331062822658,1,15,70.81901279410525,8,2,0,10,1.0,27,26117.74,0.0,8.285480248772123,1,2,1720,PayPal,Region_08,1
17.890406111035364,6.0,26.02151707861493,6,18,72.14684873332425,10,2,1,0,2.0,31,59819.07,0.0,17.972266364143003,1,4,582,Crypto,Region_39,1
44.57539413650342,11.0,79.96652932292001,9,8,29.80658671003075,8,99,1,5,1.0,21,36540.72,82.53,23.548580139192968,2,5,709,PayPal,Region_18,2
11.175860821870845,3.0,19.437216447810677,3,11,20.67055164931225,8,69,0,15,2.0,31,62472.02,9.91,10.891478911275192,1,1,322,Bank Transfer,Region_29,0
10.498756767820149,2.0,14.92140982754432,1,22,70.4199502707128,1,99,2,50,1.0,52,57855.18,66.15,11.460395883832152,0,1,877,Credit Card,Region_04,0
9.103103062971712,1.0,16.13019999275979,3,4,70.18206206125943,10,87,2,0,2.0,41,70179.54,6.49,59.37946459776278,0,5,1213,Credit Card,Region_17,0
27.877220012502672,11.0,40.71836955839022,8,9,26.132988402750588,9,46,1,0,5.0,40,44832.95,0.0,40.69392727564492,1,4,1594,Crypto,Region_38,1
47.534079046148214,5.0,87.75438600474745,7,13,24.75340790461482,10,36,0,50,1.0,33,44632.91,22.53,18.305120675882367,0,2,1761,PayPal,Region_06,1
12.88359624324031,1.0,21.193009650066845,2,12,70.25767192486481,2,7,3,5,1.0,27,52471.08,0.0,27.551205016232807,0,4,1710,Bank Transfer,Region_23,0
66.58286658488223,13.0,118.56306289367062,12,31,37.311545312069384,8,79,1,0,1.0,33,39083.94,0.0,45.02089673569087,5,5,1951,Bank Transfer,Region_08,2
6.9860215417412785,1.0,16.83366778571822,2,17,70.13972043083483,0,0,0,50,1.0,56,36299.73,48.5,9.94854684025094,0,6,1376,Crypto,Region_40,0
47.61294012783174,,87.86345961738718,12,11,33.33162323579289,9,77,3,0,1.0,34,46819.13,67.21,27.95202534108181,5,4,434,Bank Transfer,Region_12,2
7.854233394940497,2.0,12.545924165587335,3,11,20.31416933579762,2,44,5,0,2.0,48,72747.94,91.23,32.2699993735152,3,7,1329,Credit Card,Region_17,0
6.747891117198588,1.0,6.563273865397291,3,16,20.13495782234397,2,73,1,15,2.0,46,94986.09,0.0,67.60737219442913,2,4,942,PayPal,Region_15,0
9.063464453888711,1.0,22.957543040937633,1,20,20.181269289077775,8,9,2,0,2.0,24,54035.61,42.75,23.44065709931851,1,1,1106,Bank Transfer,Region_04,0
19.62412612010982,5.0,28.62281700655925,6,11,21.962412612010983,0,85,0,0,3.0,30,42844.04,55.66,47.968888921737445,6,2,1828,PayPal,Region_17,0
17.81438597046732,3.0,35.21272925984694,4,10,21.06886315822804,8,94,0,5,1.0,40,78459.82,30.34,16.4843926727682,0,5,1378,Credit Card,Region_27,0
13.426117656651146,,16.180042060940234,2,9,70.26852235313302,9,67,1,10,1.0,43,60260.78,47.14,61.80494534106414,0,3,1334,Bank Transfer,Region_20,0
13.288776091467653,5.0,28.509163480367402,5,14,21.328877609146765,1,42,6,15,2.0,37,70905.22,67.96,11.41607049754574,1,4,749,PayPal,Region_35,1
11.26260267516605,2.0,25.325689079716735,3,15,70.45050410700664,9,86,2,0,1.0,34,81650.21,88.77,23.171607876175603,2,7,275,Bank Transfer,Region_29,0
13.745067102476996,1.0,15.178066568516256,2,9,70.27490134204955,0,40,2,0,1.0,69,72466.25,34.32,39.574897800002745,6,1,1775,Bank Transfer,Region_13,0
26.316983515922075,2.0,49.617245592099415,4,15,71.05267934063689,1,11,0,5,2.0,29,18408.53,119.71,53.48361589916891,10,4,566,Credit Card,Region_24,1
11.73390561330435,11.0,22.953548342697104,9,21,22.581459234926957,10,7,0,0,2.0,70,55457.63,196.95,5.659609158103586,0,5,1741,Bank Transfer,Region_18,1
8.532418591748916,2.0,18.87359998857818,1,14,70.34129674366996,10,44,0,10,1.0,48,39811.76,0.0,34.02668419948588,2,5,1890,Credit Card,Region_35,0
11.874210866206688,2.0,23.199780934263632,5,14,70.47496843464826,2,87,0,5,1.0,26,64293.24,0.0,25.932054262543165,1,7,335,Credit Card,Region_27,0
15.097306702010966,3.0,22.36357359966863,4,6,20.905838402120658,8,0,1,0,3.0,60,68038.46,42.5,63.43547319904277,11,4,754,Bank Transfer,Region_14,0
50.609229687656494,2.0,8.023496506428815,3,19,20.202436918750625,10,25,0,95,1.0,31,56047.58,0.0,49.96411283542333,9,3,999,PayPal,Region_15,0
22.992093818389556,3.0,49.709001555271044,5,12,21.379525629103373,9,85,0,20,,23,44796.08,0.0,14.196283026019785,1,5,95,Credit Card,Region_25,1
12.899899336325777,2.0,17.680751425638533,4,11,70.51599597345303,8,88,0,10,5.0,34,50116.76,0.0,16.786867432270395,3,1,1095,Credit Card,Region_09,0
17.113109297848595,1.0,32.41788652788333,3,7,70.34226218595697,9,30,0,0,1.0,19,61384.17,0.0,22.673514201366125,2,5,1870,Credit Card,Region_29,0
32.36711808984457,7.0,64.01708193149547,6,19,74.53139653257824,8,55,3,0,,34,53754.28,14.85,79.46305713015204,0,2,330,Bank Transfer,Region_38,1
15.379393477759505,1.0,22.729144215663887,3,14,70.30758786955519,10,97,0,0,3.0,32,39220.59,0.0,26.83318253852971,1,4,1727,PayPal,Region_19,0
8.846516779599803,1.0,8.839796967700579,3,9,20.176930335591997,1,36,0,10,2.0,62,85112.37,0.0,30.13389927946926,2,1,178,PayPal,Region_13,0
5.67913620821973,4.0,3.891933506539891,3,20,70.45433089665758,8,74,0,0,3.0,44,66627.45,63.21,13.539658851769406,0,1,1688,PayPal,Region_11,0
38.19783723692988,9.0,70.73096383435578,8,11,76.87561070264738,0,3,2,50,2.0,42,12000.0,72.65,22.42774477824675,3,1,398,Bank Transfer,Region_11,2
18.18601205331567,3.0,26.361802831009737,4,11,21.09116072319894,0,71,0,10,1.0,33,37575.72,17.39,57.029595044971515,8,2,1239,Crypto,Region_16,0
42.83612595820712,7.0,76.42822652161243,7,16,75.997057634149,10,43,0,0,2.0,36,44221.83,2.93,28.716568923345935,0,6,425,Credit Card,Region_16,1
16.18718113301397,4.0,35.99328302094125,4,0,21.294974490641117,8,98,1,0,3.0,37,62627.32,0.0,39.017249545945724,0,4,314,Bank Transfer,Region_27,0
14.465063511507823,1.0,25.780573698670928,3,3,20.289301270230155,10,88,0,10,2.0,40,21468.08,0.0,6.154714266812465,0,2,595,Crypto,Region_06,0
28.55567982376086,4.0,47.51115974196552,4,16,72.28445438590087,2,94,2,0,1.0,23,38634.68,85.77,18.465061138190496,1,6,1725,PayPal,Region_11,1
35.785847760453684,9.0,65.04157433238356,8,9,76.44145259688166,0,48,1,10,1.0,18,55648.76,0.0,16.797358035972643,0,1,1472,Bank Transfer,Region_10,2
23.288877418366003,7.0,41.57661508271718,7,8,23.26044283857124,9,86,0,10,4.0,21,60019.8,0.52,15.926078518592139,0,1,55,PayPal,Region_35,1
47.82879243393518,5.0,88.35511457509953,5,6,74.78287924339352,10,39,0,5,3.0,38,40612.03,48.17,8.70861172907495,0,3,344,Bank Transfer,Region_26,1
16.826866368724016,2.0,38.38408223279749,2,12,20.673074654748962,8,67,1,0,1.0,40,57577.19,36.34,14.652891656171867,2,2,1992,Crypto,Region_24,1
23.24085023468988,3.0,43.81737471662666,4,12,71.3944510140814,8,99,4,5,3.0,43,40990.02,23.38,15.51161916068819,0,5,478,Crypto,Region_29,0
10.710116244223931,1.0,29.447121798432594,2,20,20.21420232488448,0,70,1,5,1.0,27,26767.75,18.08,15.372430872143529,1,5,273,Bank Transfer,Region_10,0
41.68631275533022,3.0,77.3118724769821,3,13,72.5011787653198,2,9,0,20,3.0,42,61185.71,47.31,33.662126483136014,0,1,1793,Crypto,Region_23,1
6.939807221152512,,8.654996534534302,3,13,70.2775922888461,9,69,0,10,,27,70035.65,15.55,14.948120909796629,2,2,1891,PayPal,Region_28,0
31.011610929273495,4.0,67.2624146438353,1,12,22.480928874341878,0,94,0,10,4.0,46,72479.16,0.0,59.5831335273536,6,5,1720,Credit Card,Region_36,1
33.291161642659524,9.0,59.30000087006106,9,15,75.99240909567871,0,3,1,0,1.0,43,32549.99,79.21,16.470566919217262,3,2,1988,Credit Card,Region_39,2
6.916384231883567,1.0,7.175030457935397,3,19,70.13832768463767,10,20,1,50,2.0,36,69333.53,27.4,37.93952849534685,2,2,901,Credit Card,Region_09,0
13.295340253575523,1.0,35.550255774585615,1,15,20.26590680507151,1,41,0,5,2.0,57,70185.36,8.04,12.55369965710338,1,1,615,Crypto,Region_18,0
36.73715774377881,5.0,62.461299507899454,4,11,73.67371577437788,10,83,3,0,1.0,28,83576.79,200.17,29.193584550093533,4,4,1897,Credit Card,Region_17,1
8.688700814255379,2.0,11.777714305480204,4,11,70.34754803257022,0,80,0,5,2.0,43,44017.52,56.81,3.843619211165863,0,4,1085,PayPal,Region_26,0
13.469038618371652,6.0,21.48691697284693,5,7,21.616284634204597,9,5,1,15,,32,52891.05,0.0,20.57205182738203,0,5,434,Credit Card,Region_29,1
11.74305608332886,1.0,21.960633016602973,3,7,20.234861121666576,1,10,0,5,1.0,30,49263.56,5.31,17.817415551224254,1,6,886,Crypto,Region_22,0
23.689356832774624,7.0,47.295149286238754,6,12,23.316509956588447,2,81,0,15,1.0,43,22399.02,101.32,54.867261072313745,10,2,1251,Crypto,Region_04,1
15.170122235215276,4.0,14.06226195494656,5,14,21.213609778817222,2,72,1,5,1.0,23,78767.62,170.66,13.393246332579494,0,4,840,Bank Transfer,Region_17,0
35.867723654480166,5.0,69.19440500462181,5,15,23.586772365448017,0,11,2,5,1.0,42,42797.67,0.0,23.182017200310067,4,3,911,Credit Card,Region_19,1
11.896377327275198,1.0,18.640806177447203,2,16,20.237927546545503,9,30,2,5,1.0,30,40756.01,0.0,49.200564102261154,6,4,1414,Crypto,Region_35,0
25.58999170234169,4.0,43.99751284841437,5,15,72.04719933618733,2,30,2,5,2.0,30,52192.6,11.9,27.20766012649737,2,3,751,Bank Transfer,Region_25,0
13.325691955397122,1.0,32.562204574321406,2,12,70.26651383910794,9,42,0,0,1.0,24,36198.12,0.0,38.58505850780063,2,3,618,Crypto,Region_05,0
21.35806451936662,4.0,39.511056934204916,3,14,71.70864516154933,10,57,0,5,4.0,43,62298.93,17.35,14.744374488056186,1,7,1348,Bank Transfer,Region_03,1
12.876102273473803,6.0,25.415490831578353,5,7,71.54513227281686,10,49,1,50,1.0,24,53566.92,100.67,19.25951866759981,2,1,1154,Crypto,Region_20,1
10.967498221239458,2.0,19.498696224133212,2,13,20.43869992884958,9,97,0,15,2.0,40,23333.56,591.69,5.83682859431169,0,2,1841,Credit Card,Region_17,0
10.648778831110441,1.0,22.986014815410474,1,4,70.21297557662221,1,79,5,0,1.0,21,28759.74,0.0,35.78712842498395,0,5,1198,Bank Transfer,Region_28,0
17.88785370430396,3.0,40.288189532521514,4,11,21.07327122225824,0,40,0,20,3.0,36,61788.22,0.0,48.13912015980687,6,0,1696,Credit Card,Region_21,0
29.517799362914637,7.0,40.75671243788115,6,16,74.13249191080806,9,75,1,20,1.0,32,46039.94,222.98,36.33414073136107,6,2,661,Bank Transfer,Region_16,1
15.30611392235784,5.0,32.97409501392533,5,12,21.530611392235784,9,76,0,0,3.0,46,53732.46,167.1,13.260264791809432,1,1,1531,PayPal,Region_27,1
13.051482835622933,2.0,31.227834423498045,3,16,20.52205931342492,10,35,8,0,1.0,25,54490.74,0.0,50.27647765304483,2,3,156,Crypto,Region_01,0
15.936506260489068,1.0,31.191027508383286,3,13,20.318730125209782,9,76,1,5,2.0,70,41331.52,0.0,18.308297100176247,2,3,277,Credit Card,Region_08,0
22.448247387190737,2.0,37.02003318341908,3,7,70.89792989548764,0,43,0,5,1.0,18,32712.16,5.76,13.113746965949383,0,4,655,Credit Card,Region_16,0
17.374464780312717,1.0,25.512674365062004,1,10,70.34748929560625,1,65,0,10,2.0,42,74746.66,0.0,16.273394383042184,3,4,1959,Crypto,Region_22,0
16.516149531598447,3.0,41.538297591443516,4,17,20.990968971895906,10,14,1,0,1.0,30,52045.65,0.0,23.364680778541803,2,3,907,Bank Transfer,Region_28,0
45.78856547566872,15.0,77.89449942308937,12,16,83.73656964270062,9,76,0,0,1.0,49,92032.76,65.59,23.443996427208365,3,1,577,PayPal,Region_27,2
14.229607116085994,1.0,33.20150066423605,4,9,70.28459214232171,8,33,0,0,3.0,25,59091.67,0.16,23.935932247044686,1,2,912,Crypto,Region_05,0
40.43929498045063,6.0,74.74328758719001,6,4,24.852715397654077,10,89,0,0,1.0,37,59529.58,158.67,48.609945043446906,4,2,1170,Crypto,Region_32,1
7.148403471032525,3.0,23.09628027793265,4,16,70.42890420826195,1,69,0,0,2.0,33,81723.09,0.0,40.476040779457506,4,4,1035,PayPal,Region_12,0
10.593326942088671,3.0,17.47668767421028,4,10,20.63559961652532,0,84,1,5,2.0,24,45763.4,0.0,30.323711910990475,5,3,1072,Bank Transfer,Region_27,0
18.01081661549967,5.0,24.381565289814972,5,10,21.80108166154997,2,43,0,5,2.0,37,47091.5,0.0,34.51216667711024,4,4,1708,Crypto,Region_19,1
28.55012309040504,7.0,51.40107579870879,6,2,23.997017232656706,9,32,2,0,2.0,31,67222.27,0.0,29.288806789773176,5,2,571,Crypto,Region_21,1
73.11904528675923,16.0,124.18204332666453,12,33,93.39809449176295,8,78,2,5,2.0,53,58148.57,126.11,31.264856496104315,5,5,600,Bank Transfer,Region_24,2
9.594694460263902,3.0,30.65575268451301,4,13,20.575681667615836,2,98,1,0,2.0,64,47905.55,282.49,23.641672322728745,3,0,1520,Crypto,Region_04,0
4.682715857343647,1.0,11.57637966362294,3,16,20.09365431714687,10,91,1,5,4.0,46,50181.72,0.0,22.892716134426756,0,4,1668,Credit Card,Region_02,0
20.80330153988064,4.0,41.33659501855744,4,6,71.66426412319045,2,5,2,0,2.0,18,28273.14,49.43,4.483044623374411,0,3,1775,Crypto,Region_25,1
17.555889765888082,4.0,35.49445299372882,5,10,21.404471181271045,9,39,2,0,1.0,28,64825.61,91.99,23.396220611718093,3,7,1953,Credit Card,Region_18,0
15.105394945648758,1.0,23.72176249905113,3,12,20.302107898912976,9,5,0,0,1.0,31,62751.62,63.99,19.595859981238178,0,5,1711,Credit Card,Region_26,0
14.45838465364462,3.0,25.36493991397504,3,9,70.86750307921868,2,74,0,0,1.0,29,59478.13,42.94,19.532323788123083,1,3,1025,Credit Card,Region_35,0
10.891717949198215,1.0,20.156915465355645,1,12,70.21783435898396,8,13,2,5,5.0,31,67355.18,0.0,55.929460126414064,8,4,1990,PayPal,Region_04,0
14.707943257720023,7.0,36.19374018099332,7,19,22.059112056080803,1,84,0,20,4.0,33,63008.71,80.49,26.086918807287613,4,5,1817,PayPal,Region_03,1
14.97104090355391,,21.162414633485376,4,3,21.197683272284312,9,83,2,5,1.0,41,58894.34,0.0,81.67437401471938,7,3,235,Bank Transfer,Region_30,0
8.72582723812081,1.0,12.063569579843463,1,15,70.17451654476241,9,4,1,10,4.0,42,66134.17,475.88,12.061637200689317,2,1,822,Credit Card,Region_07,0
29.184527635737943,4.0,50.71749421319822,6,6,72.33476221085904,0,44,0,0,1.0,34,59940.55,62.31,15.218560286550339,1,0,778,Crypto,Region_13,0
15.305356778162912,2.0,24.181408905140035,2,18,70.61221427112652,9,58,2,20,1.0,31,48855.89,0.0,34.534261035015895,0,3,1772,Bank Transfer,Region_24,0
9.657556626145823,3.0,10.088969654474727,2,13,70.57945339756876,0,72,1,0,,36,65213.57,0.0,33.61902501778789,3,1,1165,Credit Card,Region_04,0
9.53954605547516,,3.6476602977306616,4,8,70.76316368443801,2,93,1,0,3.0,34,34482.65,0.0,39.99710268892581,3,3,1843,Crypto,Region_09,0
11.737892893802496,5.0,11.993984880488327,5,12,21.17378928938025,8,42,0,15,2.0,32,54794.34,0.0,45.446607372309266,4,3,1020,Credit Card,Region_18,0
22.291361599343027,2.0,45.6196005417249,3,12,20.891654463973722,0,52,6,0,5.0,45,32560.47,284.93,8.961518346599503,1,3,1804,Bank Transfer,Region_23,1
19.04364614443271,2.0,34.23746855508278,5,25,70.76174584577731,0,26,2,0,2.0,21,47737.04,86.23,33.727852635175736,4,2,145,Credit Card,Region_31,0
13.125625544793026,3.0,27.803820561897794,3,2,20.787537532687583,1,68,0,10,1.0,26,65800.75,0.0,24.608870560434546,0,3,436,PayPal,Region_29,0
18.308168098331908,2.0,30.04213459745562,3,5,70.73232672393327,2,68,2,20,1.0,36,69227.1,29.52,28.945872684845785,2,3,345,PayPal,Region_23,1
52.257126509065856,6.0,93.57114941502307,7,21,76.2708551810879,0,47,0,0,4.0,29,44030.59,2.05,19.989645871081365,1,2,1000,Bank Transfer,Region_02,1
12.425158551782161,2.0,30.43107289800231,2,5,20.497006342071288,0,78,0,10,1.0,33,42855.69,0.0,9.615072300493722,1,2,1655,Crypto,Region_37,0
16.569039613219154,1.0,37.587884332081565,3,11,70.33138079226438,2,72,4,10,3.0,27,46800.25,0.0,25.52666240877901,2,4,764,PayPal,Region_19,0
9.551606851322894,2.0,21.902752995342578,1,11,70.38206427405292,9,24,3,10,3.0,34,52017.37,37.36,17.38019992356029,1,4,973,PayPal,Region_21,0
28.367560349503595,4.0,52.07369756555857,6,6,72.26940482796029,8,7,1,20,1.0,25,28411.02,0.0,33.20177496152654,0,3,1873,Credit Card,Region_18,1
50.62492259598201,15.0,93.71470781051381,13,13,85.1874767787946,10,77,1,0,3.0,37,52827.87,6.05,28.674477201751568,4,4,601,Credit Card,Region_31,2
11.520640851160941,5.0,22.590345025316658,4,11,71.1520640851161,10,31,0,10,1.0,31,74255.63,187.49,48.44859543021893,7,4,1673,PayPal,Region_38,1
27.278805467935126,4.0,48.26721587401264,5,15,72.18230443743481,2,94,0,0,3.0,35,40245.77,104.22,26.142199850755198,1,3,1082,Credit Card,Region_38,0
41.110262424846624,3.0,71.97662331752193,5,17,72.4666157454908,10,60,0,0,2.0,18,43420.29,239.26,11.217957609851265,1,2,1956,Credit Card,Region_03,1
10.392889532717868,1.0,24.319040885397794,1,15,20.20785779065436,1,86,0,0,2.0,33,42041.76,0.0,41.502988438594194,0,3,1949,PayPal,Region_19,0
7.838849716922771,2.0,7.631791745980309,2,13,70.31355398867692,10,0,1,15,1.0,44,40072.86,255.02,11.324514018131513,1,1,106,Credit Card,Region_13,0
13.999542430163938,5.0,32.6359677605383,6,13,71.3999542430164,1,30,0,0,1.0,38,83411.3,74.11,29.619447188858633,3,3,81,PayPal,Region_10,0
46.27857355391975,14.0,81.92421836331648,11,16,82.95800059509753,8,70,1,10,5.0,40,64625.53,14.53,9.04862296003222,0,1,927,PayPal,Region_25,2
14.045015714525086,2.0,18.71076076265674,3,17,70.561800628581,1,14,0,20,4.0,38,53981.23,0.0,12.863836434967826,1,0,1170,Bank Transfer,Region_17,0
26.486388472292106,4.0,44.94797496164273,4,11,72.11891107778337,2,69,0,0,5.0,27,66465.24,15.66,55.14378487361352,0,3,164,Bank Transfer,Region_11,1
14.916923827288445,2.0,22.47842345366283,4,19,20.59667695309154,9,15,0,15,2.0,46,71151.88,0.0,11.621765081646117,1,1,1042,Crypto,Region_05,0
21.73496555691984,1.0,36.24456624193646,3,7,20.434699311138395,10,77,1,0,3.0,37,55267.78,0.0,15.338617306394973,0,3,477,Bank Transfer,Region_25,0
15.290646201324174,2.0,24.55339556894769,3,17,70.61162584805297,1,80,1,50,2.0,19,67271.28,0.0,30.610755846978094,2,5,1467,Bank Transfer,Region_15,0
8.00557200960464,1.0,11.241555760412236,1,18,70.1601114401921,2,73,0,15,4.0,25,33979.13,30.29,18.889604718390974,3,12,517,Credit Card,Region_10,0
42.31007092655509,5.0,74.61834232709998,6,8,24.23100709265551,1,92,1,10,5.0,43,53013.8,0.0,22.953208653316448,0,3,1673,PayPal,Region_25,1
23.482273688703,1.0,41.944225979360034,3,11,20.46964547377406,0,71,1,5,4.0,55,55707.41,0.0,43.89365464132617,7,2,1862,PayPal,Region_10,0
86.55869111074482,3.0,159.6249421752455,2,43,25.19352146664469,0,56,4,20,2.0,23,35020.0,0.0,4.872323171004927,0,2,1706,PayPal,Region_14,1
15.65205763634215,7.0,26.948940585480372,5,11,72.1912880690879,9,10,2,0,5.0,37,40312.93,214.5,32.02077269607224,1,2,48,Bank Transfer,Region_14,1
49.261990763311445,3.0,90.30168740709857,4,12,72.95571944579869,10,17,0,0,5.0,44,97666.09,17.3,31.348389847887347,5,1,1078,PayPal,Region_28,2
5.297105391018631,,9.572446264076223,4,8,70.42376843128149,0,44,0,15,2.0,37,72640.21,103.34,12.591302515642061,2,1,201,Crypto,Region_34,0
15.19945637715316,1.0,30.061925331340486,1,8,20.303989127543062,0,19,0,5,1.0,33,51262.03,0.0,4.356354328412553,0,2,1634,PayPal,Region_25,0
9.783720987275354,2.0,17.84407447537494,2,12,70.39134883949102,1,79,0,15,1.0,38,36418.56,0.0,11.969956104486178,1,2,1249,PayPal,Region_33,0
96.48410868356613,12.0,170.4372867538342,10,51,93.15618608405588,1,90,1,0,2.0,27,76328.08,84.41,31.900745781914313,0,4,1465,Credit Card,Region_28,2
32.790997524222604,14.0,54.43279728039776,12,5,79.18147930678234,8,86,3,5,1.0,36,68722.34,0.0,42.34634953324074,3,3,1852,Credit Card,Region_32,2
6.198620608592684,3.0,12.208665087987905,3,20,20.37191723651556,9,13,0,0,3.0,63,64422.27,0.0,32.810764232503296,6,2,1338,Bank Transfer,Region_29,0
20.317742187542255,3.0,42.93882838707925,3,10,71.21906453125254,0,75,6,50,1.0,39,45753.21,0.0,16.7171589920721,0,1,766,Bank Transfer,Region_33,1
5.527882835545759,3.0,8.80456596893369,3,26,20.331672970132747,8,26,0,5,1.0,25,25402.03,0.0,18.720108109320407,1,1,1888,Crypto,Region_05,0
33.13001873472609,6.0,56.12971545336596,7,11,23.97560224816713,1,76,0,15,2.0,30,77312.87,138.35,24.05064770248848,4,1,1207,Bank Transfer,Region_39,1
5.3332818558527,2.0,8.319053964177014,3,21,20.213331274234108,10,79,0,10,1.0,48,81663.08,0.0,32.71677834873362,3,4,1331,Credit Card,Region_13,0
24.813380214878805,8.0,41.8571118322694,6,9,23.970140834380608,8,96,0,0,1.0,45,60394.22,66.59,3.3798691619424863,0,2,505,Credit Card,Region_37,1
5.306196412345722,2.0,6.216250946662729,2,12,20.21224785649383,0,87,0,20,2.0,43,39553.38,163.17,64.62450434343599,11,4,810,Bank Transfer,Region_30,0
21.58245849813993,3.0,31.63045238915062,2,12,71.2949475098884,8,75,0,5,4.0,34,64647.28,0.0,22.785904215512705,1,2,487,PayPal,Region_26,1
47.33979446133729,4.0,83.98958859909769,6,19,23.78718355690698,2,8,1,20,2.0,31,51155.75,3.16,64.57263885268598,0,3,1173,Crypto,Region_05,1
28.339572701537293,2.0,52.19011663198407,3,9,71.1335829080615,9,12,2,15,1.0,19,78499.64,110.29,21.9087678134282,3,0,428,Credit Card,Region_34,1
8.624461774502329,3.0,10.114510408113933,3,16,20.51746770647014,0,44,2,0,2.0,20,59410.1,21.33,61.479667774628375,9,3,302,Bank Transfer,Region_06,0
12.031384425140923,3.0,17.26479321391439,3,14,70.72188306550845,2,7,0,10,3.0,43,59046.93,0.0,42.94186880367798,4,5,417,Bank Transfer,Region_37,0
12.270607258491657,3.0,17.346783092843918,3,12,20.7362364355095,10,55,1,15,1.0,35,40726.94,264.69,43.1511605180676,3,5,1212,PayPal,Region_32,0
14.717718945296975,1.0,19.558504266303547,2,12,70.29435437890594,8,81,3,20,1.0,28,56606.53,186.33,29.243506883713426,4,0,1899,PayPal,Region_18,0
7.0516149018673975,1.0,7.914946305164981,2,10,20.14103229803735,10,90,2,5,2.0,54,47383.49,21.73,76.15183782575829,9,2,1405,Credit Card,Region_01,0
56.657643850628,6.0,100.99447678700061,6,17,76.79891726207536,0,96,0,15,2.0,42,67237.35,12.12,23.356470404450103,1,3,930,Credit Card,Region_34,2
4.129859336189458,1.0,1.0,1,19,70.08259718672379,8,6,0,50,2.0,43,35918.78,0.0,66.30294045770401,11,1,504,Crypto,Region_19,0
9.469216596886138,4.0,16.356877537070872,5,15,70.7575373277509,9,76,1,15,,29,58933.5,65.9,67.55721711090791,7,2,1582,Credit Card,Region_10,0
10.021075878729986,1.0,14.5206026194119,2,14,20.2004215175746,10,14,6,20,1.0,31,52787.72,0.0,23.45706605472324,4,2,1979,Crypto,Region_02,0
15.69482013844281,2.0,23.60576595509558,2,15,20.627792805537712,10,97,2,5,2.0,34,32379.21,193.6,32.594231681215355,0,3,123,Crypto,Region_01,0
24.75561522527582,8.0,46.446151487362144,6,11,23.960898436044133,9,55,2,0,1.0,45,48333.36,0.0,14.458027278294386,0,5,78,Crypto,Region_01,1
6.943283423810058,2.0,9.297282136288594,2,15,20.277731336952403,1,83,0,50,1.0,27,47946.56,0.0,26.96804215628093,1,2,494,PayPal,Region_30,0
30.1445079692414,9.0,51.910045014296266,8,13,75.42601143446345,2,55,3,10,1.0,27,46557.86,107.55,43.966861045518975,7,5,428,Crypto,Region_07,2
13.190171960334595,4.0,30.23234357860336,5,13,21.055213756826767,9,36,0,0,2.0,47,66042.42,279.47,28.51944388018883,4,1,315,Bank Transfer,Region_09,0
43.30954559506099,10.0,73.35690390239992,8,10,28.6619091190122,2,63,2,50,5.0,23,35675.05,0.0,59.42964607261387,9,8,1015,Credit Card,Region_09,2
19.459791378005693,6.0,42.856997218372065,4,13,22.335174965360682,8,16,0,10,1.0,42,37387.65,107.69,50.75608654209982,5,2,1026,Bank Transfer,Region_09,1
10.05094323364614,2.0,16.352742175299753,2,13,20.402037729345846,2,92,1,0,2.0,55,74793.91,0.0,29.638891636299512,2,5,862,Crypto,Region_02,0
59.05488105153319,12.0,100.61811272839991,9,17,84.17317145236797,10,20,0,0,1.0,22,80901.23,30.69,16.425182711000172,0,3,1907,PayPal,Region_04,2
99.03844061857002,,15.05717760603252,2,14,20.39615376247428,0,77,0,95,1.0,38,63513.43,168.42,41.35287279083705,5,2,387,Credit Card,Region_39,0
23.683142363861606,3.0,42.973530788062746,3,11,21.420988541831697,1,92,0,50,1.0,31,51657.17,20.96,26.13281544399481,4,2,1879,Credit Card,Region_33,1
29.019692034898714,2.0,58.507964962021255,2,4,71.16078768139595,2,85,0,0,2.0,66,62737.7,0.0,14.231724874806245,2,1,1659,PayPal,Region_17,0
13.881082545742098,3.0,28.98007262515218,4,14,20.832864952744526,2,51,3,5,1.0,46,33308.08,0.0,21.359304465453878,1,1,265,PayPal,Region_09,1
11.696187188524215,2.0,21.372671188522126,1,22,20.46784748754097,9,32,0,0,3.0,41,32914.44,0.0,9.147840952803818,1,4,1971,Crypto,Region_29,1
33.56338920491929,6.0,66.71388047630035,6,5,74.02760670459031,0,76,0,15,2.0,48,60346.29,160.84,33.760996083784484,6,6,1859,Crypto,Region_37,1
18.700360008793364,4.0,24.25546277649063,6,8,71.49602880070347,9,94,0,5,1.0,18,42647.11,0.0,9.518164328612976,1,2,755,PayPal,Region_18,1
10.726367783063937,4.0,20.55466965981436,6,27,70.85810942264511,2,11,0,0,1.0,27,40440.73,0.0,2.36636758718264,0,2,235,Crypto,Region_11,0
8.913236764502303,2.0,17.59352480923215,2,10,70.35652947058009,8,95,0,10,2.0,58,48097.06,0.0,11.314880761669151,0,3,1446,Crypto,Region_10,0
10.980049493687034,2.0,21.374801426531583,4,20,70.43920197974748,9,45,0,5,5.0,32,37205.24,124.94,16.15666038559764,0,0,539,Credit Card,Region_32,0
23.090360702608887,2.0,33.51189343475245,3,9,20.923614428104354,9,69,0,5,3.0,29,56930.76,28.92,59.516839392416664,9,3,1596,Credit Card,Region_38,0
33.81320421487927,10.0,55.77920557839032,8,10,26.762640842975856,0,74,5,5,1.0,65,35746.91,0.0,39.264250674520945,4,3,506,Credit Card,Region_05,1
17.199656363521374,1.0,30.12700934354984,2,10,70.34399312727042,10,86,0,5,3.0,48,74572.19,0.0,25.557658054614397,3,2,615,Crypto,Region_03,0
25.368523612260617,,51.237300026876504,6,12,23.044222833471274,9,70,1,0,2.0,18,42499.71,0.0,7.1663650137141754,0,5,786,Crypto,Region_11,2
15.479839584954538,1.0,37.440033731506475,3,4,20.30959679169909,9,56,2,20,1.0,31,65663.85,0.0,28.380726458716786,4,1,1548,Crypto,Region_19,1
7.8803201893129815,3.0,10.862400082846253,3,15,70.47281921135878,1,19,1,0,2.0,42,53151.49,6.71,8.186709660950978,0,4,358,Bank Transfer,Region_40,1
8.8131742122532,2.0,9.314479622200281,4,12,20.352526968490128,2,67,1,15,1.0,27,59657.46,89.91,42.79350226433107,8,1,1347,PayPal,Region_23,0
35.969856726262265,7.0,68.8245492893977,8,1,75.03577994167672,0,84,5,0,2.0,31,55869.54,0.0,25.698163032119027,4,3,1217,PayPal,Region_31,1
54.96950661495426,9.0,112.01696196342209,9,21,79.89451119069176,9,43,0,0,2.0,39,54346.25,85.08,29.6121769635757,0,4,1918,Credit Card,Region_33,2
11.149500456770824,3.0,25.603803988693407,5,3,70.66897002740625,10,29,0,10,3.0,47,47305.38,10.69,46.125740955329725,6,4,1058,Bank Transfer,Region_22,0
24.31467035544024,2.0,40.023243019822296,1,21,20.97258681421761,10,24,0,10,2.0,37,68568.62,91.23,13.258595030934261,0,5,1368,Crypto,Region_13,1
186.23901505761623,5.0,47.828719176456985,6,14,71.86239015057616,2,30,1,95,1.0,31,41696.93,0.0,7.9795442755160675,1,3,623,Bank Transfer,Region_12,1
13.222283536260278,1.0,27.23410846761307,2,6,20.264445670725205,0,1,1,5,2.0,49,50149.7,66.4,47.67543845011464,1,4,591,Credit Card,Region_19,0
165.49424235005333,1.0,25.83389755505113,3,18,70.3309884847001,10,83,2,95,1.0,34,84078.17,45.33,38.31652522600814,2,2,609,Credit Card,Region_09,0
6.383045183897069,2.0,21.16099216270328,2,11,70.25532180735588,9,53,3,5,3.0,43,45182.01,0.0,8.704673902570322,0,2,1660,Crypto,Region_05,0
13.733788016473259,1.0,20.370859372657666,2,9,70.27467576032946,8,13,1,20,1.0,18,59391.17,7.98,13.179605726276995,0,0,1429,Credit Card,Region_40,0
17.689547853096375,1.0,28.73574354226376,3,2,20.35379095706193,10,22,0,0,2.0,47,29637.68,3.58,44.97037204490673,5,5,1498,Bank Transfer,Region_35,0
10.31872168258578,1.0,22.206803140360023,1,9,70.20637443365172,1,68,0,0,1.0,36,54736.21,156.77,34.0956253525815,5,1,703,Crypto,Region_04,0
16.123538853637115,1.0,28.897843347100533,2,8,70.32247077707274,0,51,0,15,1.0,38,57025.93,74.55,18.955067965979055,0,0,826,PayPal,Region_26,0
37.55707507063609,3.0,67.7877707871688,4,14,72.25342450423817,8,82,0,0,2.0,36,46726.71,0.0,20.501626634685742,3,2,370,Crypto,Region_08,0
428.73884292074996,6.0,77.36644923394898,6,17,25.144866115049,0,49,0,95,1.0,33,59479.52,9.91,34.75771655048601,5,6,1896,Credit Card,Region_28,2
14.258066546614122,1.0,31.236919413256224,3,6,20.285161330932283,0,70,3,0,4.0,37,46518.31,0.0,32.494202237250406,4,1,1101,Bank Transfer,Region_28,0
33.27402845919423,12.0,48.27129802799149,9,11,77.98576683020661,1,84,2,20,1.0,30,41507.62,15.58,29.61156039861005,5,5,986,Credit Card,Region_30,2
13.098535958137624,3.0,24.999934154080076,3,3,70.78591215748826,8,32,0,0,1.0,44,46356.8,0.0,13.055307545293287,0,2,1996,PayPal,Region_23,0
14.645141613634856,2.0,24.910238019140152,3,13,20.585805664545394,9,83,3,5,2.0,39,72223.61,0.0,4.52781069652357,0,2,957,PayPal,Region_26,0
13.169939686185348,5.0,19.943411272480546,4,23,71.31699396861853,2,8,3,0,4.0,39,37882.08,45.7,37.769036922189954,1,3,1473,Credit Card,Region_07,0
8.102088533759655,,10.808077271100709,4,5,70.32408354135039,8,94,3,10,2.0,26,45003.26,33.93,21.94362389871315,2,3,306,Crypto,Region_10,0
13.230763795282762,,10.629826485412874,1,7,70.26461527590565,10,7,0,5,5.0,44,49795.5,61.8,29.469430345996123,2,3,772,Crypto,Region_23,0
44.03031506745211,,75.26247660340783,7,15,26.164244109443295,0,74,0,20,1.0,31,92805.73,37.22,20.93408818674943,3,1,708,Crypto,Region_08,1
14.577136466342816,4.0,32.69115926411375,3,16,71.16617091730743,10,6,0,0,1.0,18,80553.43,0.0,8.912497124274681,0,5,865,Bank Transfer,Region_16,0
36.04596305496404,7.0,69.04300788907298,7,5,75.04643482769497,8,20,5,0,1.0,30,52294.32,0.0,12.745344363426053,2,5,347,PayPal,Region_07,1
22.313574427522173,5.0,39.20752515756745,3,17,72.23135744275221,2,91,1,0,2.0,41,49538.54,0.0,45.00189999661111,0,2,1912,Crypto,Region_09,1
16.44399057321417,1.0,22.54290442258222,4,7,70.32887981146429,10,52,0,0,2.0,21,61812.13,0.0,14.592303885823727,1,3,270,PayPal,Region_15,0
13.622286098616442,3.0,28.62946383880524,5,21,20.817337165916985,8,14,3,0,,33,68712.94,52.62,17.15880448155188,0,4,266,PayPal,Region_40,0
16.770740114834492,7.0,36.73657426500418,6,14,72.34790361607683,2,71,0,0,2.0,20,61829.24,152.81,33.00851098206419,6,6,1613,Credit Card,Region_33,1
138.37861217220407,1.0,30.079123544985055,1,18,20.276757224344408,1,51,2,95,3.0,34,76014.42,0.0,43.26589789376147,1,3,1793,Credit Card,Region_10,0
8.193337586937005,4.0,9.90437988155476,5,16,20.65546700695496,0,75,1,0,2.0,33,42988.1,0.0,18.184143562210963,2,6,410,Credit Card,Region_02,0
34.70375485047601,18.0,58.142365326543384,13,13,32.49335174617136,9,68,1,0,3.0,45,31985.42,39.75,9.727504316074489,1,5,771,Crypto,Region_23,2
13.14092390404618,,31.933219321504193,3,16,20.525636956161847,8,71,0,0,1.0,31,69808.77,106.59,14.160684495706741,2,2,596,Bank Transfer,Region_19,0
27.629877610885167,7.0,43.6874244921085,6,15,73.86818286552392,1,36,0,20,2.0,39,54737.33,0.0,13.505914169814925,2,4,507,Bank Transfer,Region_03,1
27.779740998348547,7.0,52.39460062460524,6,9,73.88916373976879,10,77,0,0,1.0,44,62111.25,8.7,18.949793794985336,3,2,682,PayPal,Region_18,2
18.570871568278058,1.0,24.53888808753453,2,6,20.37141743136556,8,3,0,50,1.0,43,46593.0,112.29,7.91846710947893,1,3,824,Bank Transfer,Region_05,0
15.314537050405207,3.0,26.064589853859793,3,11,70.91887222302431,1,90,3,0,3.0,27,70429.42,60.17,14.62548285204015,1,1,72,PayPal,Region_06,0
91.89932815721764,1.0,19.467631071970956,4,10,20.183798656314437,2,78,4,95,3.0,54,47272.03,0.0,17.24884375542615,0,2,987,Crypto,Region_01,0
6.586131046015851,2.0,11.705206097117967,4,12,20.263445241840635,1,83,1,0,4.0,66,35964.32,0.0,16.451866245268906,2,2,1794,PayPal,Region_06,0
11.496448577966335,1.0,23.31317404561494,1,21,70.22992897155933,10,60,0,20,5.0,35,58425.44,0.0,8.68248182453484,1,2,820,PayPal,Region_10,0
20.524566087963994,4.0,30.813193580066464,3,14,21.64196528703712,10,21,0,50,5.0,23,76468.04,0.0,14.131125876664202,2,1,884,PayPal,Region_38,1
12.746493100390355,1.0,18.843677758224363,3,15,70.25492986200781,2,48,0,0,,39,39131.87,0.0,21.83336952679512,1,5,1102,Credit Card,Region_21,0
10.535529800368138,5.0,21.373045533156994,6,19,21.053552980036812,1,35,1,0,1.0,34,56790.03,23.05,47.51962609603211,3,2,1771,Bank Transfer,Region_10,0
20.025716161826033,18.0,39.53072980154874,13,14,77.20925781825737,8,93,0,15,4.0,57,60124.51,40.39,55.92700239596081,5,3,1787,Crypto,Region_38,2
21.002914728336847,6.0,38.904310776320635,6,20,22.520349767400422,9,96,0,20,1.0,45,81472.86,88.76,65.19844142278937,9,3,81,Bank Transfer,Region_32,1
21.709552163845593,2.0,43.81248260321363,3,0,20.868382086553822,0,62,0,10,1.0,44,60773.54,0.0,34.28688018751816,5,4,1612,Crypto,Region_25,1
15.69691835409638,1.0,19.968413344517106,1,7,20.313938367081928,10,91,1,20,2.0,39,33423.92,124.28,16.473831342210584,0,3,1708,Credit Card,Region_27,0
18.554644408763576,3.0,31.067370184040136,3,7,71.11327866452581,9,37,2,50,2.0,24,59250.63,31.35,11.708103561183282,1,1,571,Crypto,Region_23,1
23.842503978791342,1.0,52.02992602795534,2,3,20.476850079575826,1,39,1,15,,28,60966.36,16.19,58.53656297978854,2,1,333,Crypto,Region_14,0
5.670877001355581,,16.624922747408647,2,16,20.11341754002711,2,63,2,0,3.0,40,64033.25,0.0,46.77534667919569,4,1,477,Crypto,Region_12,0
20.58303101333895,2.0,40.21764664904783,2,11,20.82332124053356,10,67,0,0,4.0,32,29658.38,53.62,56.04490934019577,10,2,271,Crypto,Region_17,0
22.427152986405606,7.0,39.592040508752575,6,20,23.139801418096784,10,55,0,5,3.0,32,37391.68,13.62,33.33684029465804,5,5,388,Bank Transfer,Region_35,1
17.18151246288284,2.0,36.10080057493896,2,16,20.687260498515315,8,13,0,0,1.0,33,32347.42,0.0,26.222859672584608,2,5,1696,Bank Transfer,Region_32,0
12.577639488269051,1.0,24.785458677192324,2,10,20.25155278976538,0,1,1,0,1.0,29,91660.87,52.6,61.63871726952523,4,0,1590,Credit Card,Region_26,0
19.217517145266132,1.0,27.00432903844289,2,13,70.38435034290532,0,62,0,0,1.0,36,44494.75,204.68,54.5838779404472,5,3,1526,Crypto,Region_09,0
10.43384880803931,1.0,23.759740089751404,2,4,20.208676976160785,8,18,0,5,,29,35691.41,0.0,41.369906994210666,6,5,501,Crypto,Region_04,0
15.808564180567966,6.0,24.125198453411173,6,12,21.897027701668154,1,77,5,10,2.0,26,58836.68,0.0,19.06071186995354,0,5,1568,Crypto,Region_33,1
43.30212521182135,,81.74226663136932,5,12,72.59812751270928,0,70,1,0,1.0,39,61568.81,125.52,19.313729886715322,0,1,1320,Credit Card,Region_29,1
23.443839245815877,4.0,34.119046698747084,5,5,21.87550713966527,8,8,0,20,5.0,39,70749.31,103.85,65.38506317108485,1,1,806,Crypto,Region_40,1
13.3114343235157,1.0,31.955678442829303,4,11,70.26622868647031,1,32,0,0,2.0,22,42286.09,369.97,29.03440680480974,0,3,520,Crypto,Region_17,0
19.96340336502228,8.0,34.5596441630295,7,7,23.194144538403563,8,87,1,50,2.0,36,62922.63,0.0,25.530141520944493,4,2,1336,PayPal,Region_08,0
8.06245340727233,1.0,8.965734471984309,1,10,70.16124906814545,0,60,0,5,1.0,48,50884.56,67.44,60.44046250490103,4,3,1409,Bank Transfer,Region_35,0
15.459077311293958,3.0,24.38381299497526,4,15,70.92754463867763,9,84,0,0,5.0,28,32011.64,130.66,18.42884192787726,2,6,1388,PayPal,Region_13,0
9.621903339197333,2.0,15.635180523986675,3,19,20.384876133567893,0,43,5,15,2.0,40,77467.13,0.0,31.757835043816428,3,6,225,Bank Transfer,Region_04,0
23.2692386280167,8.0,41.85578094829371,8,13,23.723078180482673,0,64,2,0,1.0,31,83482.16,38.63,28.10305734691122,3,2,616,Bank Transfer,Region_24,1
12.539850159794947,1.0,29.16245846932923,1,10,20.2507970031959,9,84,0,0,2.0,22,50149.61,0.0,5.256804288489211,0,6,653,Credit Card,Region_39,0
6.685301131720196,4.0,12.38425511948339,5,12,70.53482409053761,1,56,0,0,1.0,28,47951.05,0.0,30.28207462541695,2,4,1662,Bank Transfer,Region_38,0
8.921509715362482,1.0,5.204133499039864,2,12,20.17843019430725,10,23,0,5,3.0,53,47774.22,200.64,6.311211400932945,1,2,1969,Credit Card,Region_06,0
20.91421679123179,1.0,31.496897663372668,2,9,70.41828433582464,10,43,2,20,2.0,35,12926.74,126.7,26.94228641264956,3,3,840,Crypto,Region_12,0
17.36534364351601,2.0,45.04529252040932,3,7,70.69461374574064,8,67,0,20,1.0,31,70137.37,5.24,40.49112213365149,0,2,1643,PayPal,Region_29,0
43.59507429419704,15.0,79.1480777078693,12,17,33.07852228825911,1,5,2,15,3.0,29,97486.36,120.73,37.98929940867441,4,3,876,Crypto,Region_38,2
27.038164917782026,2.0,53.42264742206007,4,9,71.08152659671129,1,66,3,5,1.0,36,84933.97,0.0,32.66413630720977,0,5,1162,Credit Card,Region_35,1
39.737804847738175,10.0,69.98631802845952,8,14,27.947560969547634,8,33,0,5,2.0,32,43015.82,0.0,22.905573511315172,2,1,626,Crypto,Region_32,2
20.960366695857886,1.0,32.70560348150988,3,3,70.41920733391716,1,24,4,0,3.0,37,54891.64,88.91,32.916026018543846,4,4,809,Bank Transfer,Region_09,0
11.244273410607112,3.0,17.833281027183784,4,10,20.674656404636426,10,26,0,0,1.0,35,79988.18,0.0,34.954303344754294,1,3,1896,PayPal,Region_03,0
13.366302980781741,1.0,24.700975785699143,3,17,20.267326059615634,2,17,0,15,5.0,43,35775.52,85.84,38.07945149788041,1,3,1721,Bank Transfer,Region_10,0
19.267352006646824,2.0,32.38005192582895,4,15,20.770694080265873,10,4,0,50,3.0,34,60135.59,65.22,42.23069365554329,1,4,1534,PayPal,Region_16,0
17.976249350036067,5.0,41.94958766271374,7,5,71.79762493500361,0,87,0,20,1.0,35,42651.75,76.87,8.918438989288944,1,3,1636,Credit Card,Region_15,1
22.72613704507783,3.0,37.82578271000697,3,12,71.36356822270467,2,95,2,20,1.0,32,24648.07,0.0,30.985674418339173,0,1,1113,Credit Card,Region_10,0
6.604924030574718,1.0,6.614685203783189,4,17,70.13209848061149,8,84,0,0,2.0,46,59726.33,74.56,25.19793599450332,3,1,845,Credit Card,Region_38,0
23.37943646465163,2.0,46.126999434884524,3,6,70.93517745858607,10,43,0,0,1.0,27,48967.73,0.0,38.22773695339785,0,1,203,Crypto,Region_23,0
10.495323388956002,4.0,23.551594619345536,3,15,70.83962587111648,9,97,0,20,1.0,36,55735.26,68.07,15.930817062095967,2,3,392,Credit Card,Region_37,0
22.26287517646834,7.0,40.22306092533544,6,2,73.11680252470556,9,92,1,15,2.0,18,36671.2,81.41,22.526632053538446,1,2,1139,Bank Transfer,Region_09,1
5.72015516359735,3.0,7.285561181771592,4,11,20.34320930981584,8,4,1,0,1.0,52,74147.58,144.41,9.733303728738422,0,4,1036,Bank Transfer,Region_33,0
10.15617721568725,2.0,8.77782491737197,4,16,20.40624708862749,10,60,2,15,1.0,26,59293.45,0.0,16.174812839506576,2,4,691,Credit Card,Region_17,0
8.037172864537599,3.0,20.57051876838823,3,14,20.482230371872255,10,91,1,0,1.0,39,58073.28,138.58,21.616322544756496,3,3,1453,Crypto,Region_33,0
9.553823700545303,2.0,21.5396872105901,2,14,20.38215294802181,8,5,0,10,1.0,69,72803.81,0.0,25.737817817799215,3,4,154,Credit Card,Region_35,0
23.221431264878685,5.0,39.59913467803615,4,9,72.32214312648787,1,74,0,50,1.0,32,67303.43,153.97,48.18474263186517,5,2,996,Crypto,Region_18,1
35.98552037670831,4.0,65.07179907022359,3,13,72.87884163013666,0,38,1,20,4.0,44,37714.79,24.8,20.241923227094034,0,3,744,Credit Card,Region_09,1
48.57171378395469,12.0,86.29569889851038,8,16,81.65721130814913,2,7,0,15,2.0,53,60932.8,158.04,26.142591021627414,2,1,1267,PayPal,Region_14,2
27.74541666595737,6.0,58.085401205154966,3,14,23.329449999914885,8,98,2,0,2.0,38,57273.72,0.0,17.238124688350574,2,7,1978,Bank Transfer,Region_18,1
7.860044314967309,5.0,8.958488252170024,5,15,70.78600443149674,9,74,1,0,3.0,31,51118.23,38.75,39.1500327010803,6,3,494,Credit Card,Region_21,0
17.24803741840927,7.0,27.946159883037094,7,9,72.4147252385773,0,83,1,0,1.0,23,66879.73,158.98,51.717391913673225,2,4,140,PayPal,Region_05,1
25.015359278024963,6.0,41.44401550512504,6,7,23.001843113362995,0,42,1,10,3.0,24,39900.62,13.23,14.125485714665329,2,6,1939,Bank Transfer,Region_06,0
9.07859628132684,3.0,17.892279738599683,2,9,20.54471577687961,1,85,0,0,1.0,30,16677.28,165.78,55.94019092522922,2,1,1479,Bank Transfer,Region_29,0
47.5833685904508,1.0,85.93071073129781,1,11,70.95166737180901,9,40,1,5,3.0,37,46514.67,15.84,31.816077926724745,6,0,328,PayPal,Region_34,1
11.05381392998844,3.0,20.89720589129327,3,10,70.6632288357993,0,75,0,5,1.0,49,29192.18,0.0,13.68729803912272,2,2,677,PayPal,Region_39,0
44.74211260088741,10.0,76.13276705389151,9,20,78.94842252017749,9,68,1,0,1.0,32,54489.76,88.51,37.522439721608755,5,2,1013,Bank Transfer,Region_01,2
18.692942834309616,3.0,41.071781253809284,5,6,71.12157657005858,2,97,0,20,4.0,33,33791.38,0.0,43.75064266130572,5,3,1332,PayPal,Region_26,0
40.8030555189146,3.0,71.1752743979401,4,16,72.44818333113487,9,97,0,0,1.0,37,51538.84,82.88,20.05429334113945,3,3,993,Crypto,Region_20,1
23.468872669692207,1.0,48.1819205524286,2,9,20.469377453393843,0,29,3,50,1.0,61,52409.84,86.47,40.120034175490574,7,5,539,Bank Transfer,Region_08,1
21.003787499737427,2.0,53.50238748593409,3,9,70.8401514999895,10,58,0,0,1.0,45,48669.11,0.0,22.201790782601773,1,5,973,Bank Transfer,Region_12,1
23.989873902642287,3.0,38.81509275568423,3,12,71.43939243415853,9,22,0,20,2.0,30,62991.01,14.88,33.1982132359282,5,3,373,Credit Card,Region_28,1
28.083522355261106,7.0,52.262264738826474,6,2,23.931693129736555,9,99,0,10,1.0,54,73694.59,31.74,30.121844560392724,0,1,806,Bank Transfer,Region_24,1
17.400892095245098,2.0,30.66358758016158,3,7,70.69603568380981,10,56,0,10,2.0,50,46427.49,0.0,26.819227432574237,2,4,1574,Credit Card,Region_38,0
12.20312350045137,2.0,32.12003007542662,4,6,20.488124940018054,9,24,1,5,1.0,22,42893.62,0.0,9.007858063706866,1,3,1826,Crypto,Region_09,0
15.60442486470593,5.0,26.684695119045177,5,10,71.56044248647059,0,47,0,15,1.0,23,65550.49,5.79,13.634951126709554,0,1,1003,PayPal,Region_03,0
47.244861320716616,3.0,86.28420776488034,3,8,22.834691679242997,2,69,2,5,1.0,37,31366.3,0.0,32.776991424698764,2,7,202,Crypto,Region_40,1
14.189806360806156,1.0,26.675993047007715,1,19,20.283796127216124,9,41,3,0,2.0,31,60059.51,124.93,17.942715187158676,1,3,456,Bank Transfer,Region_33,0
27.789580336582752,5.0,49.51925075610975,5,7,72.77895803365827,2,28,1,0,1.0,47,37775.0,36.74,40.80776301460975,4,3,503,Bank Transfer,Region_04,1
6.635510929134062,,15.721288511775537,3,3,70.53084087433072,0,84,0,0,5.0,34,48294.88,0.0,72.66003222786279,12,3,79,PayPal,Region_08,0
4.253354412989957,3.0,8.123019945657145,3,14,70.2552012647794,8,70,0,5,1.0,25,53772.37,67.58,67.90181064118845,7,1,419,Crypto,Region_28,0
28.655640265543067,7.0,53.98941116820293,6,14,74.01178963717604,9,44,0,10,2.0,52,39022.13,15.39,21.908172940124526,4,1,557,Crypto,Region_37,1
11.729069200697552,2.0,22.180338085540413,3,21,20.469162768027903,2,40,0,0,1.0,38,41993.05,0.0,55.307517514026074,9,1,233,Bank Transfer,Region_13,0
9.915378443560321,,14.824992569855388,3,12,20.198307568871208,9,72,2,0,2.0,38,54265.77,47.48,40.30339089649521,4,2,1801,Credit Card,Region_16,0
13.428940027233798,1.0,22.827281750394786,2,10,20.268578800544677,1,62,1,10,1.0,30,40855.14,195.05,7.651058795287742,0,2,1288,Bank Transfer,Region_23,0
43.63408052013745,10.0,81.3184591999622,7,11,28.726816104027492,1,46,2,0,1.0,27,75099.0,176.24,45.813879604477734,2,1,900,Bank Transfer,Region_04,2
38.517477535821214,8.0,72.08826107399493,6,12,76.1627964057314,0,99,6,50,5.0,76,46026.19,30.81,11.74391595205103,1,3,808,PayPal,Region_08,1
12.609422441517445,2.0,28.922005638789877,2,7,20.5043768976607,10,0,1,20,2.0,19,68125.43,0.0,51.13550072737284,8,5,335,Bank Transfer,Region_19,0
9.036127294337385,1.0,25.561249869000637,3,13,20.18072254588675,2,94,3,15,2.0,18,68661.44,0.0,55.068606404244115,5,1,485,PayPal,Region_33,0
18.102797703543235,1.0,29.979691480172775,3,11,20.362055954070865,2,19,1,0,2.0,28,35648.57,24.7,48.377111257782765,8,4,1869,Crypto,Region_37,0
22.49172738942553,,41.159480092364156,3,10,20.89966909557702,10,91,0,10,1.0,33,40795.12,47.68,43.20306137692218,2,6,169,Bank Transfer,Region_12,1
30.283853220708302,6.0,53.54390674951591,8,9,73.634062386485,10,18,0,0,3.0,34,69392.8,0.0,22.595583569778537,3,5,1276,Crypto,Region_15,1
10.064714746151564,2.0,12.579948356078436,4,9,70.40258858984606,9,64,1,0,1.0,39,75807.99,87.95,20.833769504400017,2,2,1972,Crypto,Region_06,0
9.39398175871302,1.0,19.731942859705544,3,15,20.18787963517426,1,92,1,5,2.0,38,64436.11,54.88,6.794859980215581,0,7,1691,Crypto,Region_07,0
12.599628029762918,1.0,26.568516273602533,3,12,20.25199256059526,9,73,2,5,,50,67547.32,0.0,21.089970881736832,1,5,955,Crypto,Region_31,0
24.65874137786078,5.0,39.00077834921683,5,10,72.46587413778607,9,35,1,15,2.0,49,79070.0,11.04,40.119050610739116,0,5,1571,Crypto,Region_17,1
29.72328704427287,7.0,51.62941998381457,7,4,74.1612601861982,10,22,0,0,2.0,36,36824.16,0.0,43.11563857770635,7,2,1731,PayPal,Region_23,1
10.94126803788645,1.0,17.33383485604889,1,16,20.21882536075773,0,81,0,5,1.0,36,61003.06,83.53,10.777433809503338,1,3,1999,PayPal,Region_23,0
5.8442372279890185,4.0,2.9775034942543925,3,11,20.467538978239123,8,28,0,0,1.0,64,67388.35,350.62,38.78916800130511,4,3,1996,Crypto,Region_34,0
10.24603136354206,2.0,18.260969803550097,3,21,20.409841254541682,0,91,0,5,1.0,38,49989.4,50.14,9.154648712188656,1,3,933,Crypto,Region_03,0
61.40721809889358,7.0,104.8067841958156,7,13,28.5970105338451,0,43,0,10,1.0,46,52969.61,20.7,19.465788040587995,3,4,147,PayPal,Region_37,2
10.816249300880301,2.0,20.264217197861175,3,17,70.43264997203521,0,6,1,50,2.0,34,65726.29,0.0,39.49464470678195,7,2,662,Bank Transfer,Region_32,0
22.23008694210184,2.0,41.35976412058226,3,1,20.889203477684074,9,30,0,15,3.0,38,77548.14,0.0,54.78196627272599,3,3,1109,Crypto,Region_03,1
36.399338535006535,3.0,67.4839232795354,1,0,72.1839603121004,9,37,1,50,2.0,34,46499.42,61.77,27.843413727044187,1,1,337,Crypto,Region_06,1
9.163339707234632,4.0,18.70062236167174,5,11,70.73306717657877,9,65,0,5,1.0,20,91655.07,34.5,21.840907855810894,3,2,1740,Bank Transfer,Region_25,0
6.572397700365629,2.0,19.485019443645808,3,4,70.26289590801463,9,78,0,5,4.0,48,83241.26,155.36,12.568117595093925,0,3,1201,Crypto,Region_39,0
11.42435582421489,2.0,16.520609779508845,3,17,20.456974232968594,10,21,1,15,3.0,29,63026.52,133.62,23.092005974133016,1,1,1671,Credit Card,Region_10,0
20.21309010441141,4.0,32.59115310785436,5,10,21.61704720835291,1,74,0,5,1.0,29,65463.79,241.13,29.095338727279273,1,4,2000,Credit Card,Region_19,1
16.668179324284207,3.0,33.27854226959228,3,18,21.000090759457052,2,53,6,15,2.0,31,59730.09,0.0,59.589702005875125,0,2,1767,Crypto,Region_10,1
22.87051708753098,2.0,40.507023130977196,3,9,70.91482068350123,1,53,1,50,1.0,43,30130.72,10.29,52.0305808108813,7,1,1606,Bank Transfer,Region_15,1
14.829260042226867,1.0,32.319301111299744,2,13,20.296585200844536,2,82,0,10,3.0,62,41929.29,0.0,12.431498833555906,0,0,1800,PayPal,Region_28,0
12.137314804469417,1.0,24.655610609875172,1,11,20.24274629608939,9,5,1,0,2.0,22,49790.08,61.75,14.336500286770388,1,1,338,Credit Card,Region_09,0
50.54138113123522,12.0,100.5650426776877,8,9,32.12993147149645,1,72,0,0,2.0,38,58438.71,0.0,16.120692251012652,0,5,1852,Bank Transfer,Region_34,2
50.67147248745793,1.0,90.75200822856083,1,12,21.013429449749157,2,61,1,0,1.0,33,68435.12,137.14,75.66409159918769,10,4,261,Crypto,Region_24,1
10.621162311761275,2.0,11.707894301237374,3,7,70.42484649247045,8,28,0,15,,46,47275.97,13.95,51.658047354359404,9,1,73,Credit Card,Region_05,0
49.965834099893726,10.0,91.64180847970445,8,15,79.99316681997874,0,42,1,20,,27,66823.57,0.0,9.149396478328917,1,6,408,PayPal,Region_27,2
20.011651020466644,5.0,35.66260104726957,5,9,72.00116510204667,2,66,1,10,1.0,42,54911.39,0.0,31.871527492805534,2,6,1421,PayPal,Region_25,1
8.683773003460125,,18.30322883880108,2,14,70.1736754600692,10,61,2,0,1.0,37,89009.85,116.6,24.694802510848046,0,3,1409,PayPal,Region_29,0
19.414824789138013,1.0,38.259720553824444,1,25,20.38829649578276,1,12,0,5,3.0,29,51536.12,21.74,14.521087620875392,0,3,1470,Crypto,Region_32,1
20.2569221840924,2.0,33.7897173558867,3,8,20.810276887363695,1,63,1,20,2.0,19,55010.84,8.71,17.825885875833748,1,4,1324,Credit Card,Region_18,1
28.326289159703865,5.0,45.94229219484119,5,11,22.832628915970385,8,46,1,0,3.0,34,64874.88,0.0,53.181078980651755,9,5,791,Crypto,Region_08,1
311.7543093856372,1.0,55.386058939352765,3,9,20.623508618771275,2,59,0,95,2.0,33,68354.3,13.99,15.779321265708854,3,3,304,Bank Transfer,Region_20,0
9.148433161917755,1.0,4.56122201257968,1,20,70.18296866323836,0,14,2,15,2.0,64,60508.8,52.75,12.475467140258528,2,5,2013,Credit Card,Region_30,0
37.83936177967626,9.0,68.51418749734836,6,11,76.81108512034173,1,4,0,10,1.0,49,25648.04,199.93,17.493621207415593,1,3,1488,Bank Transfer,Region_10,2
11.878746498288901,1.0,19.344553321239204,1,11,70.23757492996577,9,68,2,5,1.0,30,73732.46,0.0,32.07307934132658,3,4,714,PayPal,Region_28,0
14.272284924003266,2.0,29.998488085669283,2,23,70.57089139696014,10,1,0,15,,48,33224.08,0.0,62.82517796461276,3,5,59,Credit Card,Region_20,0
13.5369140075401,,14.437202545856604,2,8,70.27073828015081,9,37,0,15,4.0,36,36301.28,14.38,30.08423379604433,2,4,1213,Crypto,Region_29,0
20.361346367775784,1.0,36.6821500109996,2,9,20.407226927355516,2,93,0,10,1.0,24,50888.3,67.65,2.7740312498467783,0,1,1202,PayPal,Region_26,0
92.94689093143127,4.0,24.611561791243325,4,18,70.74357512745145,10,53,1,95,5.0,26,48187.47,0.0,39.7216598402182,6,2,2014,Crypto,Region_17,1
172.05481964777223,12.0,34.3468741763541,8,7,74.12931567154654,8,91,1,95,4.0,38,64672.89,182.33,31.271103456273146,0,4,1894,PayPal,Region_08,2
9.990640764518057,4.0,22.886513354571818,2,17,20.799251261161444,0,38,0,10,2.0,32,77137.55,109.13,35.41127143342428,2,4,118,Credit Card,Region_32,0
18.89542964347655,4.0,35.71044097140753,5,8,21.511634371478124,2,95,0,15,4.0,53,66720.32,35.22,58.079590475145736,6,4,846,Crypto,Region_22,0
6.512613190045907,1.0,3.4150333925793355,2,20,20.13025226380092,2,19,1,10,2.0,35,46635.57,0.0,13.629778502782194,0,3,1027,Credit Card,Region_32,0
7.366532183993705,8.0,14.092403796701056,7,20,71.17864514943899,10,19,0,5,2.0,32,76323.91,141.34,21.93931901939626,1,7,272,Crypto,Region_36,1
30.829491943964374,3.0,57.535532299455895,2,9,21.849769516637863,0,28,1,10,2.0,30,40384.59,0.0,52.24931949431676,6,5,657,Crypto,Region_15,1
13.429622339554099,1.0,18.782197490243508,1,7,70.26859244679108,1,34,0,0,4.0,43,36644.43,96.65,13.787462928080654,1,2,568,PayPal,Region_19,0
15.861846545712458,3.0,27.918554565485756,4,10,70.95171079274274,9,31,0,0,5.0,27,51322.25,95.34,33.27030250957505,5,4,955,Credit Card,Region_17,1
16.540040855770467,8.0,15.26672039516726,7,11,72.64640653692328,1,16,1,50,3.0,27,46966.0,0.0,34.04214141907368,4,2,1844,Crypto,Region_05,1
16.644877511878807,3.0,28.290288641672813,3,16,20.99869265071273,8,50,3,0,1.0,30,79874.95,0.0,1.7091834457048327,0,4,158,Bank Transfer,Region_36,1
46.721952398093485,8.0,81.91763460248676,8,14,27.47551238369496,0,7,0,15,2.0,18,62295.03,168.88,28.173751154171057,2,4,113,Crypto,Region_38,2
9.482745552003573,3.0,24.080138771673173,3,16,70.56896473312021,1,20,1,15,2.0,19,63264.86,114.71,24.715057642640073,1,3,368,Bank Transfer,Region_27,0
29.89303671803792,10.0,50.791350579324785,10,11,25.978607343607585,2,22,0,0,2.0,32,60672.92,4.87,36.5668640794121,4,3,326,Bank Transfer,Region_06,1
3.888989420630149,3.0,5.668395664156874,4,21,20.23333936523781,2,50,3,10,2.0,33,62874.68,0.0,16.281098658831738,3,1,1610,Crypto,Region_09,0
17.413734848487007,9.0,30.94857884089257,8,10,73.13447227272766,8,90,0,0,1.0,25,42979.94,51.52,35.65022100346413,1,1,94,PayPal,Region_02,1
15.636038585080978,7.0,25.193269333493863,7,12,72.18904540191134,8,5,2,0,3.0,23,26085.21,0.0,43.187895133641,6,3,1241,Credit Card,Region_40,1
22.141722589352185,8.0,43.454057769994726,6,10,73.54267561429634,0,51,0,50,5.0,35,67741.76,0.0,18.287891388989095,2,3,1909,PayPal,Region_20,1
19.78216742143797,8.0,25.64594128930394,7,8,73.16514678743007,1,7,2,0,1.0,25,47000.58,19.17,28.666191935684683,4,3,726,PayPal,Region_03,1
16.762387077293276,2.0,35.855180259848545,2,16,20.67049548309173,2,98,0,0,,35,44623.09,204.51,30.73726261676397,2,3,1516,Crypto,Region_34,0
5.790770119770448,3.0,10.36399562400746,5,20,70.34744620718622,0,68,0,5,2.0,44,49179.34,0.0,23.120527641901745,0,6,206,Bank Transfer,Region_30,0
45.5220393741939,5.0,88.44790654752615,5,18,74.55220393741939,0,32,1,0,4.0,25,56926.97,33.86,29.91945465403728,5,2,204,Bank Transfer,Region_26,2
55.887155048022194,10.0,86.8607183758686,10,12,81.17743100960443,2,61,0,5,3.0,22,63052.36,114.11,41.962684866179025,2,6,1907,Crypto,Region_35,2
25.60170560918107,3.0,33.90192349347039,4,11,71.53610233655087,1,64,0,0,3.0,27,64672.57,129.94,26.451508544031537,2,4,165,Credit Card,Region_01,0
10.047196210607101,1.0,16.62506038116528,3,19,70.20094392421214,9,62,0,0,5.0,27,65673.55,55.48,54.14152453087188,8,3,1818,PayPal,Region_31,0
13.870765747973163,2.0,27.4969552863545,2,20,70.55483062991892,8,87,0,5,2.0,34,49504.77,11.95,9.33032378253415,1,3,154,Bank Transfer,Region_30,0
11.92282801376652,7.0,18.686426844763865,7,5,21.66919592192731,10,31,2,0,2.0,35,68441.41,0.0,43.05792648788586,5,0,969,Bank Transfer,Region_19,1
9.42360317658394,,19.881714868263668,2,14,70.18847206353168,1,54,1,0,1.0,33,72234.84,42.57,23.042196278536277,2,3,204,Credit Card,Region_29,1
17.080026678165375,1.0,35.65059680791249,2,10,20.34160053356331,9,32,0,5,4.0,48,30743.51,0.0,45.17474066593634,5,1,623,PayPal,Region_26,0
12.155428772424369,1.0,25.209769525470705,3,21,20.24310857544849,9,37,3,0,2.0,25,78614.06,0.0,46.284077291676,3,3,1948,Crypto,Region_23,0
39.307096532480436,2.0,71.2691162803652,5,0,21.57228386129922,2,1,2,15,2.0,36,49068.73,35.01,9.920104915270961,0,1,554,Crypto,Region_23,1
14.163083762776784,5.0,25.971565021268493,6,7,21.41630837627768,9,80,0,0,2.0,54,72971.91,137.82,40.341567620989544,2,3,1422,Bank Transfer,Region_37,1
14.99865988050694,1.0,23.923612352970572,3,19,70.29997319761014,8,9,0,50,1.0,35,62891.62,0.0,20.993331060811407,2,3,1064,Bank Transfer,Region_19,0
25.726642709392962,1.0,46.03108525588844,2,7,20.51453285418786,0,65,0,10,2.0,41,62875.76,2.55,20.03827736008121,0,6,1088,Credit Card,Region_39,0
14.409421209930676,2.0,20.81580374170158,3,5,70.57637684839723,1,75,1,20,1.0,21,74771.15,0.0,22.144660753519705,0,5,1314,PayPal,Region_32,0
13.607656363458947,1.0,20.570134117420817,2,20,20.272153127269178,10,93,1,5,3.0,51,51146.56,17.45,35.61584184010552,0,4,1441,Crypto,Region_28,0
12.224259150392726,2.0,24.57548746844068,4,6,20.48897036601571,8,14,5,0,1.0,47,71881.95,36.79,12.013133853142845,0,0,1454,Credit Card,Region_03,0
13.08736704414748,5.0,21.24285502180872,5,17,71.30873670441474,9,86,0,0,1.0,43,32729.11,64.98,30.655369530586036,0,3,1919,Bank Transfer,Region_19,1
42.191938596896705,5.0,72.25768000356742,6,3,24.21919385968967,0,81,3,50,1.0,45,114573.55,16.31,41.32732625964461,5,4,1840,Credit Card,Region_24,1
19.214341322265096,3.0,36.83196944600214,2,3,71.1528604793359,0,60,0,10,3.0,28,44642.56,10.18,30.484551042080827,2,3,632,Crypto,Region_27,1
30.017882954615455,,55.931687602959904,4,11,71.20071531818462,9,30,0,0,1.0,33,58875.44,0.0,22.383960658650434,0,3,1481,PayPal,Region_22,1
6.5194256226440315,1.0,10.6584681935162,1,11,20.130388512452882,8,37,3,5,1.0,32,63159.2,0.0,22.94220320539973,0,3,1762,PayPal,Region_08,0
7.600515957988176,2.0,12.936251570770528,4,16,20.30402063831953,10,28,1,0,2.0,26,65626.67,0.0,36.65283910379185,3,1,798,Bank Transfer,Region_17,0
21.62899898079244,2.0,41.011937614825925,2,19,20.865159959231697,9,77,1,5,1.0,49,37549.33,463.69,53.450124333198936,6,7,1882,Crypto,Region_14,0
10.602386151499072,,23.929080654617785,4,12,70.63614316908995,1,42,0,15,4.0,30,64040.18,43.34,47.2241462912615,9,6,1334,PayPal,Region_31,0
43.873486717282354,10.0,79.97770438687705,8,20,78.77469734345647,0,22,5,0,3.0,47,42884.86,0.0,23.56111872694457,2,3,1395,PayPal,Region_18,1
43.324042561652895,11.0,72.02310705908965,10,13,79.53128936356364,2,24,0,0,3.0,30,30129.27,66.14,32.4010323669771,0,1,1500,Crypto,Region_22,2
5.831305427480401,4.0,9.389212305647465,5,20,20.46650443419843,0,27,0,5,1.0,32,50153.54,133.65,0.7281245832674873,0,3,331,Bank Transfer,Region_07,0
17.406210013801488,4.0,29.295428835875594,4,0,21.39249680110412,9,98,0,5,1.0,36,84493.65,418.93,36.846446244366064,4,4,601,Credit Card,Region_27,0
19.37615280142461,6.0,29.61214451069207,6,14,22.32513833617095,10,93,0,0,1.0,31,47632.65,0.0,31.424371143039707,2,5,1160,Crypto,Region_37,1
16.110569147644348,3.0,31.48868829377033,5,14,20.96663414885866,9,90,0,0,1.0,48,67002.71,0.0,25.75623182488368,3,3,298,Crypto,Region_17,0
12.305967988415953,1.0,25.025005276125384,1,11,20.24611935976832,2,71,0,0,2.0,19,61122.48,0.0,10.70710259895788,1,2,948,Crypto,Region_35,0
13.233516084252987,6.0,27.451371060185174,5,22,21.588021930110358,2,82,3,15,1.0,42,74627.03,0.0,60.46903081722075,0,2,438,Bank Transfer,Region_03,1
26.19891260155302,2.0,42.20347791238498,2,7,71.04795650406211,0,0,0,0,2.0,53,52391.54,7.64,25.0062710799711,1,5,1718,PayPal,Region_02,1
29.326432922588022,3.0,53.574833946054305,2,1,71.75958597535528,9,19,1,20,,25,68844.92,87.09,37.2477492974841,0,3,724,Credit Card,Region_03,0
14.838046378295797,1.0,26.6771073167118,1,16,20.296760927565916,0,93,3,0,1.0,18,64874.38,144.36,6.2707115995465506,0,7,1173,PayPal,Region_21,0
23.974551144930548,6.0,44.69120752758441,7,3,72.87694613739167,8,28,2,0,1.0,21,73560.59,21.31,33.821329796364395,4,4,1234,Credit Card,Region_37,1
18.73020311534157,4.0,34.36299806510579,5,11,71.49841624922732,9,7,3,5,3.0,23,41833.36,0.0,21.052798109296127,0,1,1286,Bank Transfer,Region_11,0
13.253575778260377,1.0,23.793706676287147,1,19,70.26507151556521,10,61,1,5,2.0,48,74326.86,0.0,31.951124094426547,0,2,663,Crypto,Region_01,0
26.677318022629734,3.0,47.35555364336078,3,12,21.600639081357784,0,13,0,10,,25,55278.15,0.0,23.97029302921286,4,2,1427,PayPal,Region_19,1
7.872297341969266,2.0,19.70433826567228,2,13,70.31489189367878,10,37,0,5,2.0,29,51064.01,213.72,17.63498952086394,2,3,269,Credit Card,Region_21,0
26.938034511350317,3.0,44.17939208283414,4,8,71.61628207068102,9,2,1,15,1.0,29,57730.17,76.0,21.902523851125917,2,4,790,Crypto,Region_28,1
18.433642033543148,,32.31470130655242,3,17,71.10601852201259,9,2,0,15,3.0,36,80907.08,194.0,24.236063734819187,2,3,1911,Crypto,Region_18,0
31.994855977025438,12.0,62.997594092675584,8,3,77.67876543448611,1,54,4,0,1.0,42,51761.05,190.64,19.18438204499358,0,4,1166,PayPal,Region_10,2
21.53755872519095,2.0,34.71232608518667,3,14,20.861502349007637,0,77,2,15,2.0,48,63282.27,0.0,30.09101898382528,2,6,1844,Credit Card,Region_37,0
11.74370779494448,1.0,17.338234392180134,3,24,20.23487415589889,9,20,2,5,1.0,21,69808.63,252.02,35.35310214485341,4,1,1375,Credit Card,Region_19,0
8.54112041545895,,19.04372147008516,3,17,70.51246722492753,2,34,0,50,3.0,37,72678.62,0.0,40.12471818995616,3,1,1765,PayPal,Region_14,0
18.15693952784122,2.0,25.562921946878983,3,10,20.72627758111365,2,43,2,15,1.0,45,45531.28,112.52,31.650475043754646,2,1,1360,Credit Card,Region_01,0
21.873641024174358,,42.67570945864631,2,9,20.874945640966974,1,43,1,0,5.0,52,62455.17,0.0,14.066720749148482,0,3,280,Crypto,Region_27,1
60.570377594653095,12.0,106.57850677414075,11,16,34.53689062271674,9,42,0,10,2.0,39,51772.03,56.11,6.50091283059136,0,3,1133,Crypto,Region_12,2
10.840580509305633,1.0,21.563047994352253,2,10,70.21681161018611,0,40,0,0,3.0,29,55278.47,82.91,41.707155855560124,5,1,216,PayPal,Region_37,0
11.894421903168135,1.0,15.306286590424513,1,13,70.23788843806337,10,26,2,0,2.0,18,32100.36,6.39,7.633851199424126,1,2,254,Credit Card,Region_25,0
29.887014300667985,6.0,59.72200707399422,6,13,73.58644171608016,0,91,1,0,3.0,38,36851.62,16.8,49.801096339079606,8,2,1562,Credit Card,Region_07,1
27.55981746770788,4.0,43.52147819242647,4,18,72.20478539741663,10,27,0,15,2.0,33,61764.16,102.38,28.23928087698471,4,1,1920,Credit Card,Region_30,1
5.4837396594176315,,13.495483154685008,5,6,70.43869917275342,10,4,0,0,1.0,38,58466.88,15.91,46.74634035730027,6,5,147,PayPal,Region_28,0
7.779581180979217,2.0,8.125934206882665,4,2,70.31118324723917,10,42,2,5,1.0,21,26415.4,41.31,17.455244684462308,1,1,1387,Crypto,Region_08,0
17.668157249116163,1.0,40.84418740385441,3,19,20.353363144982325,2,62,0,15,2.0,52,46072.59,0.0,62.34250869098874,4,7,434,Crypto,Region_23,0
23.26954361287851,7.0,41.52826959390568,6,10,23.25773610580299,8,38,1,10,,47,66746.88,18.6,20.47793711444287,2,2,1606,Bank Transfer,Region_12,1
9.879950275385879,3.0,27.5381959706795,4,14,70.59279701652315,9,9,1,5,1.0,23,35921.82,80.85,39.1955215667549,1,1,1018,Bank Transfer,Region_25,0
14.247342440190689,2.0,21.550778955289942,4,14,70.56989369760763,1,62,3,10,2.0,37,66772.96,0.0,5.782207612072483,1,2,867,Bank Transfer,Region_09,1
7.90982352757546,1.0,12.024428869391851,4,13,20.15819647055151,1,8,1,5,2.0,27,55902.56,10.86,44.84277018590059,1,4,1841,Credit Card,Region_32,0
10.927478104151872,3.0,25.723056606134215,3,23,20.655648686249112,10,83,0,15,2.0,43,34112.18,0.0,31.598141978745836,0,3,113,Credit Card,Region_17,1
11.69881684720012,1.0,13.926890216084637,3,15,70.233976336944,9,92,0,5,1.0,24,68833.64,50.36,48.81913778901202,1,6,334,Credit Card,Region_38,0
9.589080160501453,1.0,13.764011009552906,3,11,20.19178160321003,9,28,0,10,3.0,29,22466.89,0.0,12.106502863730292,0,6,1232,Crypto,Region_40,0
8.276042072994994,6.0,17.37221787983765,7,12,20.9931250487594,10,27,0,50,1.0,65,28630.84,7.8,21.932692015213163,0,1,414,Bank Transfer,Region_04,0
23.873060081455346,6.0,37.877605263137966,7,9,72.86476720977464,1,10,2,15,2.0,46,41349.61,59.58,41.89005847593768,1,2,342,Bank Transfer,Region_38,1
14.091732139866538,4.0,27.974204961854994,3,8,21.127338571189323,1,84,2,0,4.0,43,56958.91,0.0,20.491781249536288,1,1,698,PayPal,Region_30,0
28.142451697300114,3.0,51.5084349802488,3,18,71.68854710183801,0,98,0,15,3.0,37,63921.03,0.0,42.00884642248626,4,2,419,PayPal,Region_24,0
6.654189339458645,3.0,4.409312692314639,5,16,70.39925136036751,1,86,0,20,,37,36740.36,0.0,17.47088814425069,1,4,378,Bank Transfer,Region_02,0
19.3705218329173,3.0,39.705783239168476,4,5,71.16223130997504,10,92,0,0,1.0,27,46017.99,0.0,6.497635162898935,0,5,1107,Bank Transfer,Region_39,0
36.206571098117216,5.0,58.85966251063814,3,12,73.62065710981172,2,14,1,15,3.0,44,83531.57,0.0,28.6406029229012,4,1,1948,Credit Card,Region_09,1
179.63876929485625,4.0,36.19137395793881,3,18,71.43711015435885,1,80,4,95,3.0,20,50482.91,271.63,23.095391970219957,1,3,409,Crypto,Region_24,1
26.61019416974893,5.0,48.54072649676948,6,15,22.66101941697489,1,23,1,5,2.0,42,35404.25,50.35,15.87414330606019,1,5,174,Crypto,Region_24,1
10.144652306243188,1.0,15.985311827709028,3,10,70.20289304612487,2,34,2,10,1.0,22,89690.12,59.2,10.232554974344461,0,1,1903,PayPal,Region_15,0
26.424072509643175,9.0,42.03631789255329,6,4,24.756333051735773,2,60,0,0,1.0,38,59459.35,6.43,20.566202759079136,2,4,565,PayPal,Region_07,1
22.27917543920345,1.0,41.74886241760696,3,17,20.44558350878407,9,19,0,0,3.0,49,42779.11,0.0,37.16823635961831,0,2,193,PayPal,Region_20,0
15.521753522229574,1.0,23.5765323726256,2,3,20.31043507044459,10,57,0,5,1.0,41,51012.0,0.0,42.22056632056538,1,1,1949,PayPal,Region_36,0
14.931056151846667,3.0,32.91566845358688,3,14,70.8958633691108,10,62,1,15,4.0,40,18722.63,0.95,7.128913933474677,0,3,169,Bank Transfer,Region_15,0
10.256137142506205,1.0,24.683299903028168,2,11,20.205122742850126,1,99,1,5,2.0,30,39564.31,0.0,46.759833719276415,7,5,129,Bank Transfer,Region_40,0
13.549875160421825,2.0,32.59994539368927,2,19,20.541995006416872,2,74,0,10,1.0,48,49855.43,27.32,53.613754568502124,5,6,1057,Crypto,Region_23,1
22.56979969110952,4.0,42.030126629373676,4,5,21.805583975288762,0,93,0,10,1.0,32,55257.84,135.6,27.0916801721091,4,5,1728,Bank Transfer,Region_05,1
39.75132850079739,4.0,69.53084227394342,2,6,23.18010628006379,8,59,1,5,1.0,21,19517.69,0.0,39.48412043576617,5,1,823,Crypto,Region_18,1
6.613631232190053,4.0,10.42002331458881,4,18,70.5290904985752,2,38,0,0,1.0,27,59243.43,161.73,12.018326623579428,0,3,1358,Credit Card,Region_09,0
7.988190413629369,1.0,12.528304830521595,3,18,20.159763808272587,8,19,1,5,1.0,31,43497.61,0.0,19.911773184697005,2,4,1057,Bank Transfer,Region_22,0
12.813599841389136,2.0,24.304507406145984,2,19,70.51254399365557,1,85,0,0,3.0,53,72078.04,0.0,20.972248640181096,0,1,1985,Credit Card,Region_34,0
8.216448716233481,4.0,16.97264396716328,4,17,70.65731589729867,0,87,0,0,5.0,28,77966.7,0.0,26.485008755645207,4,6,1285,Credit Card,Region_01,0
8.872801808680718,2.0,22.128865085709784,2,16,70.35491207234723,10,57,3,20,2.0,49,79104.36,0.0,26.398207096412342,1,2,414,Credit Card,Region_30,0
10.283704626217801,4.0,18.6112854051722,5,19,70.82269637009742,0,63,1,10,3.0,33,49518.42,164.13,42.67457266318569,8,5,1813,Crypto,Region_19,0
7.055116077005101,1.0,5.683072285941389,1,8,20.141102321540103,10,13,0,20,1.0,33,55558.52,91.52,44.75286250069387,8,4,424,Crypto,Region_03,0
8.251139083256394,2.0,12.814945717552,4,10,20.330045563330255,9,35,0,15,1.0,43,43065.38,0.0,42.65111510104879,1,1,922,Bank Transfer,Region_28,0
32.50426029403303,4.0,66.28692742954208,2,3,72.60034082352264,10,12,7,0,2.0,54,38432.49,11.83,55.939901415154935,0,3,502,Credit Card,Region_10,1
26.497544997783784,10.0,39.91268814365074,8,0,75.29950899955676,10,0,0,0,3.0,33,41205.09,0.0,9.772493965088682,0,3,1192,PayPal,Region_09,2
23.59066649255382,10.0,46.15894948860378,8,14,74.71813329851076,9,90,1,50,3.0,31,65841.8,68.96,37.26578604306251,3,1,1838,PayPal,Region_28,2
19.067589486469807,4.0,32.36879550772845,4,18,71.52540715891759,1,12,1,5,2.0,22,53994.7,0.0,19.082038831000343,2,4,2012,Crypto,Region_11,1
16.32637994268115,1.0,24.97016234482847,1,14,20.326527598853623,2,34,0,15,2.0,41,29954.73,0.0,22.519011652426116,3,0,358,Crypto,Region_16,0
22.674280778547626,4.0,42.79176064694635,6,12,21.81394246228381,0,7,0,5,1.0,36,43657.51,0.0,40.7231627457523,3,1,97,Crypto,Region_23,1
20.372125486434456,7.0,44.47459100369585,5,11,22.852097568100824,1,17,0,15,3.0,25,63041.01,0.0,28.975117634654428,5,4,409,Crypto,Region_35,1
12.400583389024186,1.0,24.023270984159392,1,13,20.248011667780485,1,33,4,10,2.0,29,57341.7,213.15,48.910085252057826,8,3,1810,Crypto,Region_11,0
6.060043794414237,3.0,9.59535777973943,5,24,20.363602627664854,10,51,0,0,1.0,29,27476.95,9.3,46.64210550098893,5,6,108,Credit Card,Region_24,0
29.900711063744748,2.0,47.3410337167087,3,17,21.19602844254979,2,69,1,50,1.0,31,61988.64,0.0,18.946841953894918,1,2,969,PayPal,Region_35,1
14.201875204755995,3.0,25.06912956304711,2,9,20.85211251228536,0,57,3,5,1.0,32,58057.33,0.0,19.0010796463094,2,3,1959,Crypto,Region_21,0
10.3426550456653,4.0,11.956029980750333,4,19,70.82741240365323,10,26,2,5,2.0,30,33246.92,0.0,18.39701817812747,2,2,1271,PayPal,Region_14,0
18.217265617999548,1.0,31.241457005298034,2,17,20.36434531235999,10,17,0,5,1.0,24,61122.19,30.42,34.54407480788951,3,4,1203,PayPal,Region_27,0
7.76014919692982,1.0,13.652980312515657,1,18,20.155202983938597,0,56,1,20,1.0,29,59323.14,0.0,17.599873454585275,2,1,1555,Credit Card,Region_01,0
19.128198303785208,2.0,22.628049493261003,2,13,70.76512793215142,0,8,3,0,1.0,66,56259.85,199.97,55.771971180842684,9,0,766,Bank Transfer,Region_27,0
12.95908992002449,1.0,30.267972878983514,2,14,70.25918179840049,9,63,5,0,1.0,33,78749.54,0.0,22.502048414769494,2,6,1501,PayPal,Region_37,0
10.648073289966865,4.0,12.973924556338165,6,6,70.85184586319735,0,78,0,5,3.0,49,50115.08,10.75,42.13755859470928,0,1,1319,Crypto,Region_26,0
12.086033694767217,1.0,20.825064644727515,2,5,70.24172067389534,8,22,0,20,4.0,50,57950.92,0.0,38.26653060073817,3,4,368,PayPal,Region_38,0
23.50220140745358,3.0,44.97312876247903,3,14,71.41013208444721,10,58,4,5,5.0,34,52569.16,76.64,25.98381755981095,2,2,1045,Credit Card,Region_11,1
19.848196737875796,1.0,42.26950271907233,1,5,20.396963934757515,2,66,3,0,1.0,32,55847.73,0.0,28.970915931020468,5,5,75,Bank Transfer,Region_11,0
7.919502189672808,1.0,10.294338909546894,3,7,20.158390043793457,0,72,0,10,2.0,52,60809.21,140.05,32.741935572708535,3,4,183,Credit Card,Region_05,0
8.979931950062568,2.0,3.617951205248147,4,4,70.3591972780025,2,21,5,10,1.0,33,61046.25,117.51,17.835622515774766,1,6,314,Crypto,Region_05,0
67.66175874147302,14.0,127.18448431470787,12,21,88.94529244761245,2,49,0,5,5.0,24,76262.02,0.0,33.96635367032267,2,1,313,Bank Transfer,Region_16,2
9.600220106068818,4.0,11.032921758792826,4,16,20.768017608485504,8,22,0,0,,34,36214.3,193.41,22.537106739537336,2,4,1726,Bank Transfer,Region_14,0
17.46525067124753,1.0,33.2346674261642,1,13,20.34930501342495,0,83,1,0,4.0,48,76163.81,8.79,11.702505919144546,0,2,530,Bank Transfer,Region_33,0
48.41329147157465,8.0,89.2518731495126,8,17,27.746126635451944,2,51,1,5,1.0,32,42241.49,0.0,26.483334413242204,4,2,1999,Crypto,Region_24,1
20.890238432610975,4.0,21.342282015341823,4,8,71.67121907460887,10,6,0,15,1.0,43,52594.95,0.0,43.99317855038694,5,5,225,Crypto,Region_05,1
15.999299349586872,1.0,20.724554971534168,2,12,20.31998598699174,0,16,3,5,2.0,32,81752.86,3.68,14.192055440975896,0,2,1994,Credit Card,Region_31,0
15.46412905624785,7.0,25.531376267660455,7,16,72.1649780678747,8,2,0,0,1.0,27,68065.47,200.11,27.837121417036453,1,3,155,Credit Card,Region_35,1
16.475811229837,2.0,16.735820619010426,3,14,70.65903244919348,9,6,0,0,4.0,38,52509.56,6.82,44.14563143516287,7,1,967,PayPal,Region_17,0
13.194097815322184,3.0,17.059119686292867,3,9,70.79164586891933,9,76,1,0,2.0,29,48121.86,476.69,47.03328161327001,0,3,1463,PayPal,Region_12,0
14.720120698067435,3.0,27.11061005715472,3,13,70.88320724188405,9,40,0,5,1.0,73,40116.29,8.61,43.4215100286233,2,1,1754,Bank Transfer,Region_36,0
9.409983227523238,1.0,16.495551549085487,1,4,20.188199664550464,9,22,1,5,3.0,38,64991.45,176.41,9.224679188015276,0,3,662,PayPal,Region_39,0
12.623581769637283,2.0,24.235719338568472,3,13,70.50494327078549,1,36,0,10,2.0,61,64381.82,0.0,29.82937802600442,4,0,1462,Bank Transfer,Region_07,1
14.899100260097578,1.0,29.064485361819898,4,9,70.29798200520194,2,67,1,0,3.0,18,63997.3,0.0,9.410989232549255,0,0,1280,Crypto,Region_14,0
5.3368667989825065,1.0,1.1972124032704432,1,23,20.10673733597965,1,72,0,10,1.0,44,69492.33,0.0,48.83188701002545,0,1,1831,Crypto,Region_16,0
21.60791760048372,2.0,32.470010363807496,3,5,20.86431670401935,0,69,0,0,2.0,30,53335.7,0.0,47.77313410341105,3,1,1573,Crypto,Region_31,1
35.747228675471476,5.0,68.1518425634089,6,10,23.57472286754715,10,63,0,0,3.0,38,46239.74,142.82,24.479574522689052,3,0,745,Crypto,Region_21,1
13.154436713078384,2.0,31.299637288554493,4,10,70.52617746852313,9,17,4,0,1.0,23,47568.57,6.97,57.76867547169153,0,0,887,Bank Transfer,Region_36,0
53.481567290848304,5.0,91.42978087921588,4,12,75.34815672908483,0,34,2,15,1.0,44,36959.02,115.81,3.129195038274125,0,7,1245,Credit Card,Region_22,1
18.357600061297504,3.0,34.338208080820294,2,13,71.10145600367785,8,22,2,15,2.0,25,85215.13,33.99,36.613321294763544,4,3,1782,Bank Transfer,Region_26,0
18.8863727723153,3.0,38.03088545673702,3,9,71.13318236633891,2,94,2,0,2.0,24,57150.46,0.0,53.86037487770545,7,5,1379,Credit Card,Region_13,1
24.802026212255452,7.0,45.83142526800624,8,19,23.472283669715765,8,83,1,5,1.0,34,29993.16,80.72,8.64849711169892,0,2,1199,Crypto,Region_12,1
43.862148139633526,11.0,77.70803512423545,7,2,79.64967259071938,2,6,0,5,1.0,21,33691.23,0.0,5.595174195047429,1,2,1173,Bank Transfer,Region_37,2
6.469697121471858,2.0,8.44220484640438,2,18,70.25878788485888,8,60,0,0,1.0,27,86780.04,187.49,46.13239211155609,3,3,1213,Crypto,Region_20,0
8.363194182808812,2.0,24.98009555288357,2,14,20.334527767312352,8,75,1,10,1.0,39,62408.84,408.9,23.208136675978473,1,6,884,Crypto,Region_14,0
9.734688469251967,2.0,18.003484452288415,2,13,70.38938753877008,10,48,0,0,1.0,51,68332.54,136.4,7.362213041508653,1,4,679,Bank Transfer,Region_24,0
5.395211488941082,1.0,11.656090836180322,2,17,70.10790422977882,2,56,0,5,4.0,36,33435.05,119.7,46.869253347244076,1,1,1148,Bank Transfer,Region_13,0
12.41614183945338,,23.970655714750645,4,18,70.24832283678907,0,67,0,10,1.0,29,78862.25,0.0,44.16855094100144,2,3,114,PayPal,Region_10,0
40.46232370067588,11.0,68.77009062621254,8,12,78.90171121414869,8,11,0,5,3.0,18,37653.31,2.04,20.243002413650355,3,5,1307,Crypto,Region_08,2
6.239140543460152,1.0,11.484558094799802,2,20,70.1247828108692,2,14,0,10,,31,57015.95,0.0,24.80149878211577,2,4,566,Bank Transfer,Region_31,0
14.320400744770478,2.0,24.16550790119635,3,12,20.57281602979082,2,1,0,5,2.0,19,52366.58,28.74,43.87955010385035,5,6,872,PayPal,Region_27,0
32.666467657820974,1.0,57.09890382823333,2,4,70.65332935315642,8,46,1,0,2.0,25,54555.21,89.28,6.11760679197867,0,2,92,Bank Transfer,Region_31,1
133.40623673698687,7.0,25.597918317751457,5,12,21.867687314317816,0,74,0,95,3.0,28,55537.07,59.28,3.539733182425722,0,2,867,Credit Card,Region_01,0
21.549933483154078,9.0,34.21166540350064,7,16,23.878988026967733,9,55,2,0,3.0,32,41014.65,56.82,5.05402588643146,0,3,226,PayPal,Region_35,1
15.434061622919735,1.0,21.757368817236785,2,10,20.308681232458394,10,96,3,10,1.0,37,50438.25,59.85,16.56585977016318,3,1,752,PayPal,Region_17,0
15.99199275550694,1.0,31.299212261939594,3,6,20.31983985511014,1,13,3,15,1.0,33,35146.96,115.13,20.961801152301224,1,5,671,Bank Transfer,Region_22,0
13.776461230990657,2.0,22.139577252639832,3,15,70.55105844923963,9,26,0,10,2.0,48,86835.03,0.0,32.58864271126687,1,5,1786,PayPal,Region_31,0
8.759642554422344,4.0,14.042277996576537,3,16,20.700771404353787,8,3,2,5,1.0,27,50575.79,47.14,59.20412899211396,4,1,601,PayPal,Region_29,0
49.930912813223124,10.0,80.23166030041831,8,10,79.98618256264463,8,37,1,20,1.0,39,37670.39,494.09,56.57714877546564,3,2,654,Bank Transfer,Region_12,2
19.652258347357634,1.0,40.18947893612692,2,9,70.39304516694715,10,83,0,0,2.0,36,82029.82,339.07,13.275575912432785,0,5,662,Credit Card,Region_24,0
9.596019495040943,1.0,19.892916150652166,4,13,70.19192038990082,2,1,1,10,1.0,47,53232.49,17.11,9.626211006402048,0,1,411,Credit Card,Region_05,0
28.195876268930395,1.0,54.29292121063386,2,10,20.563917525378606,10,3,2,20,1.0,52,53827.13,0.0,13.067089433877374,1,4,1135,Crypto,Region_07,0
9.872445822111478,1.0,19.707030581789382,1,17,20.19744891644223,0,23,0,0,,21,49926.0,0.0,30.226835706920358,5,2,1016,PayPal,Region_18,0
24.85261069904463,3.0,37.15491448982901,3,8,21.491156641942677,10,8,2,10,1.0,24,51157.18,31.59,39.30265198457545,0,4,960,Crypto,Region_26,1
9.309224232894707,1.0,17.901598442606232,2,17,20.186184484657893,10,18,2,20,1.0,55,57779.34,165.18,51.042634479352934,5,5,572,Crypto,Region_16,0
26.824303788997078,5.0,45.23807930847,5,7,22.682430378899706,0,61,1,0,2.0,18,48214.9,0.0,34.20459595466876,6,1,143,Crypto,Region_07,1
22.267123829882838,6.0,35.26653736762142,6,18,72.67205485958594,8,71,3,0,1.0,44,57992.31,110.96,33.40871289620188,2,1,310,Crypto,Region_19,2
9.792171897163916,3.0,20.126150622123653,4,22,20.587530313829834,0,40,0,0,1.0,31,75101.25,133.16,17.369044620779388,1,6,1192,PayPal,Region_15,0
28.880063704612425,15.0,60.27665925206576,12,5,28.664019111383727,1,91,2,50,3.0,18,31354.42,51.53,9.141010394348935,0,3,1378,Credit Card,Region_05,2
12.860175158860978,2.0,30.615012380731468,3,6,20.51440700635444,10,76,1,0,1.0,31,26625.0,0.0,26.744631479669373,3,3,389,Credit Card,Region_09,0
18.13382448149528,3.0,35.75160915924459,3,16,71.08802946888972,0,71,2,0,2.0,39,53882.21,38.56,19.31267416688651,1,2,845,Crypto,Region_21,0
15.774622452270581,2.0,28.243179616791064,1,13,70.63098489809083,0,77,1,15,,28,76875.45,165.59,55.77620664576882,8,4,458,PayPal,Region_34,0
9.500422351362687,3.0,16.023048627858273,4,16,70.57002534108176,10,49,0,0,2.0,32,44739.47,111.77,26.8473041280053,2,2,1291,Crypto,Region_22,1
101.17258906987895,11.0,177.58814239356596,9,57,92.25796959537337,2,73,3,50,1.0,46,64511.97,66.38,22.33785821236775,0,0,489,Bank Transfer,Region_25,2
13.709814678714771,2.0,23.329000503153207,1,11,70.54839258714858,8,83,3,10,2.0,27,59570.93,124.41,9.31912409233181,0,1,372,Crypto,Region_02,0
17.98252303637816,3.0,36.91116126342141,6,9,71.0789513821827,0,64,0,50,4.0,43,66471.96,24.33,10.804695400990076,1,2,860,Bank Transfer,Region_13,1
12.97275212735437,2.0,32.46664948936255,3,14,70.51891008509418,8,75,2,0,1.0,40,56501.38,0.0,54.769986970991866,6,3,316,Credit Card,Region_14,0
13.072044325703349,1.0,19.447273251445836,2,6,70.26144088651407,0,98,0,0,1.0,51,45660.13,182.87,57.422544143572765,0,4,852,Bank Transfer,Region_02,0
9.330237902732991,3.0,6.819360801560888,3,13,70.55981427416398,0,83,0,0,3.0,41,54072.17,0.0,44.11951583931745,2,5,821,Credit Card,Region_33,0
48.38387838115126,11.0,84.43661110551075,10,7,30.644453243853278,0,75,1,0,,18,57797.8,110.76,9.206549570021211,1,6,639,PayPal,Region_18,2
19.24037787181409,1.0,39.15245073362104,1,8,70.38480755743628,2,11,0,0,4.0,40,55071.67,32.49,13.175263904126796,1,3,187,PayPal,Region_11,1
10.3631392042321,1.0,29.015037020913127,2,13,20.20726278408464,0,38,0,20,5.0,32,58307.38,0.0,36.08272140224191,6,1,67,Crypto,Region_40,0
9.258002805997345,1.0,23.214611084079237,1,16,20.185160056119948,9,28,2,0,1.0,49,62491.35,21.96,18.252662331743803,1,0,1067,Credit Card,Region_15,0
6.868402071830014,4.0,18.789549791185912,5,18,20.5494721657464,1,57,3,10,1.0,49,46174.2,0.0,37.852118292694804,6,7,1500,PayPal,Region_37,0
12.914291780686792,1.0,18.997923436862525,1,16,70.25828583561373,10,66,0,10,4.0,32,61975.28,4.59,5.084764229955304,0,6,850,Credit Card,Region_36,0
15.396185356408573,2.0,23.60618677379039,4,4,20.615847414256343,10,70,0,0,4.0,37,48851.67,0.0,37.687907745862155,7,2,1565,Bank Transfer,Region_18,0
30.143021542743593,5.0,47.63839059060743,5,16,23.01430215427436,0,86,1,0,1.0,36,61542.5,0.0,54.829280100089974,9,2,824,Crypto,Region_13,1
16.911098139663544,1.0,27.112577970767223,3,8,70.33822196279327,10,76,0,5,1.0,44,92680.92,36.72,15.516947093946884,2,2,81,Credit Card,Region_18,0
13.870108875477921,1.0,29.536684892916085,3,9,70.27740217750956,9,74,0,10,2.0,35,50589.69,0.0,48.92352293130185,8,3,266,Bank Transfer,Region_29,0
9.84446925679174,2.0,25.84248059689976,4,15,70.39377877027167,8,24,0,20,1.0,27,73278.69,56.87,9.404744915631793,1,2,1924,Crypto,Region_23,0
34.32471146932816,5.0,63.512067001205,4,8,23.432471146932816,2,83,4,5,4.0,40,49569.66,0.0,31.331689609694262,5,2,1557,Crypto,Region_03,1
14.253364499342492,7.0,24.380451298766893,7,14,71.99547102990795,8,48,3,20,3.0,27,32418.78,107.62,23.281777900865873,2,7,400,Crypto,Region_22,1
8.497155385835475,1.0,9.961255606136746,1,17,70.1699431077167,2,62,2,0,4.0,18,78123.84,59.73,60.99895918684409,4,5,1240,PayPal,Region_09,0
16.681827802800157,2.0,29.46471426497382,3,7,70.667273112112,8,26,0,10,1.0,32,37219.19,0.0,50.000847938789505,4,4,1911,Bank Transfer,Region_29,1
187.65544025290805,2.0,34.79361088377622,2,10,70.75062176101163,8,69,1,95,4.0,38,52526.91,164.38,64.92934441224885,5,4,834,Credit Card,Region_22,0
17.762960271998622,1.0,24.657968125731543,1,10,20.35525920543997,1,69,4,0,2.0,31,84767.79,506.75,17.815053354098843,1,3,1618,Credit Card,Region_39,0
14.804365371582405,3.0,31.255222311382273,3,17,70.88826192229494,1,57,1,15,1.0,18,34845.9,13.2,28.145834411928533,3,2,1826,Crypto,Region_04,0
18.704646072662083,2.0,31.548792949248455,2,8,20.748185842906484,1,8,0,5,1.0,36,63076.69,0.0,20.123282436999183,1,2,615,Credit Card,Region_32,0
8.57016415499882,1.0,19.73337468450388,2,12,20.171403283099977,8,84,2,50,2.0,26,67359.59,0.0,17.449344941635207,2,3,763,Bank Transfer,Region_31,0
51.38971462905198,8.0,92.44688652203864,7,9,28.222354340648316,10,81,0,0,,29,49631.91,129.01,33.900574299424946,2,4,1095,Crypto,Region_29,2
23.334436448936152,5.0,43.48806907252161,5,5,72.33344364489362,2,0,1,5,1.0,18,73355.85,0.0,8.349281690320112,0,7,36,Bank Transfer,Region_14,1
34.4239602753351,7.0,58.45338244519664,6,3,24.819354438546913,1,75,1,15,1.0,42,55463.87,11.8,17.95203930020445,2,5,1173,Credit Card,Region_07,1
11.633749423679602,1.0,19.217672533546036,2,9,70.23267498847359,2,64,0,10,4.0,25,57052.34,6.49,18.30041575565242,1,1,260,Bank Transfer,Region_10,0
10.44394980415827,4.0,22.009320264294672,4,21,20.835515984332662,2,91,0,5,3.0,33,45761.29,69.48,30.941276050675214,3,4,700,PayPal,Region_31,0
30.458448405821276,,54.16771595678643,4,13,71.82750690434928,0,23,10,5,3.0,47,54895.59,43.19,15.141781103136747,0,2,587,PayPal,Region_34,1
17.29586865432259,2.0,25.607693499294815,4,18,70.6918347461729,9,18,0,5,3.0,48,48023.48,74.82,14.35975285860497,1,2,116,Crypto,Region_40,0
9.324654576053193,1.0,17.34224851215715,3,9,70.18649309152106,8,13,0,0,,19,66522.72,0.0,38.072211114370596,6,5,148,PayPal,Region_13,0
11.888478424160247,1.0,23.327636247680452,2,3,70.2377695684832,9,13,2,5,4.0,33,66168.99,0.0,32.1685833264471,1,7,1673,PayPal,Region_21,0
16.06469081559198,5.0,35.78088609642572,5,13,21.606469081559197,8,89,1,10,3.0,43,28497.68,364.91,13.709940677795544,0,4,781,Bank Transfer,Region_04,1
4.485166385338131,2.0,13.836065836905995,3,25,70.17940665541353,2,79,3,0,1.0,20,53778.66,27.59,13.075140305908924,2,4,590,Crypto,Region_04,0
13.199564710423113,3.0,23.436038746992264,3,10,70.79197388262538,9,87,2,20,2.0,45,38352.98,0.0,49.79509118775925,3,2,505,PayPal,Region_22,0
31.298248656113554,7.0,53.60017175768317,7,10,74.3817548118559,0,31,0,0,2.0,37,29478.28,0.0,29.10100639710167,2,7,1523,Credit Card,Region_15,1
13.528880864332747,7.0,23.21047855899049,5,4,71.89404332100658,9,5,1,5,2.0,30,42094.68,162.7,59.360238054692815,9,5,617,Crypto,Region_05,0
5.585507589970677,2.0,7.435246125057602,1,16,70.22342030359883,10,93,1,5,1.0,28,46798.81,60.6,32.67790387363698,0,3,1134,Credit Card,Region_18,0
10.587353554620046,3.0,21.588042526835817,3,13,20.635241213277205,9,22,4,0,4.0,52,37662.26,76.03,16.245322365253262,3,4,73,PayPal,Region_03,0
5.016140914706447,1.0,14.237379259549854,4,5,20.100322818294128,0,18,0,0,3.0,32,60206.35,0.0,21.59931151233701,0,3,572,PayPal,Region_36,0
42.431051591678084,5.0,82.57506466149101,5,6,74.24310515916781,0,88,0,15,1.0,31,69710.71,15.45,22.064357811677567,0,3,1542,Credit Card,Region_22,1
7.889858236081005,,12.140712562457484,4,9,20.47339149416486,1,88,3,0,1.0,44,68163.84,31.2,43.17795876993341,6,4,631,Crypto,Region_13,0
20.12899763413941,3.0,33.672063744380345,3,3,71.20773985804837,10,1,0,0,1.0,28,48772.2,0.0,51.662536456403174,1,5,1757,Bank Transfer,Region_33,0
35.814321577465996,6.0,62.36380671664564,6,6,24.29771858929592,8,73,0,10,1.0,43,63129.23,0.0,25.192069640302332,0,2,1024,Crypto,Region_25,1
17.111724280081337,4.0,21.140918953715612,4,14,21.368937942406507,2,40,3,50,1.0,34,44545.81,0.0,58.50293915909932,1,6,646,Credit Card,Region_20,1
15.593996797078404,3.0,22.05513244200654,4,8,70.9356398078247,9,52,0,20,2.0,39,77686.31,39.01,21.75021949081743,2,4,1273,Credit Card,Region_14,1
14.01527892843364,2.0,25.054737041487133,4,18,70.56061115713734,9,26,1,10,1.0,38,61811.38,0.0,49.46552129529828,8,5,1303,PayPal,Region_09,0
8.690846845692032,2.0,17.539883024465507,2,12,20.347633873827682,2,7,1,0,,43,65546.3,33.19,8.269579927668257,0,1,600,PayPal,Region_12,0
46.571737087295546,10.0,86.28499204654472,9,14,29.31434741745911,0,42,0,0,1.0,49,46979.52,357.3,38.66637188416915,3,1,158,PayPal,Region_08,2
20.223978678106626,4.0,32.50068951123926,4,13,21.61791829424853,0,32,0,20,4.0,18,49042.45,59.12,14.624536652079131,1,2,390,Credit Card,Region_20,1
5.974716411697244,3.0,8.29893880195827,3,23,70.35848298470184,9,42,2,50,2.0,66,60027.95,0.0,26.971246622805577,1,3,991,PayPal,Region_04,0
4.991880998543611,4.0,7.6378667641811955,3,12,20.399350479883488,9,82,0,10,2.0,32,65096.16,114.11,28.060213534143664,1,2,1077,Bank Transfer,Region_36,0
13.338754887975181,1.0,22.104129304177533,2,14,20.266775097759503,2,29,2,20,2.0,26,53420.3,0.0,48.98121710697314,8,5,313,PayPal,Region_28,0
35.70807670624523,18.0,67.71462667456473,14,5,82.85490761424828,2,33,0,15,4.0,34,34726.57,0.0,51.27854806700298,7,1,1831,Crypto,Region_18,2
9.7646046124691,2.0,11.035417752634736,4,22,70.39058418449876,10,77,0,0,2.0,34,48692.18,0.0,12.918659178049435,2,3,139,PayPal,Region_11,0
16.092374651063366,1.0,23.21979634669935,1,6,70.32184749302127,8,99,1,0,2.0,65,31034.27,0.0,25.923560642827976,4,3,130,PayPal,Region_01,0
19.479778171566757,2.0,33.57142423058293,4,13,20.77919112686267,0,19,0,0,2.0,35,29417.35,127.96,7.875599983194172,0,6,160,Credit Card,Region_03,0
21.998672518184925,7.0,32.76959201604449,5,18,23.07981415254589,1,86,0,5,5.0,35,56675.87,0.0,8.507349772835951,0,3,1103,PayPal,Region_04,1
21.407910799263245,5.0,29.03188804389054,6,4,22.140791079926323,10,61,2,0,2.0,20,43444.55,36.51,66.89331604982881,6,4,370,PayPal,Region_13,1
14.880583066971568,1.0,19.31766372245005,1,15,70.29761166133943,1,78,0,5,3.0,25,79468.76,49.9,38.36444860382764,2,4,1029,Crypto,Region_38,0
14.256682898596075,4.0,24.448456275229105,5,7,21.140534631887686,10,1,0,0,1.0,42,40026.28,0.0,49.081204402428,4,3,1324,Crypto,Region_19,1
48.874765576196886,6.0,91.12723211878178,6,25,25.864971869143627,2,87,0,10,3.0,37,47328.62,45.17,26.87392174777395,0,6,1699,Bank Transfer,Region_09,2
15.191778429620957,1.0,30.602033845281852,1,2,20.30383556859242,8,87,0,0,2.0,31,75577.19,60.31,63.84050536861773,6,4,394,Credit Card,Region_30,0
15.99205575091107,4.0,36.72527751433539,6,4,71.27936446007288,9,94,0,0,1.0,25,68672.88,0.0,54.37021309912764,4,4,1207,Credit Card,Region_34,0
5.614198969632867,1.0,10.613883733193465,3,10,70.11228397939266,2,79,1,5,,35,69822.48,0.0,30.363660096367273,4,4,362,Bank Transfer,Region_24,0
18.091783629311134,7.0,33.74621309440418,7,5,72.53284970810356,2,67,0,0,2.0,29,49979.39,144.1,12.392277385393829,0,1,1805,PayPal,Region_37,1
8.57365988212362,1.0,14.180552602680795,2,17,20.171473197642474,10,97,0,0,1.0,33,30322.58,32.1,17.098775168421355,2,1,525,Crypto,Region_31,0
25.532567183591425,5.0,44.94948860178452,6,19,72.55325671835914,2,78,0,20,2.0,23,62783.23,5.43,23.82200632996271,4,3,1375,Bank Transfer,Region_23,1
29.73419802065596,6.0,63.92428309515679,4,15,73.56810376247871,1,82,0,20,3.0,31,68686.41,154.54,12.437464016106036,0,3,1106,Crypto,Region_16,1
22.16876160398245,1.0,41.21052807344357,1,11,20.44337523207965,2,18,0,0,1.0,34,52457.99,0.0,28.95638544077202,3,5,1865,Credit Card,Region_17,0
36.67201051608243,3.0,67.75099027441898,2,10,72.20032063096495,8,34,1,0,3.0,22,89094.73,0.0,7.957987636447972,1,2,1555,Crypto,Region_08,2
9.983872096286927,3.0,12.245398258731637,3,10,20.599032325777216,1,19,0,5,1.0,44,59379.24,0.0,14.245591064861806,0,4,1908,PayPal,Region_08,0
19.295440173402906,1.0,36.78390368665057,1,13,70.38590880346806,8,40,3,0,2.0,29,56081.86,0.0,64.83311653149796,1,3,91,PayPal,Region_34,0
27.622503243073094,4.0,53.012165734148894,4,9,72.20980025944584,10,28,2,20,1.0,35,56081.53,48.04,5.972309605537347,0,2,1754,PayPal,Region_12,1
40.73389734750121,6.0,78.8725658651915,5,12,24.888067681700146,1,14,2,5,1.0,39,43208.39,81.99,16.991981493567465,1,4,614,Bank Transfer,Region_18,1
13.673931380106607,6.0,27.7634991086994,5,8,21.640871765612793,10,83,2,0,3.0,29,47369.43,1.27,8.30666597877181,0,2,805,Bank Transfer,Region_36,0
15.442961798293975,4.0,27.16364009650924,2,6,71.23543694386352,8,31,4,50,2.0,36,31849.53,29.71,48.50684709772596,0,2,1796,Credit Card,Region_32,1
26.225931103854663,,46.35955942262235,9,10,25.769704842848025,0,12,0,0,3.0,56,55680.3,207.57,23.57376431003841,4,9,1753,PayPal,Region_30,2
6.549541848300579,1.0,11.428771933096527,2,15,70.130990836966,0,6,5,0,1.0,32,48545.04,0.0,24.223307181169684,1,5,94,PayPal,Region_21,0
58.25446453598606,5.0,105.39397138257944,4,15,75.8254464535986,1,53,3,0,4.0,36,53674.82,0.0,55.93269492344169,8,5,1894,Bank Transfer,Region_28,2
19.59821967562819,1.0,41.61504762016164,4,7,20.391964393512563,0,15,0,0,1.0,31,56684.53,32.84,31.021943953526648,0,2,769,PayPal,Region_10,0
25.52720781663851,3.0,51.31217181595535,3,12,21.53163246899831,9,9,2,15,1.0,23,31539.53,191.44,24.525084777491337,3,3,1267,Credit Card,Region_18,0
17.068627560994145,5.0,34.488084378418364,5,13,21.706862756099415,10,55,3,15,3.0,38,86946.53,0.0,49.63842025019839,0,3,117,Credit Card,Region_03,0
39.06142593341403,6.0,80.45661658249675,6,20,24.687371112009682,8,65,0,0,5.0,42,44083.01,238.55,41.14430362029794,3,1,1761,Bank Transfer,Region_21,1
19.45284762763749,4.0,21.733933853363354,3,18,71.556227810211,1,37,3,0,3.0,45,45139.29,0.0,23.617913595050556,1,2,1201,Crypto,Region_31,1
7.670897886823012,2.0,11.507323324651269,3,9,70.30683591547292,10,52,0,5,1.0,26,48428.32,129.96,61.928112577440096,4,3,243,Credit Card,Region_35,0
17.116308679786933,2.0,30.752992528044565,4,10,20.684652347191477,0,81,2,0,1.0,44,53158.33,0.0,17.907993579050167,2,2,502,Crypto,Region_03,0
28.99351838081152,5.0,48.82718571565587,5,3,22.899351838081152,1,33,0,10,3.0,33,65617.08,91.08,16.145648839858488,1,2,1102,Credit Card,Region_20,1
12.717484128844271,2.0,18.24271780865773,2,3,20.50869936515377,9,84,0,15,4.0,38,60248.05,0.0,8.17621244801133,0,5,1098,PayPal,Region_37,0
28.64413162259036,5.0,42.973638718846615,5,20,22.864413162259037,1,84,5,0,1.0,43,41704.6,13.15,17.178699069335167,2,5,931,PayPal,Region_03,1
27.91807121591368,7.0,48.69588512822331,7,17,73.90852997022792,1,0,0,20,1.0,28,83209.47,98.55,52.055487105618695,5,3,823,Crypto,Region_33,1
20.359074705021772,7.0,41.11646973824835,4,7,22.850270458703047,10,78,2,0,1.0,30,56097.66,0.0,33.53553046620289,4,4,1752,Bank Transfer,Region_31,0
75.03796863682555,,138.93802525780737,4,36,77.50379686368255,2,73,2,20,2.0,46,31347.08,16.99,69.42526599112895,5,7,1069,Crypto,Region_12,2
15.145268015211778,2.0,23.500832996177692,5,19,20.60581072060847,2,58,2,0,1.0,19,60766.28,46.32,7.0925260586330445,0,3,1603,Bank Transfer,Region_03,0
62.69747332783181,9.0,113.95667738275569,8,11,81.28554519900973,2,98,2,20,1.0,27,50464.06,0.0,35.56830893830119,1,1,1356,Credit Card,Region_05,2
30.133123673558046,7.0,61.02762168848494,8,14,24.218637314298128,2,24,3,15,3.0,30,57028.84,238.89,16.528677089067102,3,4,209,Bank Transfer,Region_11,1
20.39994300933364,6.0,29.119562190074394,7,8,72.44799316112004,8,31,1,0,1.0,43,79892.43,40.81,12.937610788732771,1,1,1633,Crypto,Region_06,1
16.487885019306514,3.0,28.884013132889077,4,13,70.98927310115839,9,30,0,0,4.0,36,76863.59,5.25,45.79610182382062,0,6,1670,Crypto,Region_08,0
14.044094293840692,6.0,26.711851182957943,5,27,21.685291315260883,1,73,3,10,3.0,43,33579.64,327.76,42.99977545139281,5,2,1782,Bank Transfer,Region_39,1
18.57017169072662,1.0,33.47638574349187,3,19,70.37140343381454,10,2,0,15,1.0,41,19660.8,0.0,5.3984190122754026,0,6,1450,Bank Transfer,Region_18,0
7.5548581816579965,4.0,17.851911697071365,6,14,70.60438865453264,9,85,1,10,2.0,46,60609.82,25.8,65.78558075416868,3,2,463,Credit Card,Region_21,0
136.57943786232403,2.0,17.095168666908997,4,19,20.546317751449298,1,65,2,95,4.0,28,47642.19,72.45,38.675296049871044,6,1,1794,Credit Card,Region_32,0
8.687962237151037,1.0,10.6092387228848,2,4,20.17375924474302,10,86,3,0,2.0,30,49252.2,0.0,30.77648608116055,5,2,1155,Crypto,Region_03,0
15.20091454125019,2.0,30.77185288773032,3,14,20.60803658165001,2,40,4,0,2.0,63,25064.53,311.58,45.26405686977468,7,2,1051,Credit Card,Region_12,0
24.201870162740796,7.0,35.05224598745836,7,12,23.38826182278371,8,61,1,0,1.0,55,55427.07,72.61,92.723907707324,10,4,1639,Credit Card,Region_24,1
12.962980181101731,6.0,27.392203531149498,5,16,71.5555576217322,1,52,1,10,,43,54826.82,0.0,50.03438243072026,4,4,225,Bank Transfer,Region_19,1
144.15151665582786,1.0,28.196363779208582,3,9,20.288303033311657,1,87,1,95,2.0,27,43264.32,0.0,40.8870944582945,2,3,888,PayPal,Region_23,0
19.469160274727116,6.0,38.754087193035616,5,13,72.33629923296725,0,95,0,15,2.0,39,29377.59,0.0,39.928857387964584,6,2,550,Crypto,Region_07,1
17.330339404403986,1.0,28.848162664128658,2,15,70.34660678808808,8,32,0,10,3.0,34,45043.47,30.7,30.934739508379096,3,2,1509,Credit Card,Region_24,0
24.545542646459463,5.0,46.73116894719429,4,0,22.454554264645946,8,90,0,5,5.0,39,71890.43,0.0,25.702653903655598,2,6,1454,Crypto,Region_20,1
28.73650869019243,6.0,45.864277791592436,5,8,23.44838104282309,8,12,5,0,3.0,36,48097.55,0.0,70.6393516368631,3,1,276,Bank Transfer,Region_30,1
8.305952429891367,1.0,12.878189661472863,2,10,70.16611904859782,9,38,2,5,4.0,25,28953.49,0.0,38.13223798638695,2,4,611,PayPal,Region_27,0
19.380494215030968,6.0,35.06658428844341,7,14,22.32565930580372,2,28,0,5,2.0,37,84869.58,23.66,18.053641620787566,0,9,1907,Bank Transfer,Region_27,1
10.140573406812985,1.0,13.759285009478827,1,20,70.20281146813626,0,24,0,0,1.0,31,29146.75,211.9,7.28024060171636,0,2,324,PayPal,Region_01,0
17.16171433594643,2.0,31.981620144874885,3,8,20.686468573437857,9,18,0,50,2.0,20,55528.41,173.57,18.943597967592833,2,5,1607,Bank Transfer,Region_07,0
47.987993064271556,3.0,80.65735137172247,3,7,72.87927958385629,10,64,0,20,2.0,37,41597.27,1.5,33.09803560075937,1,3,1840,PayPal,Region_17,1
8.82802481473387,1.0,17.233698715696022,2,15,20.176560496294677,2,98,2,0,1.0,41,53018.61,302.63,71.2406117391817,4,2,350,PayPal,Region_31,0
18.74148016338106,5.0,42.443915816022304,5,5,71.87414801633811,1,15,6,0,1.0,30,42179.7,87.15,7.347643078347192,0,2,526,Bank Transfer,Region_37,0
5.11475261136656,1.0,2.923226507373016,1,15,20.10229505222733,0,71,0,0,3.0,33,59433.37,63.72,56.568330171410196,2,4,1895,Credit Card,Region_13,0
15.215645985011236,11.0,27.275362191640596,8,10,23.34744211670247,9,70,0,50,2.0,41,57795.96,43.94,14.285579669195966,1,8,510,Credit Card,Region_11,1
8.301934978114295,1.0,6.853677670379993,1,17,20.166038699562286,0,84,4,5,5.0,40,65577.35,47.13,16.637836259758263,1,5,421,Credit Card,Region_28,0
7.092206635605582,1.0,8.601201853637964,1,16,20.141844132712112,2,74,1,20,4.0,18,90257.81,0.0,25.31892781872252,2,4,1863,PayPal,Region_08,0
13.021015694720463,7.0,26.94757410919406,6,13,21.822942197260865,10,89,0,0,2.0,44,64712.6,23.64,27.681593038006614,2,5,719,Crypto,Region_15,1
28.9392719844397,4.0,49.93754656304079,5,18,22.315141758755175,10,59,0,15,1.0,24,68505.7,14.1,31.514444878156446,0,2,503,Crypto,Region_18,1
11.182755686133529,3.0,23.84101092888267,3,14,20.67096534116801,9,78,1,15,1.0,24,45038.5,0.0,56.44277474074725,7,2,234,Bank Transfer,Region_04,0
14.179002301062212,1.0,27.30162093529577,2,10,70.28358004602124,10,56,0,10,1.0,49,71971.78,60.36,21.69433100814675,4,4,616,Credit Card,Region_15,0
16.057709460194022,1.0,28.58128567164928,2,10,70.32115418920388,9,44,0,0,2.0,37,50919.54,0.0,32.720700296451675,1,2,1116,Crypto,Region_07,0
13.548106519041882,3.0,19.239528760658054,4,8,70.81288639114251,0,51,5,50,3.0,46,56410.03,67.86,25.872537048490063,1,3,1953,Credit Card,Region_24,0
15.848981989362917,2.0,31.95560867334094,2,6,20.633959279574515,1,5,0,0,3.0,35,51262.24,49.83,46.81384808344803,7,3,1738,Bank Transfer,Region_15,0
23.859610341544865,9.0,44.467967257038225,8,3,24.294729861478075,1,59,1,10,1.0,25,47252.7,0.0,27.315581829483655,1,3,603,Crypto,Region_03,1
15.25950587121471,,19.826908528139704,7,17,71.83114070454576,1,36,0,15,2.0,44,57544.55,86.13,20.213061885796158,1,3,1561,Credit Card,Region_23,1
37.45445540558017,6.0,62.59539176362771,6,6,24.49453464866962,2,53,0,15,2.0,35,30953.07,0.0,55.89051054202098,2,1,1359,Bank Transfer,Region_07,1
9.624915942486426,1.0,3.4797042887187377,4,15,70.19249831884973,0,3,2,15,1.0,55,43521.66,170.21,45.33269978007888,5,2,886,Crypto,Region_02,0
16.873789156495686,6.0,23.54468645027344,4,10,72.02485469877948,10,82,0,50,4.0,43,61799.47,0.0,47.70101890283172,4,0,42,Credit Card,Region_33,1
11.34563229087889,6.0,18.855256818480132,5,13,21.361475874905466,2,46,1,0,1.0,34,69419.48,103.26,2.593151886033893,0,2,1281,Crypto,Region_18,0
31.02755349951879,11.0,50.57031809739536,10,15,26.82606176989413,2,84,0,5,2.0,29,57249.74,48.73,16.886204248845868,0,0,1925,Bank Transfer,Region_35,2
20.759995617700223,5.0,33.20965913159197,7,11,72.07599956177002,10,36,0,50,2.0,21,74165.13,92.17,16.19506055158872,3,3,1830,Bank Transfer,Region_39,1
13.979913769105663,1.0,32.11669557226908,3,7,70.27959827538211,1,81,0,20,2.0,48,75476.3,97.25,9.80619913882171,0,4,1377,Bank Transfer,Region_15,0
28.200415043727855,3.0,55.90481369890047,3,7,71.69202490262367,1,41,1,50,5.0,32,44230.83,113.15,39.519583927959054,2,6,133,PayPal,Region_01,1
8.506818117486445,3.0,11.83893167267259,3,18,20.510409087049187,1,47,6,5,3.0,28,76272.01,0.0,49.4695355434771,3,2,149,Bank Transfer,Region_26,0
20.18455788300932,,40.29989236142936,6,13,72.42214694596112,10,99,1,10,3.0,49,52256.53,54.08,16.233087743067866,2,4,709,Bank Transfer,Region_33,1
18.722634667059086,2.0,39.77510666522723,3,15,20.748905386682363,0,60,3,0,3.0,33,31274.25,241.61,20.380161973252626,3,0,820,Crypto,Region_05,0
14.858321030823891,2.0,29.837720313411783,2,11,20.594332841232955,0,61,1,5,2.0,29,38896.95,11.72,45.98632437780873,0,3,616,Credit Card,Region_25,0
56.2623749353736,10.0,102.76691229888196,8,9,81.25247498707472,10,54,1,0,1.0,36,52705.51,14.11,12.310072239266592,2,4,957,Crypto,Region_24,1
19.53194381232168,4.0,40.64911425077105,4,13,71.56255550498574,1,36,3,10,3.0,30,75298.14,466.85,32.15877548687896,6,5,594,Credit Card,Region_32,0
38.772732440768195,5.0,73.63850829316982,4,12,23.877273244076818,2,14,0,20,2.0,42,36830.3,0.0,35.62928903064619,6,3,1219,Credit Card,Region_09,1
6.992600928541369,1.0,6.52121035358741,3,16,20.139852018570828,0,58,1,0,1.0,47,47745.7,61.37,24.459044428226026,4,6,1378,Crypto,Region_25,0
33.29955856703604,4.0,58.994544150970036,4,3,72.66396468536288,9,62,1,5,1.0,32,80879.74,12.78,3.750471229370948,0,4,735,Crypto,Region_37,1
24.01688871483709,4.0,40.47005428140903,4,7,21.921351097186967,2,65,0,10,2.0,22,53124.88,103.26,17.059270931848786,1,2,1175,Bank Transfer,Region_26,1
9.772841651592103,3.0,23.353482392501178,5,9,20.586370499095526,10,41,0,10,4.0,47,60386.59,149.44,35.423522998848824,5,1,493,Credit Card,Region_01,0
13.029371253513814,1.0,20.55075800239774,2,14,70.26058742507027,2,30,1,0,2.0,39,51731.04,75.76,20.14634890893577,1,1,286,PayPal,Region_14,0
17.780184624190625,3.0,28.243407466993904,5,13,71.06681107745143,8,5,1,0,4.0,33,53460.2,5.05,27.34444276649325,2,0,769,Crypto,Region_30,0
14.88468208858177,3.0,31.925838131805385,3,12,70.8930809253149,0,18,0,20,3.0,31,44748.41,71.47,57.26242118293655,0,0,221,PayPal,Region_28,0
8.572937843974017,1.0,16.72964319881208,3,19,70.17145875687947,9,37,1,0,2.0,39,37016.38,16.57,7.587030212023471,0,0,665,Bank Transfer,Region_39,0
33.01571187018838,,69.98719311949729,7,17,74.62219966182637,0,78,0,0,1.0,47,61648.66,56.65,9.772955617734594,0,4,83,Crypto,Region_27,1
34.63847239151158,14.0,58.03804269068856,10,11,79.69877226962325,2,32,2,50,4.0,25,62383.74,0.0,29.898337925594088,2,3,1382,Crypto,Region_09,2
26.7537124686105,6.0,45.56250279616891,6,13,73.21044549623326,10,89,2,5,2.0,46,66909.58,14.01,53.23145149366688,5,4,1196,Credit Card,Region_32,1
21.729265076465854,4.0,44.72251582477766,4,7,71.73834120611727,0,52,1,20,2.0,42,80517.44,0.0,19.495411311769285,2,6,1742,Crypto,Region_34,1
22.47612195636099,5.0,34.06151766514468,5,6,72.2476121956361,2,29,0,20,,18,50773.16,0.0,38.37533263998416,0,3,1700,Bank Transfer,Region_04,1
33.33130981796245,2.0,66.59481946196185,3,15,71.33325239271849,9,74,2,50,1.0,50,49926.81,85.04,62.13288847194648,7,4,1282,Bank Transfer,Region_18,1
8.03592819963274,1.0,8.427393848416074,1,10,70.16071856399266,2,64,0,0,1.0,30,47895.55,0.0,29.919415279595786,1,5,1272,Credit Card,Region_40,0
97.32715443089762,8.0,178.2399957916709,7,58,85.57234470894362,10,13,0,0,3.0,36,59161.53,249.88,21.303900990083417,3,2,1812,Crypto,Region_16,2
11.840970242815565,6.0,12.098491304741628,7,21,21.42091642913787,1,9,1,0,4.0,29,48319.23,0.0,27.689840720666343,4,5,55,PayPal,Region_06,1
9.592033658126574,2.0,17.4913097845694,4,17,20.383681346325062,10,16,1,10,1.0,30,61570.34,0.0,9.814265043691304,0,3,1285,Credit Card,Region_30,0
14.12695615052641,3.0,18.580868624023395,4,12,20.847617369031585,2,74,0,0,4.0,43,21388.32,70.15,8.503107111896107,1,4,643,Crypto,Region_11,0
15.390118791610604,1.0,37.333590009956524,2,5,20.30780237583221,1,14,1,5,1.0,32,87311.53,70.64,13.788414335057746,1,8,1095,Crypto,Region_39,0
11.702584464025742,1.0,15.706499471268762,4,14,20.234051689280516,9,75,0,15,2.0,21,44018.64,19.87,24.750033272176395,0,3,1904,Bank Transfer,Region_03,0
23.975769562617064,3.0,39.01210016780651,5,15,21.438546173757025,9,2,2,0,1.0,53,31260.14,0.0,22.629612569478613,0,1,282,Crypto,Region_37,1
14.356747404955764,1.0,28.519275110434737,2,11,70.28713494809911,2,21,7,0,4.0,54,76278.93,101.54,30.428851376803433,3,3,220,Crypto,Region_02,0
11.106963000778038,3.0,16.987745256916774,4,18,20.666417780046682,1,55,1,10,1.0,43,57641.43,69.42,25.884164946069838,2,1,277,Bank Transfer,Region_07,0
78.04397915962547,11.0,143.97892927242185,9,34,37.1696754151176,2,58,0,0,1.0,21,47848.88,0.0,27.418090442222464,3,1,712,PayPal,Region_08,2
17.043001422230592,4.0,27.12295166668613,5,13,71.36344011377845,9,25,0,15,3.0,41,71437.23,57.77,17.920369145059873,1,4,568,PayPal,Region_31,0
17.27274352706458,4.0,27.15118356570347,5,10,21.381819482165167,1,49,0,10,2.0,25,41769.42,103.05,30.105845174297873,0,5,135,PayPal,Region_01,0
8.27746954061558,1.0,14.761651642705308,3,7,20.165549390812313,8,86,1,0,1.0,52,74271.34,0.0,61.72333938554151,5,3,471,Crypto,Region_11,0
23.765730076095522,4.0,36.69366160217123,4,8,21.901258406087642,8,79,1,0,3.0,25,35167.84,0.0,61.63435672644033,10,6,1039,Bank Transfer,Region_38,1
39.639005486494966,6.0,73.33204169902835,4,8,24.756680658379395,9,60,4,0,2.0,42,70115.02,186.09,12.804939574679574,0,1,1767,Credit Card,Region_05,2
8.147893680372128,3.0,19.05270122401861,4,17,70.48887362082233,10,54,0,5,1.0,43,56270.24,59.59,32.0886429369024,1,1,1138,Crypto,Region_31,0
28.33409000652656,2.0,53.76634521171,4,9,71.13336360026106,1,63,4,0,3.0,29,63435.89,0.0,19.428207096711688,1,1,1513,Bank Transfer,Region_19,1
9.825113372633362,2.0,20.901608427631324,2,19,70.39300453490533,2,2,2,5,,46,41511.57,17.3,87.30318944923584,1,1,1052,Bank Transfer,Region_34,0
58.099759936073454,6.0,94.95529178510554,6,19,76.97197119232881,10,29,0,0,3.0,47,33624.87,61.97,49.521922873204375,3,3,1626,Credit Card,Region_11,2
15.989357982351745,4.0,26.472605638937853,6,9,21.27914863858814,10,57,0,0,3.0,51,86548.73,0.0,24.707727357952834,3,2,1995,Bank Transfer,Region_11,1
48.7944338126154,5.0,86.69465503448917,4,9,74.87944338126154,9,12,1,20,1.0,49,78581.18,0.0,62.00082715727255,0,2,1943,PayPal,Region_37,1
8.511914914165866,2.0,22.593710204476555,3,11,70.34047659656663,9,71,1,0,,33,49233.32,0.0,35.50807084408342,6,5,1023,Crypto,Region_08,0
48.799542356774246,,84.93263930049385,11,14,80.73589931849034,0,23,4,50,3.0,30,58189.45,0.0,18.962020982126553,1,2,1127,PayPal,Region_26,2
33.674595965018916,1.0,49.10560027308324,2,8,20.67349191930038,10,68,0,15,1.0,41,48719.09,26.71,50.38165053429715,6,4,1004,Crypto,Region_06,1
9.696294749237648,3.0,12.433483013643638,3,8,20.581777684954258,10,6,1,0,1.0,34,44108.18,0.0,57.165296559409654,4,1,1447,Crypto,Region_32,0
34.500970613740634,4.0,58.79578101779419,4,15,22.76007764909925,2,50,2,10,1.0,35,45430.42,0.0,17.68598347256544,0,3,432,Bank Transfer,Region_29,1
7.450838384408502,,2.6290984222970355,3,15,20.14901676768817,2,53,2,0,3.0,31,55130.89,0.0,34.39369552093292,0,0,1703,Bank Transfer,Region_19,0
43.853173138288504,5.0,83.77922425244869,5,13,74.38531731382885,8,50,1,0,1.0,46,38423.97,73.79,53.7630030962728,5,6,500,Credit Card,Region_16,1
12.251638779802219,2.0,14.205049642718702,3,9,20.49006555119209,0,26,0,5,2.0,22,82067.8,107.28,33.3536850342716,2,1,1406,Credit Card,Region_24,0
19.325692665613754,4.0,37.016354539265194,5,5,21.5460554132491,10,11,0,5,4.0,39,60296.12,32.45,60.534932317572675,6,0,341,PayPal,Region_29,1
10.808439790478714,4.0,13.99320799437901,5,12,70.86467518323829,2,40,0,15,1.0,36,47692.53,62.66,8.399535384712468,0,3,477,Crypto,Region_40,0
16.836812471909294,1.0,37.841184285962115,3,1,20.336736249438186,10,88,1,20,1.0,41,44002.46,0.0,17.193885317650285,1,2,1051,Credit Card,Region_19,0
9.642861332068643,5.0,15.976381908832781,5,18,20.964286133206866,2,32,2,20,2.0,33,91798.76,77.26,28.774127322907024,4,6,587,Crypto,Region_04,0
9.027332541982583,1.0,13.853640302641512,1,10,70.18054665083964,8,78,2,0,2.0,27,55864.66,24.24,48.98177173221172,1,3,759,PayPal,Region_25,0
11.149396389462165,,22.71018573431519,3,12,70.22298792778925,0,30,2,10,2.0,35,86188.6,24.11,19.69419875550278,1,2,1718,Crypto,Region_31,0
7.608112824805585,2.0,8.658100662046344,3,17,70.30432451299222,0,10,0,5,1.0,24,54943.44,122.63,14.220552279337825,0,3,610,PayPal,Region_01,0
25.23463771340849,1.0,48.30008025360629,2,9,70.50469275426816,1,35,1,0,1.0,37,70761.75,33.18,35.90802848165545,6,4,185,PayPal,Region_17,0
9.712776303385198,1.0,15.074654221910894,3,8,20.194255526067703,10,5,5,50,1.0,47,60439.36,0.0,46.00139490362152,7,1,1464,Bank Transfer,Region_02,0
16.99037002564291,1.0,27.609656813106934,3,19,20.339807400512857,9,44,0,5,1.0,39,36202.76,191.33,36.39681200152807,6,3,92,Crypto,Region_32,0
26.676633527551775,5.0,47.580096798173464,5,2,22.667663352755177,1,59,1,10,3.0,26,81136.39,0.0,24.90303637620073,0,2,697,Bank Transfer,Region_39,1
8.216845528903484,1.0,9.341969772092911,2,3,20.16433691057807,0,89,0,5,2.0,32,53497.3,79.65,24.55332757729688,4,4,1800,Crypto,Region_08,0
44.594838173812114,10.0,79.31625028992846,7,16,78.91896763476242,10,71,0,0,4.0,40,41690.36,0.0,20.95742607916978,0,3,450,PayPal,Region_19,2
33.56893587245131,6.0,62.121509806025394,5,2,24.02827230469416,8,36,0,0,1.0,39,52883.59,0.0,20.013599078365452,1,3,1141,PayPal,Region_35,1
22.752964986128934,5.0,29.41162998144327,5,16,22.275296498612892,1,29,0,15,2.0,25,59785.54,14.95,29.283000237595125,0,5,981,Credit Card,Region_29,1
19.633654858323602,3.0,40.79711639267049,4,12,71.17801929149941,8,37,2,15,3.0,39,48808.27,193.05,22.62109902778772,4,3,1336,Credit Card,Region_03,0
36.914563837145415,6.0,70.52610555750125,5,11,24.42974766045745,0,15,0,0,1.0,35,47289.06,84.55,41.95955292332773,8,1,112,Credit Card,Region_02,1
17.594140876299942,2.0,22.39656770450804,4,8,70.703765635052,10,78,4,0,,31,37887.86,18.53,31.85720780677913,2,1,1692,Crypto,Region_32,0
10.13644445380157,1.0,8.193438538399585,2,9,20.20272888907603,8,37,5,50,1.0,40,57336.85,0.0,17.254745847348246,3,5,1583,Crypto,Region_15,0
7.909487757929841,1.0,18.44661109227969,5,12,70.1581897551586,1,52,5,5,4.0,40,74262.53,2.97,56.47126672824177,1,4,353,PayPal,Region_21,0
19.193370978002736,2.0,38.3706623029852,3,6,70.76773483912011,0,7,0,0,1.0,30,45582.45,91.72,8.274267943987494,1,2,1417,PayPal,Region_13,1
13.177309540636633,1.0,26.83433094310291,1,18,70.26354619081273,0,98,0,0,5.0,51,42130.65,136.56,36.5732611599907,2,4,1181,Bank Transfer,Region_22,0
15.154760172555282,4.0,20.143949293087914,3,8,21.212380813804423,1,8,0,0,2.0,56,41753.57,65.37,12.382027232441322,1,5,351,Bank Transfer,Region_31,0
18.753331902495685,13.0,42.89920854320965,11,13,24.87586629464888,10,20,3,10,5.0,42,50322.67,16.13,11.843288555427984,0,1,221,Bank Transfer,Region_13,2
24.45304429848042,1.0,40.240475403187126,2,15,20.489060885969607,9,40,0,10,1.0,40,48036.47,0.0,60.12336895218644,7,1,755,Credit Card,Region_22,1
12.977741402043826,1.0,24.557317228770135,2,8,70.25955482804088,1,68,1,10,2.0,30,61667.47,15.81,11.497903907807608,0,1,1320,PayPal,Region_08,0
10.902392902422916,3.0,20.883202333555435,2,15,70.65414357414538,1,18,0,5,2.0,32,52118.53,0.0,45.93966622479096,5,1,1945,Bank Transfer,Region_31,0
41.12061328714566,8.0,81.98175968084897,7,6,76.57929812594331,10,79,5,0,2.0,25,54813.39,19.51,26.22059770321305,2,1,1236,Credit Card,Region_27,1
14.421382913212058,4.0,26.584325743500425,4,11,21.153710633056964,2,17,4,50,2.0,30,61636.46,35.62,24.468768902239095,1,0,1369,Credit Card,Region_25,0
20.575000342969318,4.0,39.11420739571742,5,8,21.646000027437545,0,75,0,15,2.0,27,56970.66,14.73,47.45389537272746,4,2,1453,PayPal,Region_37,0
11.174292101373512,3.0,19.72809639520191,3,10,20.670457526082412,2,79,0,20,1.0,43,46961.22,19.53,18.41038690203432,1,2,830,Crypto,Region_18,0
65.03925411015649,5.0,111.08766045472319,6,23,76.50392541101564,2,4,0,0,2.0,20,62176.12,272.49,19.776308704622725,1,2,1507,Bank Transfer,Region_32,2
47.18266498243269,,73.33549398619394,1,6,70.94365329964866,2,66,2,50,2.0,26,45244.14,1.44,23.750523635689472,0,3,953,PayPal,Region_37,1
41.457855441667924,4.0,74.78703916897219,5,15,23.316628435333435,8,70,0,0,1.0,29,45144.55,74.03,18.480021134746174,2,2,617,PayPal,Region_19,1
15.849585722951845,2.0,21.46743884873943,3,6,70.63398342891807,1,31,0,0,2.0,50,26782.83,56.37,2.436119929073203,0,1,1308,PayPal,Region_06,1
11.00697947132346,2.0,21.563449124951585,2,7,20.44027917885294,2,94,1,0,2.0,25,65266.15,33.02,3.1708767746425344,0,6,1016,Crypto,Region_05,0
10.611455422524728,1.0,19.84437019646529,1,12,70.2122291084505,8,77,0,0,3.0,32,54416.01,159.95,47.08744714192452,0,1,428,Credit Card,Region_26,0
14.815913121108023,2.0,27.290812098231243,3,10,20.59263652484432,8,87,1,5,1.0,44,63226.05,24.74,14.79374032712068,2,1,1917,Credit Card,Region_19,0
16.031273720412457,1.0,23.591669599430098,2,13,70.32062547440825,0,47,0,0,1.0,24,77735.88,0.0,25.396811194659552,3,2,810,Credit Card,Region_07,0
8.709748628892674,1.0,20.860267913813647,2,14,70.17419497257785,1,32,2,0,2.0,41,37976.81,114.77,13.441831446891248,2,3,604,PayPal,Region_29,0
25.207344628545805,1.0,47.74707581753052,3,2,20.504146892570915,10,68,2,15,5.0,26,38792.25,0.0,10.045755547214954,1,4,1179,Credit Card,Region_06,1
10.935660636206697,,13.775690229849141,5,18,21.09356606362067,9,71,0,5,2.0,56,38129.37,0.0,33.969693107597685,3,4,1631,Credit Card,Region_05,1
43.67509373978087,6.0,88.95790665121689,5,10,25.241011248773706,1,1,2,0,1.0,55,60466.01,200.62,3.0238854257267644,0,4,1229,Crypto,Region_11,1
9.92493526098512,2.0,16.810926881849173,3,15,20.396997410439404,8,53,2,0,1.0,22,46797.23,66.83,34.90019048735131,4,3,274,Bank Transfer,Region_04,0
25.086894440600986,3.0,38.48497748978774,3,21,71.50521366643606,1,41,3,0,2.0,49,50987.59,0.0,10.330331383127294,0,1,750,Bank Transfer,Region_33,1
21.674579330007084,1.0,35.22248287270361,3,17,20.43349158660014,0,34,1,20,4.0,25,55309.16,0.0,68.24219351070039,4,3,641,Crypto,Region_25,1
19.26733220653458,2.0,27.13674366392921,4,12,20.770693288261384,1,60,3,5,1.0,25,75586.11,0.0,8.902877880699718,1,1,1248,Bank Transfer,Region_29,0
7.885277580746191,3.0,20.990634233777662,3,8,70.47311665484477,8,59,1,0,4.0,34,51773.55,103.77,61.341843855201475,5,2,834,Credit Card,Region_15,1
12.101820103527865,1.0,27.185517820496095,2,6,20.242036402070557,8,97,1,0,4.0,23,32410.57,31.82,20.97270000270588,3,3,1652,Bank Transfer,Region_01,0
11.677600235498538,1.0,24.71707829757922,3,19,20.23355200470997,2,93,1,0,2.0,48,44060.51,7.22,59.193540787604995,5,2,1212,PayPal,Region_21,0
101.60883987034111,4.0,21.045300685925653,4,11,20.812870718962728,8,48,0,95,1.0,18,58628.2,403.89,15.985607388872308,1,3,1908,Credit Card,Region_15,0
24.30034671263176,4.0,49.98233488681903,5,9,71.94402773701054,0,22,0,20,2.0,41,51006.54,0.0,30.025629065013597,2,3,244,PayPal,Region_10,0
8.542623964964339,3.0,14.16675207482612,4,8,70.51255743789785,8,67,0,0,3.0,31,57750.41,122.05,27.064651952559394,1,2,1173,PayPal,Region_17,0
33.40543030984103,8.0,62.24308527510914,6,12,75.34486884957457,1,34,1,0,1.0,43,61246.2,57.98,28.048411737243434,2,2,1683,PayPal,Region_25,1
51.54736612104296,13.0,88.72580136595735,11,20,33.402315191471175,10,13,1,0,4.0,32,66320.13,21.99,19.67642138245636,2,1,1183,PayPal,Region_01,2
40.63410347212544,5.0,72.37414348762009,6,18,24.063410347212546,10,21,0,15,1.0,51,84320.66,216.28,48.72320066766705,9,4,833,Bank Transfer,Region_30,1
18.786233972007246,5.0,36.06560701544999,5,9,71.87862339720073,10,29,0,15,1.0,28,38666.38,0.0,57.00892221814118,8,6,1661,Credit Card,Region_19,1
9.086705764407775,3.0,1.0,5,17,70.54520234586447,9,2,0,5,5.0,20,60067.76,28.61,14.978173936981436,0,1,1178,Credit Card,Region_01,0
38.03200199185461,6.0,65.3590497071647,4,10,74.56384023902255,8,74,0,50,2.0,64,40671.35,0.0,49.85788051143033,4,2,1670,Bank Transfer,Region_06,1
14.44182518502475,3.0,26.820221031915466,4,16,20.866509511101484,10,9,0,0,2.0,23,76061.41,135.46,29.13588516701803,1,3,1274,PayPal,Region_32,0
6.566789558080982,2.0,11.432640874838897,2,15,20.26267158232324,0,66,1,5,1.0,57,50448.0,0.0,4.020082566837138,0,2,1517,Crypto,Region_36,0
9.818594582130306,2.0,15.4114886191069,2,9,20.392743783285212,0,40,2,50,4.0,34,22426.36,0.0,3.1040135377584024,0,3,1628,Crypto,Region_34,0
14.218629786493812,3.0,28.53929330972625,5,19,20.85311778718963,10,47,0,15,2.0,29,88885.83,0.0,42.43835455234729,0,2,643,Credit Card,Region_05,0
17.032200314997603,3.0,27.119398700955415,3,12,21.021932018899857,0,49,1,5,,40,45020.79,139.4,32.2227883619651,0,4,1890,PayPal,Region_33,0
9.28414158496347,2.0,10.601917553001563,3,12,20.37136566339854,10,68,0,0,3.0,25,69128.15,0.0,23.28138194065964,1,3,870,PayPal,Region_07,0
3.797327781908377,1.0,12.754020538882855,3,17,70.07594655563817,0,57,5,20,1.0,38,51361.21,55.19,50.76040597116405,1,5,1032,Credit Card,Region_14,0
55.10769018989235,6.0,104.40708497149222,4,12,76.61292282278708,1,14,3,5,2.0,41,64395.9,19.37,28.05421958534508,2,0,1537,PayPal,Region_34,2
7.47729969915486,2.0,10.46339397046562,4,17,20.299091987966193,2,47,3,0,1.0,34,37018.06,80.93,60.82308774293216,6,3,742,Bank Transfer,Region_32,0
5.436114072733057,2.0,9.44153248248602,5,15,20.21744456290932,9,5,1,5,1.0,26,51049.61,103.89,26.102867491483405,0,3,1392,Bank Transfer,Region_27,0
3.923835541948245,3.0,11.292852412292065,5,12,70.2354301325169,10,3,0,0,1.0,54,59177.12,28.41,40.6118008068875,5,2,1734,Credit Card,Region_23,0
33.973891890894315,6.0,61.37317703726351,6,22,24.076867026907316,2,22,1,5,1.0,40,48375.48,38.41,37.668159661943335,0,6,277,Bank Transfer,Region_12,1
12.825648821685107,4.0,25.737205913389932,4,7,71.0260519057348,2,44,0,0,3.0,34,48856.68,24.06,31.739314519166907,3,2,1438,Bank Transfer,Region_30,0
11.131038281845672,3.0,22.413702875955934,3,15,70.66786229691074,2,64,3,5,3.0,48,63176.16,44.11,17.372100445261356,2,3,164,Credit Card,Region_24,0
21.2341289883149,1.0,36.625581093192785,3,11,20.424682579766298,1,55,0,5,2.0,25,54441.2,0.0,36.383942417593715,5,4,481,Crypto,Region_07,0
15.719938475312809,2.0,30.875509268970085,4,6,70.62879753901251,9,97,2,10,2.0,25,57731.58,0.0,32.62100242849996,5,1,1523,Credit Card,Region_04,0
23.25499661436773,1.0,37.03427577573883,3,8,70.46509993228736,8,62,0,0,1.0,39,45114.68,277.54,33.72752022426638,4,1,106,Bank Transfer,Region_08,0
6.979001194094348,2.0,14.533573739762602,3,8,20.279160047763774,8,14,1,5,3.0,51,59667.79,33.12,34.343786581958284,4,3,1526,Bank Transfer,Region_31,0
12.01528693640442,1.0,21.257028203469588,3,23,70.24030573872808,10,3,2,5,2.0,33,57163.14,0.0,35.06157858719744,4,3,1220,Bank Transfer,Region_27,0
6.380935074514087,4.0,9.682080974549063,4,14,70.51047480596112,9,90,0,0,4.0,27,51075.68,46.58,29.609247424104996,3,5,1028,Crypto,Region_25,0
11.114461156101697,1.0,13.772350733666329,5,12,70.22228922312203,9,76,0,0,,46,28955.35,22.1,18.493976904673385,2,1,741,Crypto,Region_35,0
22.210244768585863,6.0,40.63673688825051,5,20,72.6652293722303,0,31,3,15,1.0,29,51489.79,362.21,20.575370891942754,3,1,1744,Credit Card,Region_34,1
15.652731756824023,2.0,28.367568550565466,2,7,20.626109270272963,2,8,0,0,3.0,61,62696.37,73.07,8.527415890322626,1,2,249,Crypto,Region_05,0
12.406562325931638,2.0,18.133629875898123,4,19,20.496262493037264,0,88,2,0,,30,60588.28,92.16,31.60410292502556,1,1,303,Bank Transfer,Region_14,0
15.632668438791505,1.0,20.15444408873072,2,15,20.31265336877583,1,56,3,5,3.0,49,46165.18,19.97,22.593963942275018,3,5,241,Credit Card,Region_04,0
59.22691318855512,7.0,98.38606823624193,6,8,28.29176784639772,1,66,1,0,5.0,31,67871.9,0.0,37.43788934936682,0,5,1139,Crypto,Region_27,2
28.84600391705452,3.0,50.652442102900345,5,8,21.730760235023272,9,38,1,15,2.0,23,45559.64,207.54,61.93037608759484,5,4,67,Bank Transfer,Region_22,0
10.738993159360884,2.0,20.862675883958538,4,15,20.429559726374436,1,39,2,5,1.0,45,49376.37,71.19,53.97628011213106,4,7,390,Credit Card,Region_03,0
16.837203292138224,7.0,39.55682389735359,7,11,22.35720846089935,9,15,0,15,1.0,53,55693.39,0.0,21.203613345493544,1,2,1856,Bank Transfer,Region_21,1
13.442662876028018,1.0,23.97101895159786,1,12,20.26885325752056,8,80,3,10,1.0,24,30066.27,29.61,20.452955063571522,2,3,269,Crypto,Region_37,0
8.838242009279522,2.0,7.781905358810809,3,11,70.35352968037118,2,90,0,15,2.0,45,48929.54,0.0,21.17512720868678,0,4,523,Crypto,Region_07,0
22.038354182354468,2.0,38.63444668700669,2,7,20.881534167294177,1,9,0,20,3.0,33,46399.57,54.47,10.064670976620748,1,2,1047,PayPal,Region_07,0
21.904953192483188,3.0,45.685740239064486,3,9,71.31429719154899,0,52,6,20,4.0,46,50714.26,0.0,12.81678523558885,0,5,827,PayPal,Region_40,1
9.715955711759943,3.0,14.074742238661663,4,23,70.5829573427056,1,64,0,0,2.0,47,43922.54,63.47,40.35608722521682,5,2,953,Crypto,Region_29,0
20.31731974179269,8.0,42.1641934222313,7,6,73.25077115868683,10,49,0,5,1.0,35,56570.2,74.13,45.53720334726572,3,1,255,Crypto,Region_21,1
59.58280164279675,9.0,108.12766652220914,8,16,80.72490429570341,2,28,0,0,5.0,32,41613.95,0.0,40.673899637430864,1,6,895,Credit Card,Region_37,2
11.437543189291246,3.0,23.821985513328524,4,13,70.68625259135747,1,17,0,20,3.0,32,28988.4,31.5,7.50511437583594,0,2,1145,PayPal,Region_20,0
94.24694056400511,4.0,26.258729292541137,5,6,70.75397552451204,9,51,0,95,2.0,37,41959.93,87.93,24.441202985089465,1,5,1350,Bank Transfer,Region_06,0
23.715782790995657,3.0,33.502089486950815,2,12,21.42294696745974,1,31,0,10,3.0,60,67829.5,0.0,35.26817705999199,5,2,1642,PayPal,Region_31,0
8.649764228359832,1.0,20.052096526088896,5,8,20.172995284567197,8,32,0,5,2.0,26,64402.24,98.99,16.0291012354656,2,5,1182,Crypto,Region_07,0
12.357046035979819,3.0,21.769177275357087,4,7,70.74142276215879,8,85,0,5,2.0,37,70593.82,9.5,50.79265269349123,8,2,155,Crypto,Region_35,0
58.02781477303004,7.0,99.70416392468591,8,12,28.123894068224203,1,10,2,5,5.0,30,54080.48,15.53,10.707977967839867,0,1,968,Bank Transfer,Region_27,2
12.774691100956613,3.0,22.49127079710637,1,4,20.766481466057396,0,28,0,15,3.0,38,82902.62,0.0,34.923733605615595,5,2,1481,Bank Transfer,Region_02,1
29.728441105283583,3.0,61.96604870526817,3,16,71.78370646631701,1,19,0,10,1.0,40,67535.56,98.11,22.01596042471525,1,4,217,Crypto,Region_35,1
7.988131916952214,3.0,21.053367349292248,2,17,20.47928791501713,9,21,1,15,,18,58901.25,115.25,36.541639546223045,1,4,636,Credit Card,Region_29,0
34.0937169052217,3.0,51.36511812344254,3,14,72.0456230143133,9,95,1,0,1.0,27,47994.56,1.08,40.66239394724542,1,7,1783,Credit Card,Region_23,1
30.4151121542948,13.0,50.898003347651475,11,14,27.907929160116648,9,71,2,0,2.0,23,64826.46,175.69,30.400044278310183,2,4,1584,Bank Transfer,Region_29,2
32.36597163590167,4.0,62.973220122469854,4,9,72.58927773087214,0,85,0,0,,28,45998.0,160.86,43.73446255389331,3,2,1008,Bank Transfer,Region_34,1
18.960032794969898,3.0,34.01933864203066,5,11,71.13760196769819,8,14,0,0,2.0,24,73547.57,24.47,36.79067985977907,1,5,654,Credit Card,Region_18,0
34.62495310897383,6.0,62.234848896766735,7,15,74.15499437307686,9,34,0,0,1.0,56,52722.22,0.0,10.884169228416072,1,4,1021,Crypto,Region_28,1
13.47083070533295,5.0,16.40586299063606,4,20,71.3470830705333,9,79,1,0,1.0,44,56684.47,0.0,22.99336552096691,0,4,1762,Crypto,Region_30,0
11.105934697008665,3.0,16.26329824312046,3,7,70.66635608182052,1,92,3,5,,41,61174.52,203.12,7.501483161955867,0,3,398,Bank Transfer,Region_29,0
9.673906114917008,1.0,10.622002271681048,1,26,70.19347812229834,8,33,1,0,3.0,37,74212.88,43.22,11.631006110169762,0,8,404,Bank Transfer,Region_22,0
44.186259792262575,4.0,71.26868023566516,5,5,23.534900783381005,9,19,0,5,1.0,37,63941.08,335.81,46.390268197969256,7,5,2002,Crypto,Region_03,1
18.545031544912135,4.0,27.09236686385421,4,9,71.48360252359296,9,76,2,50,1.0,40,90911.86,366.5,28.81819797286972,1,4,955,Credit Card,Region_36,1
8.045987907228369,2.0,9.842289445779365,3,15,20.321839516289135,1,55,1,5,4.0,36,41044.19,0.0,44.150469312644276,4,4,475,Bank Transfer,Region_37,0
15.897272824022485,1.0,24.80952373870003,3,12,20.317945456480448,1,50,1,20,1.0,28,44736.72,106.57,53.05062811744682,1,3,918,Bank Transfer,Region_25,0
8.859986835010313,4.0,11.73732769271644,4,24,20.708798946800826,2,76,4,10,1.0,45,60446.91,43.24,25.071990192971167,3,5,439,PayPal,Region_23,0
8.330925887926742,1.0,20.09794696535614,1,19,70.16661851775854,1,94,4,20,3.0,65,50246.59,0.0,24.389745924977582,1,4,1390,PayPal,Region_01,0
6.838430834342645,2.0,7.773454476714968,3,17,20.273537233373705,1,84,0,10,2.0,62,68734.01,0.0,25.079354830402757,4,2,1085,Crypto,Region_37,0
10.042600194165733,2.0,25.207603810426477,3,19,70.40170400776663,2,49,1,15,1.0,24,40161.16,0.0,6.432284661818404,1,2,1798,Crypto,Region_21,0
23.734127480366503,4.0,40.30155007671491,5,12,21.89873019842932,9,29,0,0,1.0,32,48864.89,5.24,7.848658923726242,0,2,1525,PayPal,Region_30,1
13.426584923784857,1.0,26.363846161567338,1,9,20.268531698475698,10,24,0,0,1.0,27,29881.83,0.0,27.28680700626745,4,6,1280,Credit Card,Region_32,0
17.82358352883463,3.0,34.43816575889667,4,13,71.06941501173007,1,93,0,50,2.0,36,59624.71,0.0,44.757662963605064,0,3,483,PayPal,Region_24,0
15.040689614016745,2.0,22.584024201266153,2,12,20.60162758456067,0,73,0,0,2.0,44,82912.49,90.16,29.217052406870714,4,1,878,Crypto,Region_37,0
41.41533041550989,9.0,72.9071419228793,8,7,27.454759474791782,2,70,1,5,1.0,53,71592.43,33.74,16.259212390603192,1,4,1793,Bank Transfer,Region_27,2
22.662730101851025,4.0,38.27819499863008,5,16,21.813018408148082,10,97,0,10,1.0,42,97034.63,0.0,38.0884861342601,0,2,1582,Crypto,Region_38,1
30.08609147031727,6.0,56.01716821062523,5,9,73.61033097643808,10,3,0,0,3.0,29,65982.7,115.5,11.335501308657498,0,3,1286,Bank Transfer,Region_35,1
20.26769147388904,2.0,35.83762220591105,4,5,70.81070765895556,2,62,0,0,1.0,32,78641.18,42.97,44.875013086526366,2,3,1709,Bank Transfer,Region_16,0
12.81383798819483,2.0,19.32291700901579,1,8,70.5125535195278,10,21,0,15,5.0,25,80701.53,42.85,7.161855444246365,1,2,1863,PayPal,Region_04,0
10.098103746164215,2.0,18.771878186392136,4,16,20.403924149846567,9,56,2,0,1.0,47,71908.01,138.01,33.94011126291774,5,5,62,Bank Transfer,Region_30,0
16.49164022634514,10.0,31.383032823071055,10,17,73.29832804526903,10,92,4,0,1.0,18,38351.76,0.0,16.90648109316667,1,4,1289,Crypto,Region_18,1
25.076167528886877,7.0,54.38732494470932,6,12,73.51066345404416,10,53,2,5,2.0,18,62688.01,43.08,26.86987615622683,1,5,233,Credit Card,Region_06,2
32.024712449924394,8.0,57.985114690343416,6,12,75.1239539919879,1,3,1,0,3.0,43,60974.37,92.16,30.366787213696693,2,4,1508,Bank Transfer,Region_15,1
30.913451396544023,4.0,55.69425424782194,3,5,72.47307611172351,0,64,1,20,2.0,25,54727.07,7.27,13.144326329500808,1,2,1952,Bank Transfer,Region_07,1
30.905847640939825,6.0,57.7725188059917,7,10,73.70870171691278,9,47,2,0,4.0,57,41543.94,41.84,41.34706219058478,5,5,693,Bank Transfer,Region_39,1
11.571396354788593,1.0,16.081501625305172,2,11,20.231427927095773,1,22,0,20,2.0,31,54653.1,0.0,33.427298803586595,1,2,1746,Credit Card,Region_37,0
78.47451311347129,18.0,132.62657559907086,14,32,48.250824720849664,9,22,0,10,2.0,33,57573.12,0.0,33.95593075879672,3,6,1203,Crypto,Region_26,2
10.037746151558586,3.0,16.507432614201345,2,13,70.60226476909351,10,5,0,5,1.0,26,47982.76,40.05,26.54352973464482,3,3,1429,Bank Transfer,Region_39,0
17.851859828714616,2.0,37.493843181575016,5,8,20.714074393148586,2,68,0,15,2.0,52,98923.67,0.0,29.06976568124446,4,6,1873,Bank Transfer,Region_01,0
11.99515528482687,6.0,27.759038078531823,5,17,21.439418634179223,2,63,2,50,1.0,33,82895.32,9.12,6.941172671378451,0,2,1443,Bank Transfer,Region_26,0
9.551132120619487,4.0,7.795114288457686,4,9,20.764090569649557,1,86,2,0,1.0,20,34490.72,68.26,4.869913858563487,0,0,1464,Crypto,Region_30,0
15.440780949171911,1.0,31.123803110976773,2,5,20.308815618983438,9,70,0,0,5.0,27,108325.21,107.3,5.597107985079129,0,3,515,Bank Transfer,Region_23,0
14.351499728958755,1.0,14.908709502987463,2,8,70.28702999457917,10,4,0,5,2.0,40,56639.57,0.0,11.51882531980823,1,3,330,Credit Card,Region_34,0
14.052342441620937,1.0,27.590119169080616,2,16,20.281046848832418,1,32,0,5,4.0,32,72487.29,0.0,11.17116725275581,1,2,1123,PayPal,Region_03,0
12.585072241067337,2.0,24.649926598404488,3,14,70.5034028896427,10,25,2,5,1.0,33,71627.46,81.35,27.918155448182087,4,5,1736,Credit Card,Region_19,0
11.99923343478851,,12.9787200350416,3,4,20.47996933739154,8,58,3,5,1.0,18,60580.2,0.0,3.691905611341886,0,2,448,PayPal,Region_31,0
31.66933292907226,7.0,62.00502998798851,6,13,74.43370661007012,1,84,2,15,4.0,33,66218.47,145.33,54.69631179842504,0,2,124,Credit Card,Region_39,0
19.56422528860932,3.0,43.93478502595138,5,10,71.17385351731656,10,33,2,5,2.0,46,41379.26,0.0,5.410232150464619,0,1,1115,PayPal,Region_13,0
16.266873804517754,1.0,28.967971193119578,1,9,70.32533747609035,8,25,0,0,1.0,23,60727.59,23.42,34.62848248286639,2,1,1889,Credit Card,Region_29,0
25.65451714890086,3.0,46.88313024290637,4,8,21.539271028934053,2,73,0,20,2.0,36,65050.19,0.0,9.976261158277127,0,3,735,Bank Transfer,Region_10,1
36.703160930153736,4.0,73.46127068921126,3,3,22.936252874412297,0,65,0,10,2.0,39,59395.74,22.52,18.468686505677308,1,2,1386,Crypto,Region_17,1
30.180557043946102,6.0,48.693342508663086,5,10,23.62166684527353,2,19,4,0,5.0,32,41410.88,0.0,10.922593165893188,1,4,1543,Credit Card,Region_31,1
24.791030171404028,4.0,39.11846702041279,3,3,21.983282413712324,0,13,1,0,1.0,31,62960.28,0.0,3.538230445436255,0,3,689,Credit Card,Region_28,1
10.789508965001978,2.0,15.224198617407556,2,11,20.43158035860008,9,70,0,0,5.0,18,68124.65,134.74,15.94697106928529,0,1,937,PayPal,Region_08,0
23.75120022361509,3.0,42.93757092406213,4,8,71.42507201341691,0,73,0,0,4.0,18,46538.17,0.0,14.23329067963756,2,2,362,Bank Transfer,Region_30,1
3.42749510962745,3.0,6.341570418641812,3,20,70.20564970657765,9,94,0,20,2.0,37,64383.24,0.0,10.820989132175336,2,5,1835,Crypto,Region_39,0
13.253217269084217,1.0,21.089339707950323,1,13,20.265064345381685,8,7,0,0,4.0,44,55939.16,98.01,31.662371396649053,3,4,1773,Bank Transfer,Region_29,0
20.17833628873826,10.0,34.81860326244118,10,14,24.035667257747654,9,57,1,10,3.0,25,48413.45,0.0,18.011398101246538,1,0,264,Bank Transfer,Region_13,1
23.036225515912673,2.0,38.76736475388904,3,4,70.9214490206365,1,0,3,10,4.0,59,40482.52,107.93,38.40696910359603,0,2,924,Crypto,Region_27,0
24.723090087694306,5.0,42.0425621009467,5,9,72.47230900876943,1,92,3,10,4.0,24,52644.77,0.0,31.428207846461596,5,4,1235,Credit Card,Region_03,1
152.47485926526502,3.0,23.602867366354776,5,14,20.91484915559159,10,30,0,95,,33,72151.96,46.04,12.212522945254188,0,1,1681,PayPal,Region_26,1
24.047906341353837,6.0,39.48403272206598,7,16,72.88574876096246,1,7,1,10,4.0,42,19000.91,0.0,35.45236692007871,5,5,203,Bank Transfer,Region_28,1
29.416377173664863,5.0,42.94475973795875,5,4,72.94163771736649,2,79,0,5,2.0,34,39532.39,103.04,5.626970513058677,0,4,266,Credit Card,Region_10,2
14.722294334713068,3.0,25.3817543305936,2,8,70.88333766008279,10,82,0,0,2.0,43,51847.74,0.0,21.12060839890382,3,4,621,Bank Transfer,Region_19,0
13.68607572765982,,14.857039698701332,3,15,70.2737215145532,1,89,1,20,1.0,35,69721.37,9.9,20.703518948543902,2,3,1950,PayPal,Region_16,0
17.870223792271418,1.0,35.91919841962566,1,19,20.357404475845428,9,59,2,5,2.0,52,57648.0,15.04,47.501311475580835,2,3,1427,PayPal,Region_29,0
8.878630155372889,2.0,13.1819450589454,4,15,20.355145206214914,9,61,0,5,1.0,27,71071.19,58.29,43.232565622807606,6,1,175,Crypto,Region_33,0
24.868532232724505,7.0,44.16631012532247,6,4,23.48159451258143,9,9,3,5,1.0,34,52602.14,85.02,12.429390930102084,0,2,1898,Bank Transfer,Region_26,1
14.210644292031885,3.0,23.713111561897612,3,7,70.85263865752191,1,17,1,15,2.0,28,28627.89,274.7,31.853770897065882,1,5,1125,PayPal,Region_21,1
32.47913596152661,1.0,57.24187585400676,1,10,20.649582719230533,10,65,1,5,1.0,46,34513.0,80.94,11.816176301659448,1,3,648,Crypto,Region_38,1
14.992475953781236,3.0,33.303330794789815,2,14,20.899548557226876,8,92,0,5,2.0,41,47472.16,120.62,35.336960367678294,6,5,815,PayPal,Region_25,0
14.854784596581608,3.0,19.981130214210484,3,11,20.891287075794896,8,65,0,0,3.0,28,32409.99,21.07,54.513891835440056,0,2,646,PayPal,Region_16,0
12.190386051827492,2.0,13.826110281577062,3,7,20.4876154420731,2,51,0,20,,72,56798.19,0.0,5.477146353312617,0,3,1667,PayPal,Region_39,0
14.38101819789104,4.0,26.48269438952369,4,17,21.150481455831283,9,66,1,20,2.0,39,81987.63,15.78,55.5926687786563,9,1,1469,Crypto,Region_02,0
46.606296187444464,4.0,81.41193451870345,6,11,73.72850369499555,9,87,1,5,2.0,33,30990.9,0.0,26.6282837901427,5,3,398,PayPal,Region_22,1
10.86951733978042,2.0,21.363250818324488,4,16,20.434780693591218,2,8,0,10,3.0,18,65324.23,0.0,36.71334620941485,5,5,1395,Bank Transfer,Region_02,0
12.877197009207404,3.0,26.761840815279903,4,4,70.77263182055245,9,47,1,5,2.0,29,72096.23,62.89,12.087211972653561,1,4,1291,PayPal,Region_11,0
7.889631904342294,2.0,8.669621144990204,1,20,70.31558527617369,0,59,1,0,2.0,28,53694.27,233.37,2.6644618049920954,0,10,84,Credit Card,Region_17,0
17.33444591679284,8.0,34.218946866551185,8,8,22.773511346686853,10,77,2,0,1.0,43,53902.25,0.0,4.265503893453841,0,1,1287,Crypto,Region_28,1
25.51139760576634,5.0,40.81079825578189,8,16,22.551139760576635,2,51,2,20,5.0,22,29124.98,191.07,29.740948779202007,5,4,584,Credit Card,Region_04,1
18.945632284963164,4.0,34.475014067624315,4,14,71.51565058279705,9,42,0,15,2.0,39,41075.44,124.93,16.294403506463976,2,7,888,Credit Card,Region_27,0
10.995517286155751,3.0,13.607362497111328,3,6,20.659731037169344,2,74,5,0,2.0,34,61893.24,88.68,10.893620041635055,2,4,716,Crypto,Region_02,0
11.085449452729733,5.0,20.61452780087016,5,14,71.10854494527297,0,49,1,0,5.0,28,87042.22,0.0,19.204294518462987,3,3,1729,PayPal,Region_36,0
10.352684956939477,2.0,18.530446517881558,1,22,70.41410739827758,0,87,4,20,1.0,55,49356.2,34.4,24.90801691269513,3,2,219,Bank Transfer,Region_38,0
19.808226508946053,5.0,30.14016027307217,5,8,71.98082265089461,10,13,1,20,,29,57986.29,12.9,29.386133008260163,1,1,930,Crypto,Region_36,1
27.60476995600284,8.0,42.89652921406639,9,18,74.41676319296046,1,17,0,0,5.0,22,37650.69,79.42,30.42162741778113,2,2,1420,PayPal,Region_05,1
6.693232504200898,1.0,15.80101142804656,2,17,20.133864650084018,9,99,0,0,2.0,28,38929.09,0.0,59.14062822577022,7,1,872,PayPal,Region_28,0
20.335656654340134,1.0,34.33917971442034,2,17,70.4067131330868,10,76,0,0,2.0,50,39075.07,56.26,34.45532523811944,3,6,1107,Crypto,Region_09,0
34.25495003204025,15.0,66.71906486883418,12,10,30.276485009612074,0,33,4,0,1.0,28,48383.4,33.24,7.088107373345973,0,7,481,Credit Card,Region_14,2
16.260866519392152,4.0,26.552591085782513,4,11,21.30086932155137,0,82,0,10,1.0,23,59554.23,170.06,16.71030908858792,1,3,1491,Crypto,Region_21,0
14.761177036931963,9.0,33.08101734457358,6,21,22.657011866647753,10,40,0,0,2.0,37,29905.92,0.0,1.8794849840037364,0,0,479,Crypto,Region_12,1
15.919361171909419,,23.9129023344978,4,15,71.27354889375275,0,74,0,15,2.0,49,53856.52,0.0,40.067574439615086,3,3,184,PayPal,Region_15,0
15.939141969128066,1.0,36.05418833198656,2,10,70.31878283938256,1,48,3,20,2.0,45,27758.8,0.0,25.242924668122157,4,3,1936,Bank Transfer,Region_28,0
14.206233239243758,1.0,26.443079145929076,4,14,20.284124664784876,9,89,2,20,2.0,60,53730.96,0.0,27.421697641212955,1,2,1776,Credit Card,Region_11,0
8.184389261827205,1.0,16.730884375132526,3,11,70.16368778523655,2,68,1,15,5.0,29,33405.82,0.0,27.58646265090364,1,3,1773,Crypto,Region_20,0
49.39352169609921,11.0,83.88821598575645,11,14,30.866574773141828,1,84,0,15,5.0,41,66391.72,45.66,21.232056533695538,4,3,102,Crypto,Region_27,2
7.589589655455978,2.0,17.307337294474692,4,21,20.303583586218238,9,8,1,5,1.0,39,57891.45,0.0,34.1699951511713,3,4,1892,Credit Card,Region_32,0
11.01099917230395,2.0,23.639439172202977,3,12,70.44043996689216,0,47,4,0,1.0,33,50289.14,220.03,52.53681090838306,8,3,963,Bank Transfer,Region_13,0
18.38923134653921,3.0,31.478442136144505,3,6,21.10335388079235,1,11,0,0,,34,37671.49,0.0,19.842761169991142,0,3,1405,PayPal,Region_04,0
167.54732753833173,6.0,19.48854199689613,7,6,22.01056793045998,8,64,3,95,1.0,20,50683.2,114.32,36.49692628041173,2,4,1453,Credit Card,Region_14,0
12.256705524910073,4.0,16.495427115271298,5,13,20.980536441992808,8,13,0,0,2.0,57,56817.98,0.0,15.152037790124146,1,5,1499,Crypto,Region_06,0
82.48879472697993,2.0,9.280579743896595,2,10,20.32995517890792,0,63,0,95,3.0,42,60592.27,178.15,18.95382989676157,0,2,298,Crypto,Region_03,0
31.760871776030402,3.0,59.41633328456146,3,2,21.905652306561823,9,25,2,5,2.0,30,47507.58,0.0,3.671023136677011,0,5,1432,Crypto,Region_30,1
12.277305724193525,2.0,19.77398860594763,2,7,20.49109222896774,9,6,2,0,1.0,38,38187.26,0.0,36.6268470214889,3,4,100,Bank Transfer,Region_12,0
4.815663145590677,2.0,6.440145080701967,1,22,20.192626525823627,1,54,0,5,3.0,28,55465.04,290.99,52.5230733198228,8,2,1914,Credit Card,Region_06,0
61.133006843834984,9.0,107.20785096959588,8,18,31.003941231890295,8,58,2,15,3.0,34,31115.64,39.8,49.84883067228148,6,3,821,PayPal,Region_25,2
12.064977889401183,1.0,29.063411590031922,1,13,70.24129955778803,9,79,2,20,,28,14499.34,0.0,7.302717861786699,1,2,737,Crypto,Region_27,0
72.31130643703214,8.0,130.3871113908071,6,23,81.56980902992514,1,78,1,0,4.0,37,40150.73,25.79,25.64341832765993,4,4,246,Credit Card,Region_35,2
7.860826805614491,1.0,15.138189928022568,2,11,20.15721653611229,1,55,0,0,4.0,42,23688.38,0.0,55.300454098288995,5,2,1762,Crypto,Region_35,0
6.884816465840947,6.0,9.295722081323762,6,12,70.82617797590092,8,67,1,0,1.0,40,72464.96,0.0,26.450336941051113,2,2,1632,PayPal,Region_07,1
27.429896819192326,3.0,49.225620989510205,3,8,21.645793809151538,0,29,4,0,1.0,30,61844.11,0.0,37.42524950779234,4,2,756,Bank Transfer,Region_20,1
27.56716720775778,6.0,44.74245426043793,7,1,23.308060064930935,1,22,1,10,2.0,50,60082.02,123.1,15.974416285487719,2,5,1662,Crypto,Region_10,1
22.731039036890714,16.0,42.63449365419294,11,15,77.27393249180503,0,85,0,5,4.0,60,45915.27,62.69,36.854433881452145,0,4,686,Bank Transfer,Region_11,2
8.236703322558443,5.0,9.093298090740046,4,14,70.82367033225584,8,78,1,0,2.0,55,39011.38,230.25,16.11081155944217,0,0,842,Bank Transfer,Region_07,0
134.57034823188366,8.0,245.94772604538636,8,120,41.53125571710139,1,16,7,0,,31,45503.74,37.58,21.865858441874874,3,6,320,Credit Card,Region_16,2
10.780681197407043,1.0,15.730464791473874,2,18,20.21561362394814,2,1,0,20,1.0,48,35331.37,0.0,23.162599125894133,2,2,368,PayPal,Region_03,0
16.3198733738483,2.0,34.11773613786796,2,16,20.65279493495393,8,71,2,0,1.0,24,48667.57,3.77,22.716818046341885,3,3,632,PayPal,Region_25,0
9.390852423756092,1.0,26.440005651170846,1,11,70.18781704847513,8,69,0,0,5.0,30,43320.03,0.0,11.948619929984206,1,3,634,PayPal,Region_23,0
5.279750487565877,1.0,9.509056435244373,3,19,70.10559500975131,2,38,0,0,4.0,46,64857.3,0.0,16.279553074273746,2,3,663,Bank Transfer,Region_28,0
11.3804469307757,2.0,27.042880086110706,3,16,20.45521787723103,8,91,0,0,2.0,48,46741.33,30.48,44.75083221272207,3,3,1508,PayPal,Region_21,0
10.954585939916889,1.0,23.475499436777497,2,15,20.21909171879834,2,47,0,10,3.0,53,14320.2,0.0,45.31323647996647,0,6,365,Crypto,Region_04,0
103.81742188320004,,11.523225743797045,2,19,20.2076348437664,2,4,0,95,1.0,32,49748.58,21.33,28.580574872065384,3,0,329,PayPal,Region_08,0
23.432962050314725,6.0,42.733970578159045,5,14,72.81195544603777,8,20,1,5,2.0,25,50697.42,0.0,44.68537376993699,4,4,1037,Credit Card,Region_30,1
27.267821535824613,5.0,51.58807229293041,5,13,22.726782153582462,2,49,0,20,4.0,40,45623.82,229.56,29.07797009354739,5,4,1005,Bank Transfer,Region_36,1
11.472504040748587,2.0,23.639083850478936,4,20,20.458900161629945,2,19,0,15,1.0,26,28769.25,50.13,25.395178500890054,0,4,344,PayPal,Region_31,0
7.347774900908073,1.0,14.117028846509491,4,15,20.146955498018162,8,97,3,0,3.0,26,71323.05,175.05,24.543533739326094,3,4,213,Crypto,Region_32,0
14.797731864466018,1.0,27.462474337674937,3,12,20.29595463728932,2,70,0,0,2.0,32,79486.87,10.41,45.47339869910053,2,2,408,PayPal,Region_37,0
5.585932020737826,1.0,10.080114427904256,3,20,20.111718640414757,0,93,2,10,,34,49867.89,12.14,41.18625518686005,4,2,144,Bank Transfer,Region_36,0
5.364788843140114,1.0,10.322500347620633,3,15,70.1072957768628,8,93,1,0,1.0,18,50757.66,0.0,36.67553847252113,0,6,419,Bank Transfer,Region_36,0
16.37363137508185,,23.3541416236521,1,14,20.32747262750164,8,78,0,15,4.0,34,54435.17,0.0,13.433682381143703,2,3,1245,Credit Card,Region_38,0
14.921574353108385,2.0,25.6777799307017,2,9,70.59686297412433,0,90,0,5,3.0,34,50315.12,383.94,17.815737290357852,3,2,1119,Crypto,Region_34,0
43.686619005725184,15.0,71.37100743624768,13,0,83.10598570171756,9,72,0,0,1.0,34,42608.41,11.84,45.87387162481696,4,0,667,PayPal,Region_30,2
6.971431599080104,2.0,10.060438464574307,3,18,20.278857263963204,10,26,5,50,2.0,41,70885.44,16.19,68.90628341902665,1,1,1681,Crypto,Region_27,0
9.178241455776494,5.0,13.566806864893246,5,6,70.91782414557765,1,1,0,0,,49,69514.57,0.0,12.001071271385047,1,2,1462,Bank Transfer,Region_08,0
10.967115561503572,4.0,16.467493142353728,5,10,20.877369244920285,2,99,2,0,3.0,39,27455.61,0.0,29.140121915706672,1,2,1627,Credit Card,Region_34,0
6.434295866272616,2.0,6.3216917703454705,4,19,20.257371834650904,10,90,0,15,1.0,22,34261.17,67.84,17.741386599001473,0,3,864,PayPal,Region_15,0
9.064707138003817,1.0,17.662859217391308,1,18,70.18129414276008,2,46,0,5,2.0,40,61032.11,0.0,28.445489047134444,4,3,1549,Bank Transfer,Region_29,0
31.84664806748521,2.0,55.73361499291407,3,15,71.27386592269941,10,39,1,20,1.0,38,60803.2,0.0,40.31880917669899,1,2,1352,Bank Transfer,Region_07,1
21.561776610185678,1.0,36.70906661956922,1,0,20.431235532203715,1,88,0,0,2.0,23,70457.4,0.0,12.582283919225612,2,0,1095,PayPal,Region_04,0
10.300846732922006,2.0,11.503654146778226,2,15,20.41203386931688,2,35,0,0,2.0,19,84856.65,42.48,21.243551518142134,2,3,1999,Crypto,Region_35,0
60.49709465948602,5.0,107.40546442608988,3,18,26.049709465948602,10,70,0,0,1.0,41,54051.06,148.71,28.8727065091947,0,3,1898,Credit Card,Region_08,2
11.408697142426082,3.0,26.26331885594677,4,18,20.684521828545567,2,12,0,0,1.0,41,48093.38,0.0,30.327458783478072,1,5,723,Credit Card,Region_23,1
31.937488134630794,6.0,63.29151019163714,4,17,23.832498576155693,0,83,0,10,3.0,33,44029.53,125.03,14.099513742809954,2,5,694,Bank Transfer,Region_31,1
8.832345731646651,3.0,17.7657852155562,4,7,20.5299407438988,0,21,2,10,3.0,57,74920.33,51.75,14.113607766566078,1,1,1701,Bank Transfer,Region_26,0
27.7417430087926,3.0,48.45936754022748,5,10,71.66450458052756,10,17,1,5,1.0,49,84266.18,0.0,6.000857248568535,0,4,1254,Credit Card,Region_16,1
11.033091032841527,2.0,22.65447801023738,3,17,70.44132364131366,0,74,0,0,2.0,19,63530.1,15.48,9.848059912457057,1,3,2001,Bank Transfer,Region_21,0
20.659300468830427,2.0,33.84997290301131,3,9,20.82637201875322,0,5,0,10,,24,38359.35,29.01,37.84570295721098,0,4,1778,Bank Transfer,Region_13,0
8.586796567566804,2.0,13.959972542203344,4,23,70.34347186270267,8,67,1,0,1.0,36,70701.1,28.35,36.097295680359736,2,3,1810,PayPal,Region_05,0
15.658948129044392,2.0,24.47349441929446,3,10,20.626357925161777,2,66,2,15,3.0,58,76288.0,0.0,27.717724299179906,4,6,1072,Credit Card,Region_11,0
10.893834801585195,2.0,24.1507347786738,2,12,20.435753392063408,1,51,0,15,2.0,32,32153.06,280.65,3.5353004146251936,0,1,508,Bank Transfer,Region_01,0
11.434988351416028,1.0,24.483008837507032,2,8,70.22869976702832,2,69,0,5,5.0,21,57499.16,56.49,23.75354366230322,3,3,130,Credit Card,Region_10,0
41.531760290244215,12.0,74.58375722720962,12,12,79.96762246965861,8,78,1,0,2.0,22,60763.74,0.0,12.515833800861193,1,2,175,Crypto,Region_18,2
31.8720916895068,13.0,66.02602658756506,10,0,28.286743839271768,8,2,0,10,1.0,45,62250.78,25.08,26.715126676288747,0,1,1222,PayPal,Region_14,2
24.394566269770504,,45.97279218944164,4,9,22.43945662697705,2,16,0,20,,38,54044.03,146.04,20.175820086037245,2,0,1598,Credit Card,Region_40,1
11.881002681246414,2.0,23.166942557925104,4,19,70.47524010724986,10,93,1,5,1.0,28,45786.5,0.0,33.759370857355236,3,3,1712,Credit Card,Region_06,0
27.017805168911615,2.0,49.87765053674134,3,3,71.08071220675646,2,85,3,5,3.0,25,54824.56,0.0,73.6629589054193,12,4,1436,Bank Transfer,Region_23,1
12.601326148211939,2.0,16.37095297811527,2,4,20.504053045928476,0,65,0,50,2.0,26,39265.91,0.0,31.523458817265244,4,1,652,Credit Card,Region_27,0
33.757338132899925,1.0,56.29180948218301,1,15,20.675146762658,8,56,0,5,1.0,35,52348.78,0.0,24.74288058047065,4,3,1179,PayPal,Region_02,1
17.626499911144442,3.0,31.454510071628945,2,17,71.05758999466866,2,79,1,0,1.0,33,64557.34,84.12,32.20306621147963,3,0,1924,PayPal,Region_17,0
16.11500251396402,4.0,28.77508713127873,3,5,21.289200201117122,1,21,0,5,1.0,30,67331.68,0.0,55.664018091714,1,4,350,Credit Card,Region_25,1
17.24477157161311,2.0,33.98940232995578,5,20,20.689790862864523,1,10,3,5,2.0,30,48152.12,0.0,20.39388312926816,3,1,529,Crypto,Region_29,0
15.263516359429,3.0,24.134993901700298,4,14,20.91581098156574,0,35,4,0,4.0,39,59441.45,0.0,32.78998069445326,4,3,1071,PayPal,Region_02,1
56.55096999310613,6.0,102.14517949137375,4,22,26.786116399172734,0,52,1,0,2.0,18,56674.27,21.52,37.783911981144094,2,3,1531,Credit Card,Region_11,2
15.609746797766483,5.0,28.540344891497085,6,8,21.56097467977665,2,75,1,20,4.0,31,57574.8,0.0,44.297402701573674,7,5,418,PayPal,Region_13,0
5.671611221009289,1.0,10.849875606697342,3,23,70.11343222442018,1,39,1,0,1.0,52,89688.5,97.37,23.889907033850992,4,5,1090,Bank Transfer,Region_15,0
46.39500017660819,8.0,83.59307290316116,8,11,27.423200028257313,10,34,0,15,1.0,25,55980.91,0.0,82.25678733828575,12,2,1653,PayPal,Region_04,2
10.100667943253034,1.0,11.162002205095483,2,12,70.20201335886506,8,42,1,20,4.0,33,47316.27,0.0,18.970165620771546,1,3,1224,Credit Card,Region_09,0
18.110536515438937,6.0,21.292873409501187,5,13,22.173264381852672,9,44,0,0,2.0,37,55057.41,3.68,23.599503044619738,1,1,1617,Bank Transfer,Region_34,1
20.91237172242121,2.0,32.93345092132188,3,8,20.83649486889685,1,40,7,0,2.0,32,55482.06,80.91,9.68675402127643,0,4,1848,Bank Transfer,Region_34,0
9.379517699618189,1.0,14.227516745318217,4,6,70.18759035399236,8,63,2,0,,56,40830.94,0.0,16.762244208961437,2,7,1340,Crypto,Region_35,0
8.823770106042325,5.0,9.990526845623997,4,15,70.88237701060423,1,14,1,5,2.0,43,64812.7,0.31,28.611614433280604,3,2,200,Bank Transfer,Region_31,0
12.556996195169434,1.0,22.324223806933237,1,11,70.2511399239034,2,43,3,50,2.0,30,50078.08,0.0,42.79488659749634,5,0,488,Crypto,Region_33,0
32.27315914416453,2.0,63.54222130343715,4,6,21.29092636576658,9,41,5,5,2.0,31,68463.45,0.0,56.39002736976247,2,2,624,PayPal,Region_34,1
11.51143127532603,2.0,24.350742122726253,4,19,20.46045725101304,9,58,2,0,1.0,34,50939.99,114.05,36.13426520598285,4,1,540,Bank Transfer,Region_23,0
19.424753731682845,2.0,37.29622319409717,3,23,70.77699014926732,2,84,2,0,3.0,33,75090.09,156.41,46.29949044768137,9,4,588,Crypto,Region_27,0
15.065242430994413,3.0,32.043990069102456,4,7,70.90391454585966,2,3,0,0,1.0,49,52391.98,0.0,35.931171731860374,3,3,1612,Credit Card,Region_38,0
5.0973228580252465,1.0,4.552065922794295,2,17,70.10194645716051,0,70,1,0,1.0,25,62156.53,51.2,19.01408137951669,2,4,1052,PayPal,Region_01,0
19.85018276900177,4.0,33.44634763584856,4,9,71.58801462152014,8,28,0,0,3.0,44,45763.5,0.0,19.31415056591167,3,3,994,Bank Transfer,Region_24,1
35.70401545742002,11.0,67.34146213864715,8,21,27.854883400632403,10,40,3,0,2.0,35,78649.57,0.0,50.31150797466836,8,1,1089,Bank Transfer,Region_18,2
14.757396007791852,,24.190662768165364,1,14,70.29514792015584,8,5,1,0,5.0,35,80545.13,20.87,20.129478483338943,0,6,1408,PayPal,Region_14,0
8.585486638213322,9.0,13.354743498028327,7,19,21.5453875948784,0,38,0,0,1.0,52,49077.8,0.0,16.93634382891397,3,1,614,Bank Transfer,Region_35,1
68.00654043966598,,131.72386840094512,3,30,74.08039242637996,8,80,0,50,4.0,34,74180.22,0.0,28.440613752093203,3,1,659,Credit Card,Region_06,1
15.06554634778739,,27.595193815333914,2,12,70.30131092695575,9,99,1,5,2.0,24,46979.93,39.88,18.462500688054988,1,4,1507,PayPal,Region_03,0
47.44403099992196,10.0,94.21738680086321,10,12,79.4888061999844,1,65,1,10,1.0,33,17050.35,175.92,32.984248717258254,5,2,632,Credit Card,Region_32,2
19.543193877678547,1.0,26.061265647807538,2,18,70.39086387755357,9,80,0,0,3.0,40,61851.04,0.92,5.668030726894372,0,2,1076,Crypto,Region_04,0
31.10789424207429,1.0,52.83987811271725,1,13,70.62215788484149,0,92,0,15,5.0,26,61340.56,0.0,8.655693643121385,0,9,1105,Bank Transfer,Region_07,0
34.754138478815655,2.0,64.60153216512782,4,5,71.39016553915263,8,26,2,0,3.0,38,113918.14,0.0,19.25864801995587,2,3,1679,Bank Transfer,Region_03,1
178.0581765747187,4.0,32.519134682314764,5,7,71.42446541259775,8,6,0,95,1.0,49,59740.93,0.0,22.155260519736835,3,4,1251,PayPal,Region_03,0
25.849105833754713,2.0,36.250659184773056,3,8,21.03396423335019,1,10,0,15,1.0,45,51453.22,0.0,48.67261245485856,4,4,1261,Bank Transfer,Region_17,1
23.182314887571916,,40.58027089476836,2,16,70.92729259550288,10,89,0,50,1.0,44,51310.09,30.7,17.236589938250262,0,3,633,Bank Transfer,Region_38,1
10.07121970863384,1.0,30.49328345863443,3,21,20.201424394172676,1,31,0,10,4.0,26,56218.46,0.0,34.9115042538156,4,6,1152,Credit Card,Region_01,0
17.62917505702562,7.0,32.9670789617966,8,22,22.468084507983587,1,86,1,10,3.0,58,63063.02,0.0,5.5738680186442515,1,5,436,Crypto,Region_02,1
9.25528148672738,2.0,19.681686676103222,3,10,20.370211259469095,9,50,0,15,2.0,27,38403.93,63.37,18.030797705848318,0,1,419,Bank Transfer,Region_01,0
7.097748451610746,4.0,9.55623137327363,5,15,20.56781987612886,0,39,0,10,2.0,18,47539.35,119.1,46.58814077632615,0,2,704,PayPal,Region_11,0
23.799186983242564,6.0,44.05495730681832,7,8,72.8559024379891,0,6,1,10,2.0,22,55221.66,42.39,16.398359621152967,1,7,1514,PayPal,Region_09,1
22.785695964637018,13.0,40.952611745170024,10,9,25.924280950805624,0,0,0,0,1.0,56,70889.22,0.0,12.6525885765373,1,1,130,PayPal,Region_05,2
13.149274811090189,1.0,29.262766818656882,2,17,70.2629854962218,9,24,2,0,3.0,25,69986.22,0.0,39.003405268160094,3,6,1546,Bank Transfer,Region_40,0
12.006735173340482,3.0,27.047127745912007,4,13,20.72040411040043,2,94,1,15,4.0,44,50928.38,83.63,26.445176236939727,1,3,1243,Crypto,Region_33,0
26.017623084525326,4.0,48.869302276249286,3,16,22.081409846762025,8,5,0,0,3.0,32,56075.42,0.0,27.550377372026503,5,2,135,Credit Card,Region_38,1
19.908511861082506,4.0,36.19015042792123,5,8,71.5926809488866,9,91,0,0,4.0,22,34289.62,140.35,29.318737228640266,1,4,1079,Crypto,Region_38,1
83.99389755690285,3.0,142.79347792294493,5,42,75.03963385341417,0,94,0,5,1.0,39,75413.57,0.0,10.41879523646007,0,3,606,Credit Card,Region_19,1
20.990004748769397,2.0,29.212231362307453,3,8,70.83960018995077,9,99,1,10,1.0,28,45198.41,7.06,40.76221626533664,1,5,1167,PayPal,Region_30,0
7.405204027194903,3.0,13.738921815938413,4,5,20.444312241631692,9,15,0,0,2.0,43,50299.07,72.65,17.317881636631988,0,4,436,PayPal,Region_33,0
13.371789612128477,1.0,28.442391859139537,4,7,70.26743579224257,10,14,0,10,2.0,38,71608.43,20.09,17.43495819983967,2,2,1615,Crypto,Region_38,0
19.23626967925448,7.0,41.284015707438925,6,11,22.693077755095626,2,21,1,0,2.0,39,53654.18,32.02,6.4914335628136834,0,2,496,Crypto,Region_21,1
8.119009056235823,1.0,10.165522549356378,3,24,70.16238018112472,10,17,0,0,2.0,27,47705.51,101.1,55.277402041646454,9,4,1512,Crypto,Region_40,0
71.27575763915408,5.0,5.283443406841343,4,12,70.71275757639154,1,49,2,95,4.0,45,62229.18,321.37,26.920863170374265,3,3,869,PayPal,Region_04,0
53.13770099928626,10.0,100.31265756318818,8,14,80.62754019985725,10,71,2,0,4.0,32,59011.96,191.76,31.523296630546728,2,3,1183,Bank Transfer,Region_22,2
9.276162206923956,3.0,12.623633136971328,4,16,70.55656973241544,10,9,0,5,1.0,35,45969.5,29.79,5.392460118162525,0,3,453,Bank Transfer,Region_22,0
65.83360416807724,10.0,110.61514616417497,9,19,83.16672083361544,0,48,0,5,1.0,37,41811.82,2.45,11.512799186250335,0,3,1926,Credit Card,Region_23,2
36.50732355528653,8.0,63.24479160892025,8,8,75.84117176884584,9,69,1,20,1.0,26,60832.17,0.0,49.33792516001399,5,1,87,Credit Card,Region_37,1
42.50262140239468,8.0,73.94922369068921,7,11,76.80041942438315,1,9,0,0,3.0,43,73245.63,0.0,24.047539256234383,0,1,636,Crypto,Region_09,1
8.662863218047836,2.0,22.19400917402284,3,12,20.346514528721915,8,38,1,5,3.0,34,52022.95,61.67,10.41541107033725,0,0,78,PayPal,Region_22,0
14.733830501277385,1.0,30.849064475706967,4,3,20.294676610025547,8,57,0,15,1.0,21,46670.55,64.48,13.448884021472079,2,3,1681,Bank Transfer,Region_36,0
31.594456773873315,6.0,53.18308667915531,7,6,23.791334812864797,8,70,2,0,1.0,38,71489.68,89.58,8.05857395246446,0,0,732,PayPal,Region_01,1
20.294070097657368,9.0,43.51909788856347,8,14,73.65293261757833,9,41,3,0,1.0,38,45257.8,0.0,24.389367030569954,3,3,1225,Bank Transfer,Region_12,1
18.016557875618922,8.0,33.05493346568583,8,14,72.88264926009903,9,44,8,0,1.0,23,74664.93,18.78,35.68217740409651,1,4,2011,Crypto,Region_32,1
23.192020285843352,1.0,47.0498146909885,2,17,70.46384040571687,2,98,0,0,1.0,25,54665.29,30.0,34.06339100517486,1,4,451,PayPal,Region_03,0
26.869675618327907,4.0,55.00130865360129,4,16,72.14957404946624,0,27,1,0,1.0,23,58284.57,6.6,37.29685920659564,4,2,1468,Credit Card,Region_25,1
31.638891271095556,2.0,55.63703978762436,3,5,71.26555565084382,1,88,2,5,2.0,43,43858.84,0.0,8.480207639517877,0,1,1403,Credit Card,Region_19,1
17.657658440891336,3.0,34.640383064239494,4,7,21.05945950645348,10,91,0,5,1.0,32,76894.71,0.0,31.31073630827723,2,2,1003,Credit Card,Region_05,1
15.063674953061332,1.0,25.08082259334331,3,8,20.301273499061228,8,72,0,0,1.0,62,82981.76,13.4,37.82606168511117,2,2,965,Crypto,Region_29,1
19.53524148722634,8.0,39.813945986603756,8,10,23.125638637956214,1,4,0,0,2.0,37,63221.06,0.0,42.147183862955586,3,1,1022,Bank Transfer,Region_17,1
23.34520115588624,7.0,42.472737799613846,6,7,23.268328161824073,2,56,0,10,1.0,29,37745.83,0.0,22.799327074503452,1,5,151,Bank Transfer,Region_22,1
7.95906871391998,1.0,19.127934780384447,1,13,20.1591813742784,8,79,0,20,2.0,24,40500.31,0.0,7.145407700998921,0,3,1113,Crypto,Region_08,0
12.134614566500382,1.0,29.466089538793,4,8,70.24269229133,1,28,0,0,2.0,49,68333.58,0.0,52.722841125864896,8,2,463,Bank Transfer,Region_30,0
6.200301530205694,1.0,13.896701913345106,2,19,20.124006030604114,0,54,0,5,3.0,18,35328.74,141.59,6.068304560161464,0,4,1051,Crypto,Region_40,0
7.783304811868489,1.0,13.54264938265402,2,10,20.15566609623737,0,22,1,0,3.0,33,50822.78,17.74,29.592300887300958,5,3,130,Credit Card,Region_21,0
159.32554984816338,1.0,28.29445958971942,3,6,70.31865109969632,2,56,0,95,1.0,60,64223.15,0.0,41.17345225464021,6,4,552,Credit Card,Region_07,0
15.51048439917531,4.0,13.13371316362115,6,14,71.24083875193402,1,17,0,0,1.0,33,53966.34,0.0,17.694495888499645,3,4,512,Credit Card,Region_20,0
10.41502311228874,1.0,15.183070002963012,4,17,70.20830046224577,2,25,0,0,2.0,30,71964.88,56.09,11.188938787940966,0,3,517,PayPal,Region_13,0
8.108349038908525,1.0,19.257895871712055,2,13,20.16216698077817,2,4,1,10,2.0,32,40800.7,213.72,9.222183044854278,1,4,924,Crypto,Region_36,0
16.265374415895938,6.0,34.12707998368687,7,16,71.95184492990751,2,7,0,15,1.0,38,58069.23,12.9,31.304755900048725,2,2,1171,Bank Transfer,Region_09,1
38.501326745554735,9.0,65.62954985149588,8,14,76.93023881419985,9,18,4,10,1.0,18,54099.95,0.0,26.332962282478867,3,5,1344,PayPal,Region_14,2
15.765238111015293,1.0,29.200301688521208,5,21,20.315304762220308,0,27,3,20,1.0,58,55777.63,92.07,32.58211523501493,5,3,1299,Credit Card,Region_16,0
64.79952522377096,11.0,115.69281329239028,10,25,84.2558955492296,9,67,0,10,,31,49033.21,142.31,29.26447492707859,0,2,1279,PayPal,Region_16,2
9.988029298739153,1.0,21.426464631276943,2,22,20.199760585974783,10,83,0,10,1.0,25,49444.93,15.4,45.40313094340612,0,4,1868,Bank Transfer,Region_15,0
7.679873146236825,1.0,24.866845479955778,1,15,70.15359746292474,9,49,1,0,2.0,26,72843.87,0.0,17.6714103471374,0,0,1618,Crypto,Region_03,0
13.560178622097345,3.0,27.950664409784842,1,19,70.81361071732584,0,85,0,0,2.0,32,26234.63,0.0,15.447217763062362,1,3,969,Credit Card,Region_05,0
8.763418002229525,5.0,12.423265131163575,6,21,20.876341800222953,2,75,0,10,1.0,44,79318.06,53.86,16.05475645979673,2,2,223,Credit Card,Region_05,0
19.939425335922195,7.0,35.49886796420659,7,10,22.791519547029107,1,64,0,20,2.0,26,27465.52,44.53,5.138750708507874,0,4,853,Crypto,Region_25,1
41.68371129947629,3.0,82.04032160457099,4,7,22.501022677968578,2,7,0,50,3.0,34,70351.94,0.0,42.97930455374805,7,4,887,Crypto,Region_36,1
16.959805657534332,1.0,23.48426556164025,1,9,70.33919611315069,2,59,3,5,1.0,40,54617.2,18.65,40.26339020749855,4,3,1804,Bank Transfer,Region_27,0
12.977144890901853,3.0,20.283572476179042,2,14,20.77862869345411,9,57,0,5,1.0,46,61639.23,0.0,34.40349019663754,3,1,1772,Crypto,Region_27,0
7.324554980593079,4.0,16.73401862510109,5,9,20.585964398447445,1,26,0,0,1.0,37,45645.33,47.31,66.3384792146323,1,4,358,Bank Transfer,Region_26,0
13.257436323838393,1.0,30.33504164893607,4,10,20.265148726476767,0,84,1,10,1.0,31,56236.77,104.72,37.86079379349221,5,3,1511,PayPal,Region_14,0
18.635398483617355,1.0,36.5885567818793,2,17,20.372707969672348,8,32,0,15,4.0,31,52319.14,444.81,23.978316877910267,2,6,926,PayPal,Region_01,0
10.482912322896036,4.0,15.835767605126335,5,17,70.83863298583168,0,96,0,0,1.0,43,60374.7,64.96,11.580822271011154,0,5,848,Credit Card,Region_26,0
42.11675472548963,8.0,78.4928350125133,6,0,76.73868075607834,1,45,1,15,4.0,32,36834.14,173.98,49.924720912991695,1,2,1249,Crypto,Region_36,1
74.97075587326508,10.0,137.01882440556005,9,23,34.99415117465301,0,36,0,5,1.0,29,38826.07,0.0,14.284263919850654,2,1,743,Crypto,Region_18,2
23.700428611652057,1.0,44.4148803360883,2,21,20.474008572233043,9,68,1,5,2.0,48,16091.28,80.88,35.0102324458644,4,2,1603,Bank Transfer,Region_23,0
50.506258061450694,20.0,90.42589612579954,15,20,90.20250322458028,1,14,0,0,2.0,33,49489.93,48.15,30.894864857711635,3,3,1057,Credit Card,Region_08,2
15.409075899106934,1.0,28.001308159320615,2,9,70.30818151798213,8,93,0,0,2.0,39,92385.81,0.0,66.01462149836834,3,4,371,Bank Transfer,Region_29,0
21.448933317131207,3.0,34.070580668142384,5,3,21.28693599902787,8,66,1,50,2.0,25,29890.74,3.76,24.63638439858798,2,2,1455,PayPal,Region_20,0
14.569897349181957,2.0,38.62683635351499,3,6,20.58279589396728,1,27,1,20,2.0,58,95959.63,59.37,32.78488110744043,1,1,358,PayPal,Region_17,0
20.075624283007254,9.0,36.921120912799005,7,13,23.613612370941304,0,62,1,15,1.0,18,56716.11,68.23,34.37900061280888,2,0,1123,Credit Card,Region_01,1
37.35933694165804,11.0,69.98936790023853,8,20,28.219054127164767,8,93,0,5,,33,55399.41,186.24,30.76074804791712,1,3,118,Crypto,Region_15,2
26.988800442061624,5.0,47.49028471356921,4,19,72.69888004420616,10,99,1,0,4.0,37,57231.1,0.0,18.25100098936887,0,1,570,Credit Card,Region_07,1
7.270139146776741,1.0,17.31280211109539,3,7,20.145402782935534,1,2,1,0,1.0,42,52283.67,38.66,28.515765327345726,4,4,950,Crypto,Region_14,0
23.166248974312918,3.0,35.20708344595258,3,8,21.389974938458774,1,51,2,0,1.0,31,49709.33,0.0,39.691175167640665,5,2,161,Bank Transfer,Region_02,1
18.889738673366953,4.0,25.273501934489694,3,6,71.51117909386936,1,43,0,5,2.0,32,35277.48,57.59,7.297266577811268,1,1,1323,Crypto,Region_08,0
10.211335834698128,6.0,18.228046965335835,7,14,71.22536030016377,2,59,0,15,5.0,35,55641.23,29.37,23.84391572791934,3,3,315,Credit Card,Region_28,1
22.506245325514428,1.0,50.78151796151463,1,3,20.45012490651029,0,57,2,10,3.0,48,53160.46,4.63,7.151371480081401,0,1,872,Bank Transfer,Region_10,0
19.085897040587355,2.0,40.39621884575621,2,8,20.763435881623494,1,94,0,15,3.0,38,51323.74,463.58,7.110646848232243,1,4,1516,Bank Transfer,Region_09,0
10.136007203140537,5.0,14.202580817000763,4,9,71.01360072031406,1,13,0,0,1.0,60,71196.86,145.02,54.71466500721127,8,2,682,Bank Transfer,Region_07,0
30.488706341274675,2.0,57.46010846415988,2,12,21.219548253650988,2,5,0,20,1.0,41,51022.06,423.01,28.823301662738682,1,1,769,Credit Card,Region_35,1
12.197842486880063,1.0,18.77616908723132,2,10,70.2439568497376,9,18,0,15,1.0,34,54796.02,108.69,17.431998528254393,2,3,1467,Credit Card,Region_36,0
40.12486220798899,5.0,74.3568354116017,5,9,24.0124862207989,2,61,1,0,2.0,36,38473.7,214.51,23.8528526068799,4,3,68,Credit Card,Region_08,1
18.04869272788192,1.0,35.00961629141764,2,13,20.36097385455764,1,4,0,0,4.0,34,70364.73,59.84,17.194198592472244,2,4,970,Crypto,Region_10,0
14.01280718999551,2.0,29.855448546482585,4,20,20.56051228759982,0,48,3,0,1.0,31,72383.0,0.0,11.31647477504071,0,5,1226,Credit Card,Region_02,1
31.02846364732969,,48.0229160794054,4,20,22.482277091786376,2,50,0,10,2.0,53,48033.13,508.08,26.929120267805658,3,5,1539,Bank Transfer,Region_23,1
22.595456777894377,6.0,34.34388225593562,8,12,22.711454813347324,1,25,0,20,3.0,33,60176.47,0.0,66.44399454677932,7,3,520,Credit Card,Region_20,1
12.59289830165385,5.0,22.28936415345214,6,12,71.25928983016539,10,55,1,0,2.0,45,79771.0,24.43,16.958062486862786,2,4,90,PayPal,Region_23,0
9.104158067096806,1.0,11.225367842451488,1,20,70.18208316134194,0,17,1,0,2.0,20,71312.05,110.31,16.957672364832796,0,4,929,Bank Transfer,Region_22,0
24.5142560434327,1.0,38.57705052825424,4,16,70.49028512086865,2,44,0,0,1.0,40,44972.69,0.0,7.095747823219267,0,3,646,Bank Transfer,Region_21,0
37.18943546097934,7.0,68.30027072587748,7,14,75.2065209645371,8,99,4,10,2.0,40,47107.39,56.36,44.44788629712382,3,2,1197,Credit Card,Region_26,1
9.062015298171994,1.0,11.731449714477751,4,6,70.18124030596344,0,94,0,5,3.0,40,76885.36,269.12,32.50443764504628,4,3,1669,PayPal,Region_32,0
7.143163584166639,2.0,24.14597890344224,3,21,70.28572654336666,10,81,0,20,5.0,53,46950.45,30.9,22.362260691799456,0,4,750,PayPal,Region_23,0
10.44090169114839,3.0,16.12779310759759,4,15,70.62645410146891,1,8,5,50,4.0,30,66550.58,0.0,20.54251945003261,1,1,1580,Credit Card,Region_14,0
14.494960806484775,3.0,24.73976903063413,4,7,20.869697648389085,0,89,0,20,2.0,30,68482.32,133.44,12.669229284493975,0,5,1555,Crypto,Region_37,0
27.006628546028857,5.0,50.09963408543763,5,6,22.700662854602886,0,1,1,0,1.0,34,57462.32,7.45,22.818194259570216,3,4,801,Bank Transfer,Region_30,1
20.110722487306244,1.0,28.659523571422504,3,13,70.40221444974613,1,95,1,0,1.0,46,67551.73,0.0,18.16811643151119,2,1,1005,Crypto,Region_31,0
33.648480157424764,2.0,63.109786844191305,5,0,71.34593920629699,8,41,0,0,1.0,51,80698.98,0.0,23.079341291825255,2,2,498,Crypto,Region_09,1
17.95426354810182,4.0,34.02501263575271,2,10,71.43634108384815,0,69,7,0,1.0,46,73071.7,0.0,35.38113865587934,3,4,1862,Crypto,Region_19,0
13.884070284382412,2.0,23.244798934999842,4,9,70.5553628113753,1,83,0,20,2.0,18,70582.24,89.61,16.349588189391223,1,0,1622,PayPal,Region_24,0
6.988601802030743,1.0,13.949119781636753,1,11,70.13977203604061,0,71,6,20,3.0,45,83201.91,3.89,18.806351817317918,1,5,1770,Crypto,Region_36,0
11.265225456102554,1.0,22.418818385104444,1,11,20.22530450912205,9,67,0,0,1.0,29,37830.89,60.12,11.651342722667813,1,2,1700,Credit Card,Region_32,0
18.616269374788974,5.0,40.68523843612165,6,3,71.8616269374789,8,88,0,50,1.0,37,30563.93,127.46,3.2314291748996506,0,3,2000,Crypto,Region_01,0
24.032109418147375,4.0,55.7591042925657,5,15,71.92256875345178,10,30,0,5,2.0,31,15097.83,0.0,18.078184545640177,2,4,586,Bank Transfer,Region_11,1
14.89813664054489,2.0,21.509141014807437,4,1,70.59592546562179,9,18,1,5,3.0,20,45600.24,0.0,70.977853017291,3,1,1798,Bank Transfer,Region_28,0
21.59583935973421,2.0,32.38577379781386,3,11,20.863833574389368,0,70,1,5,1.0,33,74869.47,5.46,11.521955402681057,1,2,1400,Bank Transfer,Region_30,1
8.06936877558038,2.0,15.03861185258476,4,10,70.32277475102322,8,46,3,5,1.0,24,62854.7,220.1,23.053570712518155,2,0,916,Bank Transfer,Region_25,0
11.59602508591075,2.0,10.478252751242483,2,23,70.46384100343643,1,36,0,0,2.0,34,47244.09,25.6,35.28791801852559,2,8,308,Credit Card,Region_26,0
27.760634089348727,9.0,53.21621751995524,8,10,74.99691413608276,9,93,0,0,1.0,35,95891.58,0.0,17.178075108483178,1,7,1933,PayPal,Region_26,1
9.371984925804973,1.0,17.434976681813236,3,3,20.187439698516098,8,90,5,5,,30,43759.41,12.26,19.878055357994725,3,1,124,Bank Transfer,Region_08,0
11.086359758285287,1.0,21.791880561220403,4,16,70.22172719516571,8,80,0,5,2.0,48,42442.46,12.14,28.620768973364736,0,4,574,PayPal,Region_04,0
8.366324859639871,2.0,13.541525071752034,3,9,20.334652994385596,0,95,0,15,4.0,41,41212.89,110.3,59.63946854708472,9,3,1293,PayPal,Region_03,0
190.62021778541958,2.0,35.586718031217536,3,16,70.76248087114168,10,18,0,95,4.0,65,77332.06,0.0,13.736376537424844,1,2,1984,PayPal,Region_14,0
21.80670948459281,2.0,41.61327496048641,3,13,70.87226837938371,9,88,3,15,1.0,37,35939.61,366.49,36.46072751328251,2,3,1777,Credit Card,Region_08,1
21.78239812189929,3.0,40.20843364775168,2,18,21.306943887313956,10,92,0,50,1.0,29,61706.93,0.0,17.506563128695454,1,1,1153,Credit Card,Region_03,0
45.218176466403655,3.0,74.66722456221387,4,13,72.71309058798423,1,24,1,10,1.0,31,40525.76,97.71,12.936399364239293,1,5,2008,Bank Transfer,Region_23,1
23.74997823623796,6.0,43.60998996123593,4,14,22.849997388348555,2,52,0,0,2.0,28,62546.49,52.16,12.103679332391062,1,2,81,Credit Card,Region_17,1
8.138618978672566,3.0,23.919337591859797,4,14,70.48831713872035,0,95,1,5,1.0,27,64258.62,0.0,4.541913404323029,0,3,1541,PayPal,Region_35,0
19.407136299268977,13.0,36.13730563108348,11,8,75.04585543780993,10,74,4,20,3.0,28,41857.4,0.0,4.535209474241794,0,1,353,Credit Card,Region_35,2
6.761097106781855,4.0,12.855252856048162,3,20,20.540887768542547,8,3,2,5,1.0,37,46887.61,156.27,25.779166688700222,0,1,793,Crypto,Region_18,0
25.802362823504282,10.0,54.24444137176184,7,4,75.16047256470085,9,45,0,15,4.0,32,23477.05,0.0,45.746899121807246,5,4,89,PayPal,Region_02,2
21.144669718951366,1.0,34.332327705288094,1,10,70.42289339437903,2,30,1,15,2.0,24,67319.92,0.0,48.46357105398351,4,5,707,Bank Transfer,Region_13,0
25.695858598549734,7.0,50.700933677823386,6,7,73.59742020379696,10,35,1,0,,40,47323.65,372.56,25.34861646403053,2,0,403,Bank Transfer,Region_40,1
14.23696583131484,3.0,22.97575173110584,5,16,20.85421794987889,8,3,0,0,2.0,42,34600.8,160.83,31.905428639063604,3,1,692,Bank Transfer,Region_01,0
5.011982755703009,2.0,14.454485676991098,3,11,70.20047931022812,9,1,2,15,4.0,32,71231.17,58.0,9.282474579145871,1,3,986,Credit Card,Region_07,0
15.192675372380519,5.0,31.33705644262275,6,10,21.51926753723805,9,38,2,0,1.0,35,61084.93,0.0,28.564527947027546,1,3,1742,PayPal,Region_09,1
34.98193937952236,4.0,60.90609656650415,6,10,72.79855515036179,2,96,1,5,1.0,44,51423.11,0.0,14.667976579344016,1,1,1537,Crypto,Region_11,1
13.663248608699273,4.0,23.26404186399398,5,20,71.09305988869595,8,43,2,0,1.0,27,69053.36,147.9,2.531481267009464,0,7,539,Crypto,Region_38,0
114.85873494853537,1.0,25.563629997827505,2,10,70.22971746989707,2,90,0,95,2.0,43,27885.22,211.74,8.684631710461863,1,3,1362,Crypto,Region_07,0
30.751443721406822,4.0,46.07534419241569,4,8,22.460115497712547,1,89,3,0,1.0,44,37947.93,0.0,41.213015567804014,8,2,1096,PayPal,Region_03,1
47.19647098145918,3.0,82.74400221715302,4,6,72.83178825888756,0,18,1,5,2.0,41,49632.61,49.09,48.083262161681596,3,5,1067,Credit Card,Region_05,1
40.91852991409944,8.0,76.75544126350157,6,6,76.54696478625591,0,40,0,20,2.0,31,22370.16,44.0,40.82110231118836,3,4,1680,Credit Card,Region_25,2
25.2227892473065,3.0,43.86048678817677,5,12,21.51336735483839,1,96,0,0,2.0,33,56408.48,44.44,30.850756604205337,2,3,1438,PayPal,Region_33,1
48.28103181561242,10.0,87.580174169137,9,13,79.6562063631225,8,37,1,15,1.0,41,27386.07,67.62,29.182810801348786,1,4,1249,Credit Card,Region_12,2
63.869622308177426,8.0,104.75956542641734,7,21,80.2191395693084,2,73,0,10,3.0,38,37107.74,0.0,43.533392918210886,3,4,1910,Credit Card,Region_10,1
5.260665261025434,2.0,5.196806991498051,3,24,20.21042661044102,0,64,0,15,1.0,35,68558.96,0.0,28.48072449205142,2,2,454,Credit Card,Region_18,0
16.01121166514763,,32.21744435802478,3,3,70.6404484666059,1,34,1,15,2.0,37,48188.38,0.0,11.789971198406263,0,5,53,Bank Transfer,Region_36,0
23.431449142906203,,38.4215715719091,3,22,70.93725796571624,9,10,1,0,1.0,25,51269.05,7.95,45.60551374524866,1,5,526,PayPal,Region_26,1
30.775185216914448,7.0,48.88303483633594,7,15,74.30852593036802,10,58,0,0,3.0,28,43345.53,109.62,34.20847226224491,0,2,275,PayPal,Region_30,1
9.36567095610344,5.0,22.16625038575917,5,12,70.93656709561034,10,77,0,50,1.0,33,45179.97,188.85,34.71104369162956,1,3,192,Bank Transfer,Region_19,0
11.94620897734521,4.0,24.081596429569892,6,15,20.955696718187617,0,69,0,10,4.0,52,48576.81,52.18,5.3277754974257725,0,2,1306,Crypto,Region_34,0
59.41604048721712,9.0,101.50620611290536,7,15,80.69488728769907,0,42,2,0,2.0,41,33270.34,41.2,56.26344595227033,2,0,239,Bank Transfer,Region_28,2
42.31594986796864,3.0,76.86122898450405,4,13,72.53895699207811,1,88,1,5,1.0,39,60772.07,2.02,30.58468819547167,0,5,73,Crypto,Region_24,0
168.30866221294013,3.0,25.015820224702786,3,22,71.00985197327763,2,86,1,95,2.0,34,75060.29,0.0,17.19898021936759,3,3,1119,Bank Transfer,Region_16,0
8.677849641168798,4.0,14.857834069725758,4,11,70.6942279712935,0,4,1,0,2.0,40,79278.1,0.0,24.149300272391304,0,3,112,Crypto,Region_25,0
10.283041964431394,1.0,19.389416483603814,1,12,20.205660839288626,2,25,0,0,2.0,40,30397.37,0.0,6.255900039610099,1,5,1143,Crypto,Region_37,0
10.161787448495048,1.0,14.248735411289108,3,10,70.2032357489699,10,81,0,0,3.0,42,59077.15,176.24,25.889228384833824,0,7,706,Bank Transfer,Region_40,0
5.940199572938801,2.0,14.404023898916039,2,12,20.237607982917552,1,31,1,0,2.0,34,51846.27,0.0,20.938969052732553,1,3,1187,Bank Transfer,Region_08,0
10.675633731695868,1.0,23.702899228660844,3,11,70.21351267463392,9,46,1,0,1.0,27,79824.8,171.18,17.636293565411872,3,4,1369,Bank Transfer,Region_29,0
32.8887821889835,6.0,60.517635564669575,6,4,73.94665386267802,0,55,0,5,1.0,34,56967.87,115.81,49.23916083892531,3,0,1210,Crypto,Region_39,1
7.317781090955712,,15.241916721422289,2,13,20.146355621819115,10,84,0,0,4.0,26,61011.34,2.13,35.44395435547597,4,3,1643,Credit Card,Region_20,0
37.314913050064725,4.0,59.90269929827279,3,10,22.98519304400518,2,89,0,0,2.0,40,44908.41,0.0,8.137997789554417,0,5,651,Bank Transfer,Region_03,1
29.817931133247555,7.0,60.48321217406324,7,7,74.17451035865466,2,49,0,5,2.0,50,53605.99,17.1,11.405604006415563,2,4,1692,PayPal,Region_02,1
9.082111151062527,1.0,15.891175131630202,2,2,70.18164222302126,10,98,1,5,1.0,38,99079.54,41.26,42.48544062399776,0,1,475,PayPal,Region_39,0
23.182278871825332,5.0,37.05182014365852,4,9,22.318227887182534,10,73,2,0,2.0,21,31101.11,0.0,60.13799578947846,3,3,1278,Crypto,Region_14,1
23.088362969875973,3.0,42.28823240805638,4,10,21.38530177819256,8,57,1,0,,22,47860.38,0.0,34.13352059233253,2,3,81,PayPal,Region_23,0
32.89823883220073,4.0,62.94417985990573,3,19,22.63185910657606,2,27,0,0,2.0,28,63197.0,26.42,12.520827693274455,2,2,394,PayPal,Region_20,1
12.225371970823378,1.0,24.56741738275193,1,13,20.244507439416466,10,94,0,5,5.0,29,52350.04,40.77,38.81342525149719,4,2,1173,Crypto,Region_34,0
22.307583171960875,5.0,34.730197885587415,6,15,72.23075831719609,10,78,0,5,2.0,32,47043.42,23.57,19.320550793721672,3,5,75,Credit Card,Region_32,1
25.29593290785088,7.0,49.32086868171908,6,8,73.54143060709913,10,54,0,0,5.0,48,69391.98,415.04,49.54521999546221,8,3,1664,PayPal,Region_27,1
9.927359951757953,2.0,17.565952504168365,1,20,70.39709439807032,2,57,1,5,1.0,29,69625.67,0.0,12.751878721972695,2,3,935,Crypto,Region_17,0
5.249328678746348,4.0,11.954812533664033,3,11,70.4199462942997,1,39,1,10,4.0,59,74119.01,106.05,9.521825215252088,0,2,979,Crypto,Region_10,0
55.52709857557159,4.0,95.94101993312236,4,19,24.442167886045727,2,57,0,15,2.0,29,48921.54,174.2,23.147299599021874,1,3,1484,Crypto,Region_34,1
26.105081782322284,,52.218705155113376,5,14,71.56630490693934,8,71,5,5,1.0,49,62924.83,0.0,4.646901544347449,0,1,74,Credit Card,Region_32,1
14.285698130241089,,26.62783426575807,1,15,70.28571396260482,9,45,4,50,3.0,24,35498.44,188.78,10.479421171471984,0,9,375,Crypto,Region_09,0
23.9708114366567,3.0,49.09157715667321,2,21,71.4382486861994,8,73,3,15,2.0,21,48565.47,274.86,18.40692587190028,3,3,1168,Crypto,Region_09,1
9.078902177212232,1.0,8.667683374701408,3,11,20.181578043544246,10,44,0,0,2.0,28,45703.93,266.57,35.81663838562467,2,3,1375,Credit Card,Region_13,0
22.77424307348455,11.0,33.98654193419712,9,17,25.0103334761666,9,9,2,5,1.0,32,64599.48,85.47,79.16027776029101,10,1,59,Credit Card,Region_28,1
6.4252921150312305,1.0,10.365386573879684,2,21,70.12850584230063,0,81,3,0,2.0,72,51310.19,334.27,13.816538452838945,1,5,1790,PayPal,Region_31,0
60.997604884951,6.0,117.1338138927757,5,19,27.31971258619412,9,47,2,5,1.0,36,48876.57,0.0,14.10226853825459,0,3,654,Credit Card,Region_08,1
7.434974875087645,7.0,23.19700926352639,8,24,71.04089648251227,9,91,0,0,1.0,18,56638.24,0.0,26.258714615382452,3,3,190,PayPal,Region_24,0
8.062417797904153,1.0,10.07022054085348,1,14,70.16124835595808,10,61,0,0,4.0,43,52750.7,26.33,15.499292113398164,0,4,1110,Credit Card,Region_12,0
10.215399311907849,1.0,18.652953919491495,2,14,20.204307986238156,10,27,4,20,1.0,44,51812.74,61.35,24.741324511259485,1,3,731,Crypto,Region_34,0
20.39378688379145,1.0,37.48457626722789,4,10,70.40787573767582,8,19,7,5,4.0,32,39182.19,0.0,39.79309043301813,4,5,856,PayPal,Region_07,0
12.25340184051077,5.0,25.646911378109657,5,6,71.22534018405108,1,87,1,20,2.0,27,55609.13,0.0,16.086884667744936,1,6,842,Crypto,Region_35,0
7.430147285295838,1.0,17.799078445594947,1,18,20.148602945705917,1,69,0,0,1.0,38,46870.09,0.0,28.4407124904155,2,2,559,Credit Card,Region_30,0
40.51755529640925,1.0,67.35960856897832,3,14,20.810351105928184,9,40,3,0,,31,63163.06,87.04,28.93252740884519,2,3,1327,Crypto,Region_36,1
16.32014526787527,1.0,29.699228283262343,3,11,20.326402905357504,8,95,4,0,2.0,28,58917.96,0.0,46.00423631382443,6,6,53,Crypto,Region_21,0
15.110259993992006,2.0,17.155878370336012,2,21,20.60441039975968,1,5,1,5,1.0,34,41325.18,96.9,49.73500158424276,2,3,1027,Crypto,Region_15,0
16.220789086202434,2.0,33.251376770366406,4,9,70.6488315634481,1,10,0,20,1.0,52,38866.15,148.68,25.941271584046287,1,4,1874,Credit Card,Region_06,0
31.745302455438296,4.0,55.448445078168746,4,1,72.53962419643506,8,29,0,10,2.0,32,68962.26,0.0,12.056274878014595,1,3,1951,PayPal,Region_16,0
29.19618231280325,2.0,46.52621776653554,3,19,21.16784729251213,9,2,0,0,1.0,27,54081.53,0.0,49.916225464943466,9,5,1116,Bank Transfer,Region_14,0
9.2563875837446,2.0,18.32423170052434,4,19,70.37025550334978,10,71,1,5,3.0,30,60012.26,20.96,24.516399416605154,1,1,101,Credit Card,Region_12,0
23.325658949679067,2.0,40.13683989439484,4,13,70.93302635798716,0,32,0,10,,29,45975.64,0.0,7.844457278361086,0,4,1978,PayPal,Region_33,0
14.200359424956835,1.0,31.86795211880342,2,10,70.28400718849913,8,53,3,0,3.0,24,47911.14,209.18,10.372532129624352,0,2,49,Credit Card,Region_17,0
14.874351092627554,5.0,22.310921288998525,4,13,71.48743510926276,10,46,0,5,,47,39627.7,16.92,23.952153767635807,3,1,1260,Credit Card,Region_33,0
6.190969310085373,1.0,22.258520758458346,5,9,20.123819386201706,8,82,0,10,4.0,33,58808.29,0.0,8.290326532689896,0,4,753,Bank Transfer,Region_38,0
11.379866458151138,6.0,24.756537339488798,5,12,21.365583974978136,8,9,2,50,1.0,40,43273.73,191.89,28.30097148231659,2,3,428,Credit Card,Region_28,0
8.801045875100591,3.0,22.280354641101923,4,9,20.528062752506035,9,18,0,0,,31,25033.36,0.0,54.653282265353596,4,2,622,PayPal,Region_21,0
62.25404579709651,7.0,106.91310142703146,7,21,78.71556641159351,9,8,1,10,2.0,28,53865.39,0.0,26.320531344564884,4,3,1538,Credit Card,Region_32,2
18.698292324797666,2.0,42.599223070304596,3,15,70.74793169299191,10,6,0,10,4.0,45,48397.51,0.0,18.55410598593896,3,3,347,PayPal,Region_15,0
10.699590391784417,8.0,13.196525478170617,9,8,71.7119344626855,8,60,1,5,1.0,33,76260.39,41.56,19.023877541607398,2,2,46,Bank Transfer,Region_25,1
12.075589936840865,5.0,20.687003404045683,5,16,71.20755899368409,1,13,0,15,4.0,34,42076.89,138.68,43.56549642673217,3,2,1563,PayPal,Region_36,0
38.42639533287898,5.0,75.69079473621598,5,11,23.842639533287898,0,1,1,5,1.0,29,51238.35,99.69,20.562589476478063,1,5,854,PayPal,Region_23,1
22.767371013707514,1.0,43.515113187195894,4,13,70.45534742027415,10,21,0,10,2.0,31,84440.38,2.51,21.357887078647313,1,2,325,Credit Card,Region_34,1
16.307505435499912,3.0,23.157700197420034,3,10,20.978450326129995,2,59,0,15,1.0,36,63625.97,0.0,35.61986689922728,3,5,1187,PayPal,Region_12,0
51.44257757490527,11.0,98.27368994404274,10,18,81.31736706647916,8,44,1,5,,38,72385.58,0.0,8.423150989299115,1,1,1890,Crypto,Region_07,2
13.966534745433949,2.0,26.839534805493795,3,9,20.55866138981736,8,19,0,5,3.0,33,51112.73,23.32,36.786611694731995,2,2,1020,Credit Card,Region_32,0
10.929592390566295,1.0,17.592265122744664,3,5,20.218591847811325,9,25,4,5,1.0,50,51763.84,324.61,21.681176977977504,3,1,1377,PayPal,Region_24,0
15.079974601771255,3.0,19.433908002940157,4,4,20.904798476106276,9,58,2,15,2.0,46,52600.39,146.77,26.69300186832086,4,3,1788,Bank Transfer,Region_23,1
15.66435800859927,3.0,30.369597064842825,3,9,70.93986148051596,2,67,3,0,1.0,38,59656.46,2.48,27.939436771901654,0,0,805,PayPal,Region_39,1
16.17943523323271,1.0,28.305844404986747,1,3,70.32358870466466,10,38,0,15,3.0,39,81624.05,142.64,24.64424929495194,0,2,198,PayPal,Region_34,0
12.277683958552803,4.0,22.88137786913122,3,20,20.982214716684226,9,22,0,0,3.0,28,65489.12,189.95,32.62491959062422,4,3,2019,Crypto,Region_05,0
11.52588184922359,3.0,12.820580527749504,2,12,20.691552910953416,9,79,0,0,3.0,36,32599.01,0.0,31.181872100776527,4,4,1125,Bank Transfer,Region_32,0
10.282505778238278,3.0,16.415225109047167,4,18,20.616950346694296,10,24,1,15,3.0,34,39473.37,0.0,6.148665540742027,0,2,1269,Credit Card,Region_13,0
21.71328883467553,6.0,41.48544301012351,3,14,22.605594660161064,1,72,0,0,2.0,45,74003.13,55.11,35.33842079534639,5,3,1367,Bank Transfer,Region_32,1
18.518397877752093,1.0,42.71543923647743,2,11,20.370367957555043,0,52,1,0,2.0,44,70003.23,0.0,25.051294500020767,3,5,1917,Credit Card,Region_11,0
10.653647984423086,3.0,18.150158257708405,4,31,70.63921887906538,1,10,1,10,2.0,33,53327.39,0.0,59.01184540803573,11,1,1502,Crypto,Region_08,0
7.124746272756019,5.0,20.04103858630144,6,29,70.7124746272756,8,24,0,5,2.0,27,56507.92,0.0,42.359457332362624,7,3,1793,PayPal,Region_32,0
16.402942020184142,1.0,33.46203774058069,3,18,70.32805884040368,1,30,2,20,1.0,35,62368.47,0.0,63.88720544974211,1,6,1123,PayPal,Region_18,0
11.22394378646474,5.0,21.372023646903273,6,8,21.122394378646476,10,45,4,50,1.0,33,54799.11,3.26,14.685460157689281,1,3,1967,Credit Card,Region_19,0
24.842560866428663,4.0,39.65490064124102,5,17,71.98740486931429,2,26,1,0,1.0,32,56312.52,0.0,12.824161668711476,0,1,1117,Credit Card,Region_07,1
850.3231175581851,8.0,148.20576844281854,7,31,33.60516988093096,1,99,4,95,2.0,27,33575.2,189.33,36.78606130234665,6,5,1656,Bank Transfer,Region_18,2
24.33159659341589,,46.88457822168161,5,17,22.43315965934159,9,62,0,0,1.0,25,50927.11,0.0,31.0568367567678,1,3,1342,PayPal,Region_38,1
13.67642392797599,1.0,21.985085199830717,1,0,20.27352847855952,2,46,0,5,5.0,35,56825.65,59.84,39.1668096066819,0,1,1087,PayPal,Region_17,0
15.308842513004743,4.0,24.47910292957804,5,10,71.22470740104038,2,13,0,0,1.0,37,54923.32,7.8,38.98910610178597,0,0,1603,Credit Card,Region_35,1
22.46890198224635,2.0,39.540971872871964,1,16,70.89875607928985,8,22,1,0,1.0,48,43899.31,96.45,18.035213227401567,2,1,271,Bank Transfer,Region_09,1
31.30602021170515,5.0,55.53168222937331,6,11,73.13060202117052,8,15,1,0,1.0,31,85163.49,224.67,23.983524512813137,1,3,943,Credit Card,Region_37,1
6.539433274659631,2.0,16.27481977535577,2,8,20.261577330986384,9,19,0,0,2.0,35,33529.33,55.35,14.353595809002318,0,1,1262,Credit Card,Region_09,0
13.20160003799872,3.0,21.235391577096642,4,13,70.79209600227992,0,2,0,15,2.0,48,34737.84,0.0,23.361961265116534,4,2,799,Crypto,Region_15,0
12.68368382203182,1.0,26.83683105977886,3,14,70.25367367644064,2,5,0,20,2.0,47,48158.55,0.54,33.56411801306355,0,5,612,Crypto,Region_22,0
12.385358170630889,,24.492170377407618,5,14,20.99082865365047,9,28,4,0,1.0,23,34272.25,12.72,3.566716454830358,0,3,1700,PayPal,Region_33,0
18.44629540859509,1.0,24.83335179866091,1,9,20.368925908171903,8,3,0,10,3.0,30,74367.0,93.13,30.50829059550802,2,1,1856,Credit Card,Region_33,0
13.926248016178247,,26.539784744037384,2,16,70.27852496032357,8,64,0,0,4.0,41,54887.1,0.0,10.838286671033432,1,4,1919,PayPal,Region_27,0
22.004099113486593,1.0,26.268586232890357,3,16,70.44008198226973,0,7,1,0,1.0,28,99653.3,124.52,17.091960413261287,2,3,172,Credit Card,Region_32,0
16.486868140524088,1.0,25.200246344683425,4,11,70.32973736281048,2,47,0,5,2.0,30,79805.78,0.0,33.56129023625403,0,3,1010,Credit Card,Region_33,1
12.86319106572958,1.0,25.469128151124487,2,20,70.2572638213146,2,83,1,0,,40,51624.13,198.53,37.48189475371472,1,2,1251,Credit Card,Region_33,0
12.601132798460554,1.0,22.628823535932124,2,12,70.25202265596921,9,15,1,0,,30,44523.25,107.96,23.757176516211587,3,4,209,Credit Card,Region_24,0
29.145432252713608,,43.622317525076795,11,7,75.82908645054272,0,46,4,50,1.0,53,62093.29,0.0,2.698102245421835,0,5,193,PayPal,Region_06,2
65.53065188160211,7.0,112.35936455201606,7,29,79.1742912634243,1,30,3,0,2.0,42,72122.21,0.0,11.03265416066889,1,5,1480,Bank Transfer,Region_01,2
62.16979820023033,4.0,98.8610711941535,6,26,24.973583856018426,9,95,2,10,4.0,40,37945.29,51.59,16.067764796451748,0,4,453,Bank Transfer,Region_09,1
44.398139713084575,9.0,73.20383519833082,7,8,77.99166514835522,2,97,0,15,3.0,32,23411.92,204.96,52.35070638956822,0,5,482,Credit Card,Region_23,2
14.909646734589998,2.0,29.73268086885475,3,8,20.5963858693836,9,28,3,15,1.0,23,39862.73,0.0,19.420562721766675,0,3,587,Credit Card,Region_08,0
46.23825058717716,13.0,80.44168636404316,10,21,32.02194515266606,9,75,1,15,2.0,45,41457.11,13.2,13.378998482430335,2,1,58,Crypto,Region_29,2
9.157435131854118,5.0,17.333110945970205,4,13,20.91574351318541,9,67,0,0,1.0,45,71541.28,15.95,46.16821868491049,3,4,628,PayPal,Region_18,0
5.88081812348591,2.0,10.65369452997212,3,15,70.23523272493944,9,42,1,50,2.0,38,43327.35,8.61,44.43171316598396,4,1,201,PayPal,Region_34,0
9.186092052065124,1.0,16.697881046215155,3,13,20.1837218410413,2,33,0,10,2.0,28,60060.88,47.81,4.922996690297211,0,3,1021,PayPal,Region_08,0
6.981170859490166,2.0,17.681769662647557,2,21,70.2792468343796,0,5,0,50,,27,41068.79,354.24,31.22006038355764,3,2,1497,PayPal,Region_10,0
24.086242604695556,1.0,42.34068347759688,4,21,70.4817248520939,0,48,0,50,4.0,32,43245.84,0.0,33.534318010440444,4,4,560,Bank Transfer,Region_35,0
23.428567765791488,5.0,46.72476384372421,5,10,72.34285677657915,8,59,2,0,1.0,48,56886.75,90.62,22.764210908337162,2,5,1739,Crypto,Region_16,1
21.36239788619997,7.0,26.06559923047244,6,22,22.990735704067994,10,50,0,5,2.0,20,31051.67,0.0,45.81228676662606,0,2,743,Crypto,Region_24,1
17.385934720182487,1.0,36.851812280548714,2,8,70.34771869440365,8,8,1,10,2.0,38,64660.82,0.0,19.232115244520728,0,2,1307,Credit Card,Region_08,0
7.7780025132595725,1.0,7.5500140633183435,2,13,70.1555600502652,1,4,1,15,2.0,39,60122.14,0.05,22.13480733684015,3,4,731,Crypto,Region_11,0
18.051962141988678,4.0,27.128833240188012,6,14,21.444156971359096,0,63,3,50,1.0,37,43280.99,30.5,43.71974563665792,1,1,829,Credit Card,Region_05,1
25.20970167922052,10.0,41.85437557514065,7,6,25.041940335844103,9,15,2,50,1.0,42,91906.66,15.82,5.958750448932671,0,2,1090,Crypto,Region_24,1
18.384494085151008,3.0,38.511365457429,3,14,71.10306964510906,10,58,0,0,3.0,33,81095.93,0.2,37.062854676940155,0,1,791,Credit Card,Region_36,0
29.984303200085908,10.0,49.525246514431345,7,7,25.996860640017182,8,55,1,10,1.0,55,29528.56,0.0,26.57241937097547,1,1,96,Credit Card,Region_05,1
13.454721118784011,2.0,20.93905411762945,5,5,20.53818884475136,9,64,3,0,4.0,42,57114.54,8.81,9.1815948927976,0,2,944,Bank Transfer,Region_38,0
12.56917130597517,2.0,17.816069760626412,3,4,70.502766852239,1,83,0,15,1.0,24,51504.07,123.32,20.518224806878667,3,2,334,Crypto,Region_30,0
52.46227512265133,10.0,95.70906922506958,8,13,80.49245502453027,0,34,0,0,,48,40492.74,0.0,58.31604417479146,9,4,1746,Bank Transfer,Region_11,2
13.205866491703597,2.0,27.488601359504816,3,14,20.528234659668144,2,9,0,20,3.0,35,75702.44,13.59,29.510859000457263,4,5,1574,Credit Card,Region_38,0
8.06885097681337,1.0,23.045554337067216,3,8,20.161377019536268,1,88,0,50,,47,40785.46,0.0,31.265340297849797,5,2,125,Credit Card,Region_26,0
24.988899059973726,5.0,56.97910580688656,6,11,22.498889905997373,2,46,0,0,5.0,45,52916.92,26.79,25.464476276977084,1,7,1943,Crypto,Region_39,1
15.967007090552443,3.0,31.991516528934245,3,12,20.958020425433148,0,91,3,5,2.0,40,50802.27,9.01,32.48332415005555,1,1,231,Crypto,Region_03,1
12.584086218367732,2.0,24.479626127408757,3,12,20.50336344873471,2,34,5,0,,32,19994.42,240.48,47.72434092142727,7,0,774,PayPal,Region_40,0
10.051690440593854,5.0,12.006344132527877,4,9,21.005169044059386,0,61,1,5,3.0,43,69104.86,189.09,13.415805874225779,0,1,1032,PayPal,Region_37,0
33.64123844603842,2.0,70.10074497152404,3,11,21.34564953784154,9,32,1,0,5.0,36,93792.83,0.0,5.546953916919637,1,3,877,Credit Card,Region_13,0
24.144153181461895,4.0,44.53649127330114,6,9,71.93153225451695,1,14,4,0,1.0,48,45791.39,0.0,36.25493057126887,5,4,1541,Crypto,Region_14,1
6.94696013673213,1.0,11.059204036579652,2,20,70.13893920273465,9,84,0,0,3.0,44,63193.71,71.22,51.518489169548,2,1,120,Crypto,Region_26,0
11.545871367775321,2.0,22.720227307263347,4,6,20.461834854711014,0,34,1,0,5.0,55,57795.54,0.0,61.66523214553244,9,4,1174,Crypto,Region_10,0
55.022571846692266,7.0,95.85887568707167,6,16,77.70316005853692,0,9,2,5,1.0,31,75130.44,116.84,42.216533989646976,7,5,412,Bank Transfer,Region_23,2
23.79190932275126,1.0,31.137078959495494,1,4,20.475838186455025,9,79,1,10,1.0,44,71327.77,0.0,42.015096222591694,1,2,1783,Credit Card,Region_11,0
9.62360601451762,2.0,20.181505430799724,4,12,70.38494424058071,10,19,0,5,3.0,23,57117.65,0.0,24.40694973348449,3,3,506,Crypto,Region_04,0
6.469047051334441,1.0,18.35665395207151,5,10,70.12938094102668,9,7,2,0,5.0,44,44524.9,155.63,24.995392075959234,0,5,934,Crypto,Region_13,0
34.012727900262256,6.0,64.0075233964768,6,5,74.08152734803147,9,94,0,0,2.0,25,92874.92,0.0,23.310969794278975,2,6,675,Bank Transfer,Region_31,1
7.012964571012164,4.0,12.587940577813624,4,15,20.561037165680972,1,7,2,0,2.0,43,50981.71,97.29,31.888251776526293,1,6,972,PayPal,Region_18,0
10.232181712934118,3.0,18.484285845238215,3,11,20.613930902776048,1,12,4,10,1.0,32,36259.88,23.46,28.384918463162943,2,4,747,PayPal,Region_34,0
22.13039063629111,4.0,40.696101883905435,6,17,21.77043125090329,10,87,1,0,4.0,30,48073.72,0.0,47.69205906894498,4,2,174,Bank Transfer,Region_14,1
11.847852395152362,3.0,22.034405416717174,4,19,20.71087114370914,0,75,0,50,,25,58774.15,7.83,16.374294756805234,0,5,1420,Crypto,Region_25,0
16.04930879360615,3.0,28.585249241088302,3,15,70.96295852761637,8,58,4,10,1.0,35,41684.15,29.81,18.304313439142156,0,1,279,Crypto,Region_25,0
9.267802413122174,4.0,16.80875874096417,4,18,70.74142419304978,9,80,2,0,2.0,32,40709.23,78.51,16.85041448342355,2,4,742,Crypto,Region_02,0
10.919042672642204,3.0,27.429340512958287,4,14,70.65514256035853,2,46,0,0,2.0,26,76155.86,307.22,10.368950244832183,0,3,442,Bank Transfer,Region_18,0
12.113152658503685,1.0,24.165040857039298,3,19,20.242263053170074,2,59,1,10,1.0,28,65593.0,13.56,49.663292353780776,6,1,1645,Bank Transfer,Region_18,0
12.933737183571823,2.0,23.8064618505521,4,11,70.51734948734287,10,40,0,20,1.0,32,67048.99,0.0,58.3574333218215,10,3,1504,Credit Card,Region_23,0
12.668655474564812,2.0,26.099714335696248,4,23,20.50674621898259,2,51,0,5,1.0,32,60733.57,0.0,27.556796037182135,1,2,603,Crypto,Region_02,0
14.503678546137797,2.0,29.40311631696425,3,7,70.58014714184552,10,99,1,0,1.0,47,47794.53,157.82,40.957087383819044,4,1,1548,PayPal,Region_21,0
34.382090501705164,6.0,66.61775271691859,6,4,24.12585086020462,9,75,1,15,5.0,50,46873.89,21.2,31.04676123113274,5,4,567,Bank Transfer,Region_01,1
52.30299557819671,14.0,90.36083498158978,12,7,84.64483876189507,8,53,0,50,1.0,36,77044.55,19.64,10.406737213080971,1,2,1975,Credit Card,Region_29,2
29.41292517106095,3.0,50.54062577717076,3,3,21.764775510263657,10,35,0,0,4.0,29,54169.02,94.34,63.51412863725545,0,1,1245,Bank Transfer,Region_32,1
13.028128272852811,7.0,19.382843620163797,7,4,21.823937958199394,8,76,3,15,3.0,26,72275.49,0.0,18.847932583252366,0,4,723,Crypto,Region_36,1
12.429728707566204,1.0,26.207126291087626,2,14,70.24859457415133,10,98,1,10,3.0,31,66524.25,163.15,3.82501331431243,0,3,775,PayPal,Region_13,0
54.15243928249905,16.0,101.06374558053342,13,20,87.3287805703997,10,68,1,0,2.0,66,38694.79,48.52,53.47334907945245,1,0,323,Credit Card,Region_13,2
16.306706710627303,1.0,22.98585771651729,4,12,70.32613413421255,1,12,2,10,2.0,28,66355.01,107.4,10.393723559259385,1,3,1823,Crypto,Region_03,0
33.88795665346285,14.0,62.95251104033475,12,3,29.4886278629696,8,71,0,0,2.0,25,75546.83,0.0,5.3334121251601365,0,1,861,Crypto,Region_30,2
34.34252183590663,11.0,68.6777086439713,9,7,27.55535480389946,2,10,1,10,4.0,19,62080.92,63.82,33.777314601095014,5,5,2001,Bank Transfer,Region_38,2
19.49893268338918,2.0,33.921415636478095,2,15,20.779957307335568,2,7,1,5,3.0,30,66545.37,76.67,22.49427012074056,1,2,823,Bank Transfer,Region_25,1
55.39922253311819,9.0,101.28846692924428,8,14,79.97186005596127,9,30,2,0,1.0,55,54795.51,101.54,18.81340572227697,3,4,1592,Bank Transfer,Region_36,2
18.4221256274822,2.0,36.81225464359008,2,7,20.736885025099287,1,61,1,20,1.0,45,58156.42,51.14,20.716328417394916,2,2,715,Credit Card,Region_14,0
10.350304681284491,1.0,12.027757229318485,3,6,70.2070060936257,10,11,1,0,1.0,24,57644.58,0.0,52.34313920277452,8,1,485,Credit Card,Region_34,0
17.517229254910276,1.0,32.29095345379401,1,9,70.3503445850982,0,10,2,5,1.0,22,40946.66,263.19,9.838769320145165,1,3,723,Bank Transfer,Region_22,0
12.799318453220817,,29.399354164504825,3,9,70.25598636906442,10,16,1,0,5.0,28,35739.78,0.0,4.377918849158278,0,4,1353,Credit Card,Region_01,0
11.591657856929492,2.0,17.89894005865235,4,12,70.46366631427718,1,26,0,10,1.0,30,33157.9,116.15,16.846704718630274,1,2,1927,Crypto,Region_23,0
22.543489449930565,4.0,44.74061172116916,4,12,71.80347915599444,0,76,0,10,1.0,45,65813.79,30.97,7.382592590194248,1,1,1669,PayPal,Region_26,1
60.25855450881569,14.0,108.60120615156384,11,17,36.872395262468395,10,99,0,20,2.0,31,49113.61,90.32,10.857397012166851,1,6,661,PayPal,Region_21,2
13.876976871583548,2.0,21.606035158182017,3,13,20.555079074863343,1,12,3,0,1.0,47,83241.04,0.0,46.415004008129394,4,7,1867,PayPal,Region_05,0
60.966843734263826,7.0,109.25777596760281,5,21,28.535358122796936,8,85,0,0,1.0,46,23978.33,120.01,16.605796195367432,0,6,1297,Crypto,Region_06,1
31.788676542402385,7.0,54.58897815589313,7,3,24.450414715936333,1,43,6,0,1.0,48,42833.46,0.0,27.22373349922683,3,2,1087,Credit Card,Region_20,2
54.99491249218567,7.0,94.54927227711988,6,25,27.699287748905995,9,57,1,0,1.0,38,46259.76,81.52,6.6678999024274805,1,2,512,Bank Transfer,Region_36,2
36.173239172560876,9.0,63.84010664834404,9,6,76.51118305106095,0,87,2,15,2.0,26,67256.32,6.08,25.69886730757726,4,5,1295,Credit Card,Region_21,2
8.604498993116215,3.0,15.830229749539797,4,17,20.516269939586973,8,29,1,0,3.0,27,54585.62,0.0,12.498302319902562,2,4,1344,PayPal,Region_35,0
44.507296640762554,8.0,79.28286204062826,7,6,77.12116746252201,8,12,1,0,4.0,18,54301.04,0.0,17.160189021089504,2,2,258,Credit Card,Region_14,2
25.918085108361655,5.0,45.32568528940678,5,10,72.59180851083616,1,7,6,0,2.0,37,29235.54,281.41,6.213235541245087,0,4,1384,PayPal,Region_40,1
39.14487166975388,2.0,71.590748420385,2,11,71.56579486679016,8,68,1,10,2.0,23,70042.56,136.47,26.01469762699773,0,0,1410,PayPal,Region_25,0
11.317403500601676,,23.028356175988257,2,21,20.452696140024067,2,63,0,20,1.0,22,53230.58,0.0,15.875006494502456,1,5,739,Credit Card,Region_17,0
15.61026183932185,8.0,22.37799514658063,7,10,72.49764189429149,2,51,1,10,1.0,29,84583.48,0.0,40.209701175480596,6,1,1718,Credit Card,Region_39,1
13.588234214290207,2.0,23.196842238819332,3,19,70.54352936857161,2,5,3,15,2.0,41,21688.8,63.36,18.94550698663,0,4,624,PayPal,Region_03,0
10.698932658833426,9.0,9.390374235930922,7,15,21.925807878590017,1,70,0,0,4.0,25,53023.91,0.0,71.34031099883319,11,2,1331,Crypto,Region_39,1
23.646551419737182,11.0,41.75287576035591,9,19,75.20224131234218,0,53,7,10,2.0,48,46146.77,0.0,45.927389442431036,2,1,361,Crypto,Region_10,1
12.260835944844628,1.0,22.822149931078435,2,4,20.24521671889689,1,21,1,0,1.0,48,35534.4,12.9,55.29154733454392,6,2,1182,PayPal,Region_06,0
16.740654347863018,1.0,32.98207788698062,5,14,20.33481308695726,9,62,2,5,4.0,33,42879.91,300.9,14.966315099442212,0,3,1407,Bank Transfer,Region_12,0
36.21411282028227,5.0,65.9559271089896,5,0,23.621411282028227,8,93,0,10,,54,70139.06,0.0,12.72637100594676,0,2,590,Credit Card,Region_37,1
9.95995100529095,4.0,20.668790029794952,4,13,20.796796080423277,2,78,0,0,1.0,40,56709.19,59.87,40.69365568201035,7,1,1962,Bank Transfer,Region_28,0
11.470223242859875,3.0,20.97252674549416,3,18,70.68821339457159,1,36,5,10,2.0,27,55065.3,157.11,7.884597422395266,1,2,68,Crypto,Region_36,0
8.967004445712561,2.0,12.763016111370241,4,21,20.358680177828504,1,55,0,20,2.0,23,51733.77,25.97,50.380969174608815,2,1,2010,PayPal,Region_01,0
7.758391083337851,2.0,8.385428108059635,4,18,70.31033564333352,8,40,0,20,5.0,45,73634.03,0.0,1.6765393067811267,0,2,827,Crypto,Region_38,0
50.600320575232494,9.0,89.76556349897584,10,12,79.10805770354185,1,59,0,0,3.0,42,45729.54,0.0,32.710007600449416,3,5,1727,Credit Card,Region_31,2
7.319673920208244,2.0,9.344032039340055,3,17,70.29278695680833,2,19,0,0,1.0,33,51552.98,0.0,3.487666659333287,0,3,1591,PayPal,Region_17,0
20.78328878042624,2.0,36.81132423161238,4,23,20.83133155121705,8,94,0,10,2.0,29,56711.52,219.86,59.8629973934341,8,2,1025,Credit Card,Region_22,1
8.181949243391244,1.0,12.268123620667092,1,15,70.16363898486783,0,68,1,15,2.0,59,45065.96,0.0,56.16230625895587,7,3,1807,PayPal,Region_34,0
15.178398633159597,1.0,29.416522602507516,2,17,20.303567972663192,2,44,0,5,1.0,41,63741.81,0.0,36.0908575807616,2,2,1273,PayPal,Region_34,0
50.42928408153553,7.0,91.01748646905013,5,12,77.06009977141497,9,57,2,20,1.0,45,37469.18,0.0,47.09615831930486,2,5,759,Crypto,Region_29,1
14.575831886648364,5.0,28.473969077253297,5,17,71.45758318866484,9,75,0,5,1.0,23,50223.0,162.85,12.394832728917528,1,5,1316,Bank Transfer,Region_22,1
5.8054237322312146,2.0,12.661686334388992,3,20,20.23221694928925,10,36,2,0,2.0,61,32177.1,19.65,22.938205339581284,3,0,1067,Bank Transfer,Region_35,0
11.588871055798307,1.0,19.961602681854803,2,10,20.231777421115964,10,93,1,0,1.0,41,27872.87,0.0,43.418757038454096,7,1,543,PayPal,Region_38,0
12.259229947532537,2.0,21.474932180951967,2,17,70.4903691979013,8,38,3,15,2.0,41,67508.24,16.79,92.72646234757687,13,3,205,Bank Transfer,Region_16,0
13.296006443107895,1.0,26.44083403920102,3,16,20.26592012886216,2,2,2,0,1.0,27,60717.35,0.0,6.759069533306625,0,4,688,Credit Card,Region_31,0
20.52147284720293,5.0,49.1683457783359,3,14,22.05214728472029,10,76,3,0,1.0,30,75979.22,0.0,26.020649144681474,4,3,1312,Credit Card,Region_35,1
11.242983896687422,2.0,15.291715279359448,3,13,20.449719355867497,2,74,1,15,5.0,29,73377.9,251.12,2.962465639814177,0,0,1365,Bank Transfer,Region_10,0
14.111698923011636,1.0,25.609815501368242,2,18,20.282233978460233,2,73,3,0,2.0,38,38236.74,131.58,61.67574533274156,11,5,1555,PayPal,Region_06,0
18.470453681351987,1.0,27.26827489031338,1,6,20.36940907362704,9,93,0,15,2.0,38,25443.37,33.09,21.178387935564704,1,4,723,PayPal,Region_19,0
20.4499511119587,8.0,36.7053502537361,7,10,23.271992177913393,8,72,0,5,1.0,31,42415.01,0.0,26.39362428169449,5,4,62,Crypto,Region_12,2
38.56805041936588,9.0,66.05218623658672,8,11,76.94224907548586,9,93,1,10,1.0,27,61284.59,0.0,4.031244877703432,0,6,997,Crypto,Region_27,2
13.270234472784216,3.0,23.286889995750787,4,18,70.79621406836705,10,92,2,20,1.0,35,57357.26,0.0,6.753020656417455,0,4,1669,PayPal,Region_33,0
16.993137025370768,4.0,31.364198315406675,6,6,71.35945096202965,1,37,0,20,1.0,44,53100.47,0.0,31.203179251125494,1,4,306,Crypto,Region_26,1
24.3484417272549,1.0,41.380239546939016,3,11,70.4869688345451,10,45,5,0,2.0,25,55922.51,247.32,77.39957126300776,10,3,854,Credit Card,Region_37,0
9.448311496373856,3.0,8.088167312536028,5,11,20.56689868978243,0,48,0,20,1.0,35,36524.48,175.95,18.565738880300717,1,5,802,PayPal,Region_24,0
24.13065261819151,4.0,50.56285309850876,6,10,21.93045220945532,9,33,1,10,1.0,41,69524.19,0.0,60.86289997613677,1,2,479,PayPal,Region_31,1
55.83544254098328,10.0,104.70018147276645,9,18,81.16708850819666,8,25,3,0,1.0,30,75630.98,31.9,55.527932973249335,8,2,398,PayPal,Region_02,2
35.28599293480377,14.0,62.86199113809247,10,3,79.88007802174505,9,1,5,20,1.0,21,74998.0,0.0,30.009830030727784,0,3,1037,PayPal,Region_22,2
5.82041043583666,1.0,6.00307379345318,1,22,70.11640820871673,1,55,1,0,2.0,35,29548.19,122.86,15.265985292715968,0,3,65,Bank Transfer,Region_18,0
10.262928103521787,1.0,18.898393537754355,3,16,20.205258562070437,1,99,1,15,3.0,30,56064.96,0.0,36.904307385185916,6,0,1035,Crypto,Region_20,0
37.031771092652356,5.0,68.46213209198129,5,6,73.70317710926524,1,6,0,10,5.0,29,75984.76,100.4,40.8725711557502,4,3,83,Bank Transfer,Region_18,1
10.646614446674727,2.0,23.013965082812554,4,12,70.42586457786699,1,35,0,0,1.0,33,86660.24,116.31,58.45800432716373,7,2,1878,Credit Card,Region_29,0
8.683513947547691,2.0,19.941435927589772,2,22,20.34734055790191,0,39,6,0,2.0,26,73982.95,7.47,25.704686670022976,5,5,203,Crypto,Region_25,0
17.641761145952877,1.0,37.00855158927441,2,13,70.35283522291905,2,77,0,5,1.0,34,55616.16,47.96,38.711582505610686,7,1,991,Credit Card,Region_11,0
21.492199204343777,5.0,29.981660120343903,4,5,22.149219920434376,10,90,0,5,2.0,45,74070.36,0.0,15.920218846082774,1,1,1589,Crypto,Region_36,1
9.933726400096909,2.0,16.357491450068714,3,10,20.397349056003875,1,25,1,20,2.0,32,64724.26,230.76,11.081195272249122,1,5,1966,Credit Card,Region_12,0
12.933003251773263,2.0,28.244909956250012,2,16,20.51732013007093,0,83,0,15,1.0,42,57922.44,108.42,17.341849996030007,0,4,1899,Credit Card,Region_08,0
60.84320126942773,7.0,104.8996037717801,6,23,28.518048177719884,9,98,0,5,2.0,25,44583.14,105.76,36.831974980204876,3,2,1825,Credit Card,Region_28,2
31.585097545443894,4.0,62.949513467707376,4,11,72.5268078036355,1,74,0,0,2.0,41,55847.19,193.39,44.629578359814076,2,1,599,Crypto,Region_03,0
16.960624354870664,5.0,39.58101191445857,4,10,71.69606243548706,9,89,0,10,1.0,42,48243.2,41.88,41.44007979511292,6,9,679,Credit Card,Region_33,0
19.37407799118485,2.0,40.829611981428535,6,15,20.774963119647396,9,98,5,5,2.0,44,44200.58,5.09,41.243289413511626,2,2,382,PayPal,Region_40,0
9.950407652232391,2.0,21.218685809534378,4,12,20.398016306089296,8,68,0,0,1.0,41,71863.1,0.0,17.533197300444964,0,3,1883,Bank Transfer,Region_11,0
8.082108226430432,1.0,12.310263670760534,3,10,20.161642164528608,0,15,1,15,3.0,23,64306.43,0.0,25.82292227967922,3,3,1442,PayPal,Region_20,0
12.490052654330919,3.0,23.890268796535015,3,20,70.74940315925986,0,74,0,15,2.0,51,31140.79,111.71,67.51344209666729,2,7,1136,Credit Card,Region_30,0
25.607056706650123,4.0,39.36222882836711,4,12,22.04856453653201,1,96,2,15,1.0,45,45663.59,66.98,25.689305502984944,1,4,2011,Credit Card,Region_28,1
7.913695795571982,,10.339099109070787,5,10,70.7913695795572,1,8,0,0,5.0,55,54600.23,15.64,28.033407778042502,0,3,498,Credit Card,Region_32,0
41.674198155773055,10.0,71.45953926783415,11,12,78.33483963115461,1,21,1,5,1.0,27,26693.84,54.2,5.308481323566299,0,3,450,Bank Transfer,Region_15,2
14.292387325972928,3.0,26.036160056581007,3,12,70.85754323955838,0,4,2,5,5.0,64,60159.52,0.0,5.668720033825584,0,6,336,PayPal,Region_16,0
14.07158277943404,3.0,23.367962675839816,3,10,20.844294966766043,9,83,0,20,1.0,43,70017.6,0.83,23.40419424952171,3,1,1669,Bank Transfer,Region_05,0
14.905274466530898,3.0,28.137493822855937,3,13,20.894316467991853,9,42,2,20,1.0,32,53346.05,0.0,13.957009890686322,0,6,54,Bank Transfer,Region_04,0
13.686170795840374,2.0,29.024241556898964,3,8,20.547446831833614,1,97,0,0,3.0,26,50901.94,83.03,17.79112790180001,2,1,789,Credit Card,Region_27,0
20.029306705882142,4.0,32.50411435623155,6,15,21.60234453647057,9,29,0,50,4.0,31,27347.39,0.0,5.152581441560606,0,5,1153,Crypto,Region_04,1
9.918877397718065,2.0,18.59698478057777,4,14,70.39675509590872,1,73,0,15,1.0,33,37382.48,34.84,12.356188046972118,1,2,373,Crypto,Region_17,0
7.5414874779249095,1.0,11.494832511175154,1,6,20.150829749558497,10,31,0,0,3.0,30,72833.09,59.23,38.74305863198204,2,3,1541,Credit Card,Region_14,0
50.09443958850673,7.0,91.12080372759802,6,12,27.013221542390944,2,87,1,10,1.0,32,50460.53,96.16,31.186981481020187,4,4,1794,Crypto,Region_01,1
44.9423315068063,13.0,84.32705970331044,12,9,81.68500619176965,9,16,0,0,3.0,41,93956.9,345.89,16.046343900207994,2,3,1427,Credit Card,Region_09,2
22.422362296496626,,44.966431087904986,9,0,73.58757796743946,10,66,0,20,2.0,36,46077.61,64.96,42.611717931289284,7,5,948,Bank Transfer,Region_31,1
8.40211254278642,2.0,18.475323173480746,3,13,20.336084501711458,0,25,0,0,3.0,24,46842.28,0.0,28.357877060002046,0,6,907,PayPal,Region_12,0
79.38132673476531,4.0,144.95631626722252,6,39,76.35050613878123,10,11,4,15,1.0,19,48337.94,368.72,58.822988683338075,9,5,425,Credit Card,Region_08,1
7.9301249100939515,2.0,7.173158473071466,1,14,70.31720499640376,8,36,0,0,4.0,24,82692.79,93.72,10.968531291325295,0,0,1408,Bank Transfer,Region_35,0
10.262134199491758,5.0,13.065511911355717,4,17,71.02621341994917,10,41,1,20,1.0,36,64923.01,82.24,55.63066718826241,9,2,1897,Crypto,Region_39,0
14.387139748220953,,21.77596014779526,1,12,70.28774279496442,10,56,1,10,1.0,39,40156.21,0.0,51.17691564823669,8,1,1737,Credit Card,Region_23,0
15.48830443145684,1.0,29.672049010659933,3,9,20.309766088629136,10,11,1,15,5.0,21,47033.86,25.26,23.755969338342897,1,4,252,PayPal,Region_01,0
17.870884460277004,2.0,25.712567466545913,3,7,70.71483537841108,0,45,3,5,1.0,30,38907.23,629.8,8.098596256867099,0,4,437,PayPal,Region_01,0
25.10440686676294,1.0,46.87554400101258,2,3,70.50208813733526,0,96,0,0,2.0,58,86740.53,137.08,37.2220154299398,1,3,409,PayPal,Region_14,0
30.037994455012633,3.0,55.39073630468599,5,14,71.80227966730075,8,26,0,5,2.0,34,65879.99,0.0,32.63479530339013,1,6,1047,Bank Transfer,Region_39,1
7.985182845389083,2.0,4.694883594101926,2,18,20.319407313815564,1,77,0,0,,37,53236.26,0.0,27.12628407919995,5,1,1322,Crypto,Region_39,0
10.992595941622646,3.0,14.348658586083005,4,12,20.659555756497358,9,6,0,5,1.0,49,66976.5,114.82,21.782467074797655,1,3,653,PayPal,Region_32,0
13.778824387678497,4.0,30.021261772105042,3,2,21.10230595101428,0,37,0,5,,23,53753.17,114.18,72.3324083288774,0,1,571,Credit Card,Region_37,0
102.23666968573144,15.0,187.51305117629116,13,64,100.0,9,47,2,0,3.0,45,50348.27,25.04,29.296572907952832,1,1,904,Credit Card,Region_28,2
6.964862104105714,1.0,8.284781801415615,3,10,70.13929724208211,8,41,0,50,1.0,27,20038.82,0.0,22.292305761946228,0,1,1180,Bank Transfer,Region_36,0
19.70811740895397,1.0,30.3003064090449,3,11,20.39416234817908,10,26,0,0,1.0,39,58980.5,62.6,17.002291521797748,3,1,1625,Crypto,Region_33,0
26.36311167018144,6.0,35.201867580933694,6,2,23.16357340042177,8,9,0,20,2.0,21,76180.85,120.92,50.34327010205928,6,3,1483,Crypto,Region_27,1
34.299549298213634,6.0,69.09567717539112,5,10,24.115945915785638,9,41,0,15,2.0,30,43094.1,42.7,15.6801158291277,1,4,736,PayPal,Region_33,1
116.95476151847217,3.0,21.25712891548022,2,12,70.70172856911083,9,57,0,95,2.0,37,26223.35,0.0,58.76946829833456,1,2,1530,PayPal,Region_03,0
17.514462145378292,6.0,40.94465213840693,6,0,72.1017354574454,8,40,0,0,3.0,27,45007.99,132.86,20.858855138985934,1,1,555,Credit Card,Region_20,1
33.12701497070076,6.0,58.67027151240009,6,18,73.97524179648408,1,8,3,0,2.0,44,49039.07,0.0,38.34631417180939,5,6,970,Crypto,Region_35,1
31.873419273913118,6.0,58.78510118749154,8,8,73.82481031286957,9,97,4,0,,18,37051.19,0.0,47.99671506744364,8,6,1580,Credit Card,Region_37,1
17.97214009386711,1.0,36.80634452610378,2,10,20.359442801877343,2,45,0,5,3.0,49,46891.47,0.0,61.62329806910651,10,4,1119,Crypto,Region_14,0
24.402318440745017,7.0,52.11838662424559,7,12,73.4163245817043,10,92,2,0,1.0,36,37959.36,0.0,15.709596089153377,2,2,416,PayPal,Region_11,1
9.583771417607233,4.0,19.75589684411514,5,13,70.76670171340858,2,81,2,5,5.0,46,54607.31,32.07,27.582076483667116,2,3,1289,Bank Transfer,Region_02,0
6.530511049321634,3.0,11.766955978470405,5,17,20.391830662959297,9,53,1,15,2.0,20,58102.57,0.0,26.284638035997716,2,2,1245,Bank Transfer,Region_04,0
16.907364686248187,1.0,30.573044740823555,2,5,70.33814729372496,0,92,2,15,1.0,20,52234.45,161.86,48.62034128043834,1,3,942,Bank Transfer,Region_10,0
14.433556281519683,3.0,20.751223295700754,3,11,20.866013376891182,8,93,4,0,1.0,47,52219.76,4.88,8.571006313463021,0,4,1962,Crypto,Region_07,0
8.27870824239964,2.0,12.992260501991097,2,5,70.33114832969599,1,58,1,50,1.0,53,66512.08,29.77,18.715455043010188,3,3,657,PayPal,Region_19,0
19.778006365225007,5.0,35.85650888048046,4,9,71.9778006365225,2,12,1,0,4.0,39,59367.9,155.67,27.99926428672078,4,0,1148,Crypto,Region_07,1
10.10768954455739,4.0,25.103310555712113,6,21,20.808615163564593,2,85,0,10,3.0,37,45128.19,0.0,18.634590608492104,0,2,1146,PayPal,Region_27,0
6.731555371997688,2.0,9.966583702189125,3,7,70.2692622148799,0,15,1,0,1.0,44,58937.67,0.0,29.939033210972976,3,5,52,PayPal,Region_34,0
8.783957455596369,2.0,21.124396647442392,3,12,70.35135829822386,9,44,2,10,2.0,33,72728.15,18.06,48.55881885107966,1,2,1825,Bank Transfer,Region_05,0
7.740512170235748,4.0,13.523731850105051,5,4,70.61924097361886,0,31,2,5,4.0,28,39013.38,160.58,22.706677569205198,3,4,698,PayPal,Region_40,0
37.902171093812214,8.0,74.44170076677419,7,10,26.064347375009955,1,39,1,0,3.0,38,30586.05,126.35,25.808607082491726,0,5,1962,PayPal,Region_30,2
9.065907963790696,2.0,19.702246804688013,3,16,70.36263631855162,9,89,0,10,2.0,29,60012.68,82.83,15.5715756993102,1,1,1035,PayPal,Region_40,0
6.354721193276603,1.0,14.484474962154648,1,17,20.127094423865532,2,94,3,0,1.0,37,75910.85,0.0,31.97220743402741,4,2,416,PayPal,Region_26,0
27.35874145454049,,54.13986791815052,4,7,20.54717482909081,2,43,0,10,4.0,39,26611.51,208.17,2.4909035665840005,0,3,1233,Credit Card,Region_09,0
20.105960078138327,2.0,40.35652769707879,2,0,20.804238403125535,8,82,1,5,,33,74989.27,32.76,20.01193754047369,2,0,719,Bank Transfer,Region_35,0
8.920858901765714,2.0,21.376613001697407,2,8,20.356834356070628,1,97,0,15,1.0,42,57594.69,0.0,18.12280610141189,3,10,1272,Credit Card,Region_06,0
27.3568938835465,3.0,59.90122878658653,4,16,71.64141363301279,2,46,0,0,2.0,38,66652.77,265.93,43.848470632808265,6,2,1418,Crypto,Region_25,1
52.82507778098171,12.0,103.16961356251171,12,19,32.67801866743561,0,69,1,0,1.0,26,29876.31,0.0,16.336780154895003,1,3,169,Bank Transfer,Region_10,2
19.617741628075656,2.0,37.644056101360995,2,10,20.784709665123025,2,59,1,20,2.0,22,57281.75,21.47,50.96501785493124,3,4,1708,Bank Transfer,Region_19,0
17.682191255776704,3.0,29.6192099668798,4,12,21.060931475346603,0,34,0,5,1.0,37,65799.88,12.64,28.059297231876535,1,3,893,PayPal,Region_35,1
37.97175954585918,4.0,70.18125613100065,4,5,23.037740763668733,0,74,2,15,4.0,45,75071.13,31.07,52.16567873614078,5,1,323,Credit Card,Region_39,1
19.70431955219125,6.0,25.836796565651643,6,17,22.36451834626295,10,59,0,50,4.0,25,49795.45,84.13,47.955359273326906,0,2,1263,Crypto,Region_26,1
7.139587762445784,6.0,16.996191034907532,7,11,70.85675053149349,10,36,0,5,1.0,18,62064.14,0.0,15.959658085929968,0,5,1096,PayPal,Region_35,0
16.27539769475617,,23.99554987769305,1,14,70.65101590779025,10,21,0,0,3.0,33,53439.01,0.0,25.11046735076944,1,4,840,Crypto,Region_03,0
20.4156827885906,1.0,42.360635399335614,1,4,70.4083136557718,9,12,1,15,2.0,34,41802.79,0.0,10.904142119333649,1,2,1415,Crypto,Region_05,0
69.07297741710013,6.0,134.23280451923384,7,24,78.28875729005202,9,15,0,20,3.0,30,57520.86,75.7,24.825674079470133,4,1,844,Credit Card,Region_09,1
15.181990562406227,8.0,20.072911298906664,7,18,72.429118489985,2,89,0,0,1.0,41,49446.53,303.5,25.284813445514114,3,7,1273,Bank Transfer,Region_29,1
16.112057005260873,5.0,28.750180628431636,5,7,71.61120570052609,2,85,1,10,2.0,36,46413.83,0.0,49.45217342458769,1,2,944,Crypto,Region_34,0
10.340616627765444,2.0,13.291045666640645,4,17,70.41362466511062,0,59,0,15,1.0,32,38071.93,111.07,24.634942758300227,2,3,1770,Bank Transfer,Region_20,0
61.150832995647306,9.0,101.42994957248268,7,14,31.007149939216514,9,41,0,0,1.0,32,44565.14,64.41,28.70915486453212,2,2,526,Crypto,Region_16,2
13.623608126904179,6.0,23.990886372408138,7,8,71.6348329752285,2,12,0,5,1.0,52,55416.69,0.0,21.18959132456855,0,2,212,Credit Card,Region_33,1
26.974503086674673,12.0,51.72994074150715,11,10,76.47388074080192,9,86,7,10,,32,59501.38,91.17,21.78430664357725,1,2,496,Bank Transfer,Region_40,2
17.987014317434173,1.0,36.14862791797673,2,16,20.359740286348682,1,62,4,10,1.0,40,51633.02,141.19,7.141369556639951,0,2,1144,Credit Card,Region_22,1
12.573426994580737,5.0,23.40179765307205,5,11,71.25734269945808,0,31,4,0,2.0,25,30998.26,0.0,38.11782938556154,1,9,947,Bank Transfer,Region_15,0
9.426901780321943,3.0,8.647262921511683,5,17,20.565614106819318,10,22,0,0,1.0,63,59181.1,120.99,12.337570853976217,1,4,468,Crypto,Region_36,0
31.932418177243115,4.0,58.09524653130413,4,15,22.55459345417945,9,42,0,0,1.0,47,72042.68,132.91,26.512657148442266,1,4,423,Crypto,Region_22,1
18.370715490091925,4.0,25.60454780093778,5,7,71.46965723920735,2,31,0,0,3.0,28,47394.95,0.0,10.812405957236635,2,3,744,Bank Transfer,Region_34,0
15.484368272471391,1.0,20.73692160015919,4,4,20.309687365449427,0,27,2,0,1.0,30,23109.2,0.0,37.784645734350306,4,4,500,PayPal,Region_25,0
46.87643306442599,4.0,79.39348007468399,5,11,23.750114645154078,8,32,7,5,1.0,27,54196.8,128.95,28.05746082260989,3,3,1597,Credit Card,Region_28,1
14.387081009500887,1.0,31.145801773993696,2,18,70.28774162019002,0,25,1,0,4.0,21,37718.07,0.0,44.252145680426544,3,3,53,Crypto,Region_34,0
15.078069179144851,9.0,29.866801250868452,10,8,22.714052452246072,1,93,1,0,1.0,33,72030.32,0.0,18.405848649940552,1,2,1404,Credit Card,Region_21,1
21.017398725066737,4.0,39.44427119453313,5,15,21.681391898005337,0,80,0,0,3.0,33,66380.3,21.16,16.22511025860304,1,2,1560,Credit Card,Region_27,0
35.090747992113464,13.0,58.850275481620066,12,8,79.1235944779495,10,41,2,15,2.0,48,79355.5,0.0,46.77512805555674,0,4,1676,Bank Transfer,Region_01,2
17.534447941696857,2.0,29.62312937729738,2,20,70.70137791766787,10,28,1,20,4.0,42,64728.96,37.56,19.987300304594438,3,2,1400,Bank Transfer,Region_29,0
22.86240107200593,3.0,34.301709398825366,5,21,21.371744064320357,9,1,2,0,2.0,41,96904.24,0.0,4.531517427866573,0,8,159,PayPal,Region_32,0
29.44944911918227,5.0,59.830515048988566,4,15,22.944944911918228,9,33,1,0,1.0,46,84209.31,219.05,41.52115303915953,4,2,1616,Bank Transfer,Region_13,1
6.696175046086462,4.0,23.03940512080709,5,7,70.53569400368691,2,37,0,15,1.0,34,65180.99,221.34,32.33029612843241,1,4,1291,PayPal,Region_13,0
16.991532528245237,3.0,33.36775062120706,3,0,21.019491951694715,2,11,0,15,3.0,37,66940.46,154.2,14.576729319183142,0,3,812,Bank Transfer,Region_36,1
41.64152167862658,6.0,78.61351007657964,8,11,74.99698260143519,0,51,0,10,3.0,25,78993.53,0.0,8.40882498381799,0,1,1329,Bank Transfer,Region_13,1
11.385617382335342,1.0,19.69931059214677,2,17,20.22771234764671,10,20,1,10,1.0,40,68711.72,0.0,35.8327672044572,5,1,1629,Bank Transfer,Region_05,0
12.576492715827055,1.0,14.540425070196878,1,15,70.25152985431654,0,90,0,0,5.0,26,44468.6,202.78,14.96744498231184,2,1,1154,PayPal,Region_10,0
16.502795098439968,6.0,25.48520722405598,6,8,21.980335411812796,10,39,0,20,4.0,22,47770.32,62.94,7.184550186519929,1,4,1456,Crypto,Region_14,0
16.09532963028487,2.0,26.644670589845234,3,4,70.6438131852114,0,66,0,15,1.0,37,50965.03,0.0,35.707155211821025,3,3,1074,Bank Transfer,Region_17,0
49.97485230249008,20.0,88.02845409191838,15,18,39.989940920996034,9,48,2,0,1.0,28,63258.51,228.23,7.3382039416445695,1,1,376,PayPal,Region_02,2
22.56799272886506,7.0,37.54541876910569,6,19,23.15951898204111,9,25,0,10,1.0,37,68626.96,0.0,10.006750800545445,1,0,1874,Credit Card,Region_34,1
21.64842322856878,4.0,39.205928354281646,5,7,21.731873858285503,8,51,2,0,4.0,30,52338.38,0.0,22.952542536612512,1,3,1362,PayPal,Region_16,1
34.57599067665226,4.0,57.98593777531399,6,14,22.76607925413218,8,61,0,5,2.0,28,38627.72,0.0,15.014398286421333,1,1,382,Crypto,Region_25,1
15.20201237873929,5.0,38.20224288482886,3,25,71.52020123787393,8,68,0,0,4.0,49,50590.25,8.58,54.41061155469142,4,3,1822,Credit Card,Region_07,0
40.32937048860368,13.0,65.76599680450536,10,10,80.48563632703696,2,60,2,0,1.0,42,45720.24,43.69,40.885705437803146,3,1,1413,Bank Transfer,Region_34,2
37.82025952048027,5.0,72.51301485697725,5,9,73.78202595204803,9,83,1,10,5.0,29,77978.85,44.44,39.78208955704815,5,5,508,Crypto,Region_22,1
23.298438797976885,6.0,40.627916285548956,5,13,72.79581265575723,0,45,0,20,2.0,50,50443.57,126.13,8.317948307361934,1,4,1796,Credit Card,Region_26,1
17.449921154408855,8.0,33.72384855424518,8,10,22.791987384705415,0,71,3,0,1.0,26,39041.78,113.08,58.059546018028364,10,3,1861,PayPal,Region_20,1
8.992687260430031,1.0,18.72741140466218,4,21,20.1798537452086,8,91,6,20,2.0,29,45037.98,450.29,7.497231225973988,0,6,702,Credit Card,Region_01,0
16.585082810390077,4.0,30.638365209305416,4,9,21.326806624831207,2,28,1,0,3.0,26,69954.99,0.0,5.137232332149971,0,4,138,Crypto,Region_09,1
10.924806108937878,1.0,13.99779725809006,4,13,70.21849612217876,2,49,1,10,1.0,29,51027.33,0.0,26.346754110338626,2,2,1329,Crypto,Region_22,0
19.955199008890425,2.0,34.259159464152305,1,3,20.79820796035562,8,1,0,50,2.0,38,76315.61,42.42,34.067477293106485,0,1,918,Bank Transfer,Region_31,0
88.28295206134212,4.0,16.736407732038295,5,13,70.70626361649073,0,63,2,95,2.0,49,65184.9,18.28,49.74532104110977,0,2,1043,Credit Card,Region_17,0
48.20150788108875,16.0,87.29488336238035,12,8,85.4244825219484,2,65,0,0,2.0,33,43430.12,0.0,53.54657618189083,1,2,1895,PayPal,Region_02,2
18.86530011308468,4.0,28.841880329642294,5,12,71.50922400904678,10,42,3,5,,33,36302.66,187.0,17.502258633674412,2,3,1726,Credit Card,Region_16,1
22.106603913279436,8.0,46.24794933911082,5,2,23.53705662612471,10,86,1,10,,46,31511.63,244.86,44.58592144255363,3,1,634,Bank Transfer,Region_10,1
13.40976959018357,4.0,11.669718132742021,3,17,71.07278156721469,1,9,0,20,5.0,61,102439.88,0.0,44.50587029554123,5,1,992,PayPal,Region_10,1
11.153849760759075,4.0,18.826305130543144,5,9,20.892307980860725,10,52,0,10,2.0,26,37169.8,0.0,13.877304808707,0,2,1063,PayPal,Region_25,0
41.36842249288347,13.0,69.85656671126216,10,20,80.7557898481497,8,91,0,15,3.0,20,57823.43,226.99,39.7493050022796,7,5,639,PayPal,Region_35,2
15.121463790618263,3.0,28.129461904908833,3,19,70.9072878274371,0,82,0,5,1.0,26,49927.34,0.0,38.38841743858491,7,4,865,Bank Transfer,Region_15,0
13.320608740439207,1.0,29.060725012812703,4,15,20.266412174808785,1,27,4,0,1.0,37,32187.07,48.46,1.8940831125689739,0,3,1262,Crypto,Region_19,0
7.543174766905602,1.0,6.542869524544692,2,7,20.15086349533811,9,94,0,5,4.0,42,77862.11,2.21,25.407560216905097,1,1,379,Bank Transfer,Region_04,0
37.85182887041345,6.0,79.90131812818643,7,7,24.542219464449616,0,1,0,10,1.0,43,64740.51,0.0,59.82134430356625,10,3,702,Credit Card,Region_22,1
26.685523199321608,5.0,49.04318494356821,4,5,72.66855231993216,1,28,1,5,1.0,43,46413.02,0.0,9.270801370513619,0,3,955,PayPal,Region_36,1
13.188660493491161,3.0,25.64820883876143,2,8,20.791319629609468,9,51,1,15,1.0,25,30001.9,0.0,31.956420301701893,4,5,756,PayPal,Region_22,0
12.137830448281646,1.0,14.6493231301699,2,21,70.24275660896564,2,13,1,0,1.0,46,48285.96,0.0,24.991164626142563,0,1,975,PayPal,Region_19,0
19.943375261788322,4.0,35.6652395295516,3,10,21.595470020943065,0,27,0,0,2.0,31,79349.04,5.9,14.178504898592461,1,5,1627,Bank Transfer,Region_09,1
13.291449528630592,2.0,28.782983259124528,2,9,70.53165798114523,0,0,0,0,4.0,35,46677.54,0.0,17.76012741508268,3,2,1573,Crypto,Region_11,0
29.672935697065046,3.0,54.460892115810466,4,6,21.780376141823904,2,58,0,10,1.0,33,66784.76,83.04,20.00029838949215,1,3,540,PayPal,Region_08,1
22.225532118693703,7.0,40.70693568228325,6,7,23.111574496617116,0,43,0,15,1.0,21,76387.92,616.28,11.898212163529362,2,3,996,Credit Card,Region_01,2
9.820732036550387,2.0,17.418019822398755,3,16,70.39282928146201,8,79,0,10,4.0,47,62322.7,33.97,31.012911653204334,2,1,969,Bank Transfer,Region_22,0
11.001385416679325,,12.912493291705676,4,5,70.44005541666718,1,84,1,50,2.0,78,39894.62,76.88,73.19410656496346,8,6,201,PayPal,Region_02,0
27.17964213837301,5.0,42.004812493754144,4,10,22.717964213837302,9,77,0,20,4.0,32,42848.77,22.78,24.58490945143435,2,2,1815,Credit Card,Region_15,1
39.54045805885934,6.0,77.01946013915037,5,13,74.74485496706312,9,42,0,0,4.0,29,61512.28,75.45,26.180732137703,0,3,1390,Crypto,Region_29,1
8.94686931745628,,20.515798301136773,2,5,20.715749545396502,1,16,0,0,5.0,66,72251.08,20.26,17.22209468464711,1,5,1280,Credit Card,Region_15,0
36.62808373270647,7.0,71.08190658120807,6,3,75.12793172257891,8,53,0,0,1.0,43,44832.15,19.49,24.29223675604821,1,1,1807,PayPal,Region_18,2
9.924300601637531,,13.749640863924457,3,13,20.19848601203275,0,14,4,5,1.0,37,51891.63,41.35,7.575123505023582,0,1,359,Crypto,Region_10,0
8.840902497874307,,15.12578569032916,6,21,20.707272199829944,2,47,2,20,3.0,31,42504.25,280.71,16.146918445049472,1,2,444,Bank Transfer,Region_19,0
21.35157274761323,1.0,44.59183187570954,2,16,20.427031454952264,2,94,0,0,2.0,18,58797.75,107.72,32.54891033251136,1,6,535,Bank Transfer,Region_10,1
33.39215152189798,4.0,53.96259611561816,6,7,22.671372121751837,0,45,1,5,2.0,42,84710.07,0.0,12.571740570372198,0,2,558,Bank Transfer,Region_27,1
7.992197888429909,2.0,20.03536823694017,3,21,20.319687915537198,10,48,2,10,2.0,46,63460.44,101.8,17.944880204828966,3,3,1323,Bank Transfer,Region_22,0
29.111280877017943,7.0,49.467707615512836,7,8,24.075579322782513,9,35,0,0,2.0,18,37973.83,0.0,45.10265362931792,6,2,1403,PayPal,Region_30,1
6.16716411828482,1.0,6.824728910740152,2,14,70.1233432823657,1,13,2,10,1.0,33,33926.68,101.46,41.04622981533797,5,1,507,Crypto,Region_25,0
9.732441614135297,1.0,17.358813406410974,1,14,20.194648832282706,1,99,3,15,2.0,46,50841.1,252.89,22.09122698423356,1,2,1298,Bank Transfer,Region_15,0
10.67819999904908,1.0,13.63575045272936,3,17,20.21356399998098,9,90,1,0,1.0,30,63686.22,276.37,25.038497494995138,1,5,812,Crypto,Region_03,0
47.939695110210586,5.0,76.80698322589376,5,10,74.79396951102106,1,2,3,10,1.0,37,32424.4,88.3,12.522953168745998,1,6,290,PayPal,Region_09,1
10.91435699551944,2.0,20.025991025179778,4,11,70.43657427982077,9,99,0,5,2.0,24,56759.76,211.69,63.3269471485204,3,1,464,Bank Transfer,Region_34,0
5.050577588056412,,11.762368510408486,1,9,20.10101155176113,8,5,3,15,2.0,20,63699.77,48.99,17.201847596989268,2,2,1881,Bank Transfer,Region_33,0
5.476380758582119,1.0,15.933936228635588,5,17,20.109527615171643,0,90,2,0,2.0,25,33176.99,216.79,36.25061136280811,3,2,217,Crypto,Region_23,0
24.868746004725487,8.0,47.79861637436331,7,14,23.978999360756077,9,21,2,15,2.0,26,45665.58,0.0,7.528602768664519,1,6,1912,Bank Transfer,Region_10,1
